path,layer,extension,line_count,size_bytes,work_package
.gitignore,repository,none,11,119,
ATTRIBUTION.md,repository,md,41,1919,
README.md,repository,md,111,5079,
config/.env.example,configuration,example,119,5423,WP11_agent_deployment_config
config/README.md,configuration,md,96,5091,WP11_agent_deployment_config
config/connections/connection-managers.yaml,configuration,yaml,115,5721,WP11_agent_deployment_config
config/environments/dev.env.yaml,configuration,yaml,89,6085,WP11_agent_deployment_config
config/environments/prod.env.yaml,configuration,yaml,83,5921,WP11_agent_deployment_config
config/environments/test.env.yaml,configuration,yaml,82,5822,WP11_agent_deployment_config
config/estate-catalog.yaml,configuration,yaml,3212,121995,WP11_agent_deployment_config
config/landing-zone.yaml,configuration,yaml,116,5400,WP11_agent_deployment_config
deployment/README.md,deployment,md,117,5978,WP11_agent_deployment_config
deployment/deploy-all.ps1,deployment,ps1,92,3059,WP11_agent_deployment_config
deployment/deploy-all.sh,deployment,sh,88,3207,WP11_agent_deployment_config
deployment/lib/Common.ps1,deployment,ps1,92,3063,WP11_agent_deployment_config
deployment/lib/common.sh,deployment,sh,86,2936,WP11_agent_deployment_config
deployment/oracle/Deploy-Oracle.ps1,deployment,ps1,180,7653,WP11_agent_deployment_config
deployment/oracle/deploy-oracle.sh,deployment,sh,239,8930,WP11_agent_deployment_config
deployment/preflight/Preflight.ps1,deployment,ps1,114,5327,WP11_agent_deployment_config
deployment/preflight/preflight.sh,deployment,sh,110,4282,WP11_agent_deployment_config
deployment/sqlserver/Deploy-SqlServer.ps1,deployment,ps1,233,10589,WP11_agent_deployment_config
deployment/sqlserver/deploy-sqlserver.sh,deployment,sh,231,9510,WP11_agent_deployment_config
deployment/ssis/Build-SsisProject.ps1,deployment,ps1,174,8379,WP11_agent_deployment_config
deployment/ssis/Deploy-SsisCatalog.ps1,deployment,ps1,149,6092,WP11_agent_deployment_config
deployment/ssis/Deploy-SsisEnvironment.ps1,deployment,ps1,77,2917,WP11_agent_deployment_config
deployment/ssis/deploy-ssis.sh,deployment,sh,130,5457,WP11_agent_deployment_config
deployment/ssis/environments/dev_environment.sql,deployment,sql,3912,161379,WP11_agent_deployment_config
deployment/ssis/environments/prod_environment.sql,deployment,sql,3912,161879,WP11_agent_deployment_config
deployment/ssis/environments/test_environment.sql,deployment,sql,3912,161947,WP11_agent_deployment_config
deployment/ssis/render_environment_sql.py,deployment,py,265,9922,WP11_agent_deployment_config
docs/ESTATE_BUILD_CONTRACT.md,documentation,md,175,8935,
docs/architecture/legacy-architecture.md,documentation,md,263,13153,WP13_validation_docs
docs/dependency-maps/etl-dependency-map.md,documentation,md,136,6398,WP13_validation_docs
docs/domain-model/business-domains.md,documentation,md,224,11904,WP13_validation_docs
docs/inventories/artifacts.csv,documentation,csv,2164,195147,
docs/inventories/package-dependencies.csv,documentation,csv,457,29055,
docs/inventories/source-target-map.csv,documentation,csv,263,31851,
docs/inventories/sql-objects.csv,documentation,csv,807,81721,
docs/inventories/ssis-packages.csv,documentation,csv,206,40163,
docs/known-unvalidated-items.md,documentation,md,240,12702,
docs/runbooks/deployment.md,documentation,md,168,6796,WP13_validation_docs
docs/runbooks/execution.md,documentation,md,145,7439,WP13_validation_docs
generators/README.md,data-generators,md,167,7880,WP12_generators
generators/config/scales.json,data-generators,json,111,3120,WP12_generators
generators/generate.py,data-generators,py,243,10693,WP12_generators
generators/sample/Sales.Orders.fmt,data-generators,fmt,24,2099,WP12_generators
generators/sample/WWI_FIN.AP_INVOICE_HDR.ctl,data-generators,ctl,44,1964,WP12_generators
generators/sample/file.landing.partner_sales_apac.txt,data-generators,txt,12,1393,WP12_generators
generators/sample/file.landing.quarantine_rejects.dat,data-generators,dat,12,2240,WP12_generators
generators/sample/manifest.excerpt.json,data-generators,json,257,9175,WP12_generators
generators/sample/oracle.WWI_FIN.AP_INVOICE_HDR.dat,data-generators,dat,12,2752,WP12_generators
generators/sample/oracle.WWI_MDM.CUST_MASTER.dat,data-generators,dat,12,2333,WP12_generators
generators/sample/oracle.WWI_REF.FX_RATE_DAILY.dat,data-generators,dat,12,555,WP12_generators
generators/sample/sqlserver.Sales.Orders.dat,data-generators,dat,12,2113,WP12_generators
generators/sample/sqlserver.Warehouse.StockItemTransactions.dat,data-generators,dat,12,1535,WP12_generators
generators/wwigen/__init__.py,data-generators,py,11,401,WP12_generators
generators/wwigen/config.py,data-generators,py,122,4577,WP12_generators
generators/wwigen/context.py,data-generators,py,76,3256,WP12_generators
generators/wwigen/defects.py,data-generators,py,162,6931,WP12_generators
generators/wwigen/documents.py,data-generators,py,286,11398,WP12_generators
generators/wwigen/entities.py,data-generators,py,427,17721,WP12_generators
generators/wwigen/keys.py,data-generators,py,113,3684,WP12_generators
generators/wwigen/loaders/__init__.py,data-generators,py,3,129,WP12_generators
generators/wwigen/loaders/bulkinsert.py,data-generators,py,146,5701,WP12_generators
generators/wwigen/loaders/sqlloader.py,data-generators,py,107,4397,WP12_generators
generators/wwigen/manifest.py,data-generators,py,104,3544,WP12_generators
generators/wwigen/regions.py,data-generators,py,235,9983,WP12_generators
generators/wwigen/rng.py,data-generators,py,97,3354,WP12_generators
generators/wwigen/schema.py,data-generators,py,121,4156,WP12_generators
generators/wwigen/skew.py,data-generators,py,86,3315,WP12_generators
generators/wwigen/tables/__init__.py,data-generators,py,54,2009,WP12_generators
generators/wwigen/tables/file_feeds.py,data-generators,py,398,16903,WP12_generators
generators/wwigen/tables/oracle_fin.py,data-generators,py,658,30140,WP12_generators
generators/wwigen/tables/oracle_mdm.py,data-generators,py,727,31612,WP12_generators
generators/wwigen/tables/oracle_proc.py,data-generators,py,551,25038,WP12_generators
generators/wwigen/tables/oracle_ref.py,data-generators,py,376,15257,WP12_generators
generators/wwigen/tables/sqlserver_ops.py,data-generators,py,744,33854,WP12_generators
generators/wwigen/tables/sqlserver_sales.py,data-generators,py,539,22757,WP12_generators
generators/wwigen/text.py,data-generators,py,177,7400,WP12_generators
generators/wwigen/timeline.py,data-generators,py,143,5969,WP12_generators
generators/wwigen/writers.py,data-generators,py,161,5611,WP12_generators
infrastructure/README.md,infrastructure,md,51,2829,WP11_agent_deployment_config
infrastructure/backup-recovery.md,infrastructure,md,84,4347,WP11_agent_deployment_config
infrastructure/monitoring.md,infrastructure,md,94,5671,WP11_agent_deployment_config
infrastructure/network.yaml,infrastructure,yaml,146,5149,WP11_agent_deployment_config
infrastructure/servers.yaml,infrastructure,yaml,236,7847,WP11_agent_deployment_config
infrastructure/service-accounts.yaml,infrastructure,yaml,164,6784,WP11_agent_deployment_config
infrastructure/storage-layout.yaml,infrastructure,yaml,133,5443,WP11_agent_deployment_config
oracle/ddl/00_DEPLOY_ORDER.md,oracle,md,141,5605,WP01_oracle_schema
oracle/ddl/01_create_tablespaces.sql,oracle,sql,76,2769,WP01_oracle_schema
oracle/ddl/02_create_profiles.sql,oracle,sql,36,1567,WP01_oracle_schema
oracle/ddl/03_create_schemas.sql,oracle,sql,83,2648,WP01_oracle_schema
oracle/ddl/04_create_roles.sql,oracle,sql,52,1594,WP01_oracle_schema
oracle/ddl/05_grant_privileges.sql,oracle,sql,306,11502,WP01_oracle_schema
oracle/ddl/06_create_directories.sql,oracle,sql,37,1511,WP01_oracle_schema
oracle/ddl/07_create_synonyms.sql,oracle,sql,100,4431,WP01_oracle_schema
oracle/ddl/08_grant_function_execute.sql,oracle,sql,48,1962,WP01_oracle_schema
oracle/ddl/09_grant_package_execute.sql,oracle,sql,59,2313,WP01_oracle_schema
oracle/functions/WWI_FIN.FN_AGING_BUCKET.sql,oracle,sql,52,1975,WP02_oracle_logic
oracle/functions/WWI_FIN.FN_CONVERT_AMOUNT.sql,oracle,sql,131,4978,WP02_oracle_logic
oracle/functions/WWI_FIN.FN_DUE_DATE.sql,oracle,sql,92,3763,WP02_oracle_logic
oracle/functions/WWI_FIN.FN_TAX_AMOUNT.sql,oracle,sql,120,5466,WP02_oracle_logic
oracle/functions/WWI_MDM.FN_CUSTOMER_STATUS.sql,oracle,sql,110,4119,WP02_oracle_logic
oracle/functions/WWI_MDM.FN_NORMALIZE_NAME.sql,oracle,sql,102,4133,WP02_oracle_logic
oracle/functions/WWI_MDM.FN_PRODUCT_ACTIVE_FLAG.sql,oracle,sql,86,3415,WP02_oracle_logic
oracle/functions/WWI_PROC.FN_PO_OPEN_QTY.sql,oracle,sql,62,2514,WP02_oracle_logic
oracle/functions/WWI_PROC.FN_RECEIPT_VARIANCE_PCT.sql,oracle,sql,68,3077,WP02_oracle_logic
oracle/functions/WWI_REF.FN_FISCAL_PERIOD.sql,oracle,sql,86,3333,WP02_oracle_logic
oracle/functions/WWI_REF.FN_TRANSLATE_CODE.sql,oracle,sql,74,3075,WP02_oracle_logic
oracle/packages/WWI_AUDIT.PKG_DATA_QUALITY.pkb.sql,oracle,sql,167,6680,WP02_oracle_logic
oracle/packages/WWI_AUDIT.PKG_DATA_QUALITY.pks.sql,oracle,sql,57,2183,WP02_oracle_logic
oracle/packages/WWI_AUDIT.PKG_EXTRACT_CONTROL.pkb.sql,oracle,sql,321,12690,WP02_oracle_logic
oracle/packages/WWI_AUDIT.PKG_EXTRACT_CONTROL.pks.sql,oracle,sql,74,2760,WP02_oracle_logic
oracle/packages/WWI_FIN.PKG_AP_INVOICE.pkb.sql,oracle,sql,556,21500,WP02_oracle_logic
oracle/packages/WWI_FIN.PKG_AP_INVOICE.pks.sql,oracle,sql,100,3732,WP02_oracle_logic
oracle/packages/WWI_FIN.PKG_AP_PAYMENT.pkb.sql,oracle,sql,393,16418,WP02_oracle_logic
oracle/packages/WWI_FIN.PKG_AP_PAYMENT.pks.sql,oracle,sql,73,2497,WP02_oracle_logic
oracle/packages/WWI_FIN.PKG_GL_POSTING.pkb.sql,oracle,sql,432,17466,WP02_oracle_logic
oracle/packages/WWI_FIN.PKG_GL_POSTING.pks.sql,oracle,sql,88,3225,WP02_oracle_logic
oracle/packages/WWI_FIN.PKG_TAX.pkb.sql,oracle,sql,259,10658,WP02_oracle_logic
oracle/packages/WWI_FIN.PKG_TAX.pks.sql,oracle,sql,77,2855,WP02_oracle_logic
oracle/packages/WWI_MDM.PKG_CUSTOMER_MASTER.pkb.sql,oracle,sql,437,17414,WP02_oracle_logic
oracle/packages/WWI_MDM.PKG_CUSTOMER_MASTER.pks.sql,oracle,sql,89,3509,WP02_oracle_logic
oracle/packages/WWI_MDM.PKG_PRODUCT_MASTER.pkb.sql,oracle,sql,236,8815,WP02_oracle_logic
oracle/packages/WWI_MDM.PKG_PRODUCT_MASTER.pks.sql,oracle,sql,59,2182,WP02_oracle_logic
oracle/packages/WWI_MDM.PKG_SUPPLIER_MASTER.pkb.sql,oracle,sql,259,10036,WP02_oracle_logic
oracle/packages/WWI_MDM.PKG_SUPPLIER_MASTER.pks.sql,oracle,sql,72,2755,WP02_oracle_logic
oracle/packages/WWI_PROC.PKG_PURCHASE_ORDER.pkb.sql,oracle,sql,389,15393,WP02_oracle_logic
oracle/packages/WWI_PROC.PKG_PURCHASE_ORDER.pks.sql,oracle,sql,88,3498,WP02_oracle_logic
oracle/packages/WWI_PROC.PKG_RECEIPTS.pkb.sql,oracle,sql,281,11784,WP02_oracle_logic
oracle/packages/WWI_PROC.PKG_RECEIPTS.pks.sql,oracle,sql,67,2836,WP02_oracle_logic
oracle/packages/WWI_PROC.PKG_SUPPLIER_PERF.pkb.sql,oracle,sql,232,9343,WP02_oracle_logic
oracle/packages/WWI_PROC.PKG_SUPPLIER_PERF.pks.sql,oracle,sql,55,1823,WP02_oracle_logic
oracle/packages/WWI_REF.PKG_CODE_TRANSLATION.pkb.sql,oracle,sql,186,7567,WP02_oracle_logic
oracle/packages/WWI_REF.PKG_CODE_TRANSLATION.pks.sql,oracle,sql,55,2435,WP02_oracle_logic
oracle/packages/WWI_REF.PKG_FX.pkb.sql,oracle,sql,227,8732,WP02_oracle_logic
oracle/packages/WWI_REF.PKG_FX.pks.sql,oracle,sql,65,2414,WP02_oracle_logic
oracle/procedures/WWI_AUDIT.PRC_ADVANCE_WATERMARKS.sql,oracle,sql,100,4480,WP02_oracle_logic
oracle/procedures/WWI_AUDIT.PRC_PREPARE_CUSTOMER_EXTRACT.sql,oracle,sql,76,3249,WP02_oracle_logic
oracle/procedures/WWI_AUDIT.PRC_PREPARE_INVOICE_EXTRACT.sql,oracle,sql,76,3058,WP02_oracle_logic
oracle/procedures/WWI_AUDIT.PRC_PURGE_ERP_HISTORY.sql,oracle,sql,109,3824,WP02_oracle_logic
oracle/procedures/WWI_AUDIT.PRC_RUN_DQ_CHECKS.sql,oracle,sql,85,3764,WP02_oracle_logic
oracle/procedures/WWI_FIN.PRC_ACCRUE_UNINVOICED_RECEIPTS.sql,oracle,sql,160,6170,WP02_oracle_logic
oracle/procedures/WWI_FIN.PRC_BUILD_AGING_SNAPSHOT.sql,oracle,sql,206,8467,WP02_oracle_logic
oracle/procedures/WWI_FIN.PRC_CLOSE_ACCOUNTING_PERIOD.sql,oracle,sql,130,4909,WP02_oracle_logic
oracle/procedures/WWI_FIN.PRC_LOAD_AP_AGING.sql,oracle,sql,81,3229,WP02_oracle_logic
oracle/procedures/WWI_FIN.PRC_LOAD_INVOICE_INTERFACE.sql,oracle,sql,145,6440,WP02_oracle_logic
oracle/procedures/WWI_FIN.PRC_REVALUE_AP_BALANCES.sql,oracle,sql,131,5731,WP02_oracle_logic
oracle/procedures/WWI_FIN.PRC_RUN_COST_ALLOCATION.sql,oracle,sql,153,6050,WP02_oracle_logic
oracle/procedures/WWI_FIN.PRC_RUN_DUNNING.sql,oracle,sql,163,7035,WP02_oracle_logic
oracle/procedures/WWI_FIN.PRC_RUN_NIGHTLY_AP.sql,oracle,sql,113,4727,WP02_oracle_logic
oracle/procedures/WWI_FIN.PRC_RUN_PAYMENT_PROPOSAL.sql,oracle,sql,109,4179,WP02_oracle_logic
oracle/procedures/WWI_FIN.PRC_RUN_PERIOD_CLOSE.sql,oracle,sql,89,4021,WP02_oracle_logic
oracle/procedures/WWI_MDM.PRC_LOAD_CUSTOMER_INTERFACE.sql,oracle,sql,145,6340,WP02_oracle_logic
oracle/procedures/WWI_MDM.PRC_MERGE_DUPLICATE_CUSTOMERS.sql,oracle,sql,98,3947,WP02_oracle_logic
oracle/procedures/WWI_MDM.PRC_PURGE_CUSTOMER_CONSENT.sql,oracle,sql,73,2752,WP02_oracle_logic
oracle/procedures/WWI_PROC.PRC_BUILD_SUPPLIER_SCORECARD.sql,oracle,sql,85,3702,WP02_oracle_logic
oracle/procedures/WWI_PROC.PRC_CLOSE_STALE_PO.sql,oracle,sql,79,3037,WP02_oracle_logic
oracle/procedures/WWI_PROC.PRC_LOAD_ASN_INTERFACE.sql,oracle,sql,147,6099,WP02_oracle_logic
oracle/procedures/WWI_PROC.PRC_RELEASE_REQUISITIONS.sql,oracle,sql,140,5573,WP02_oracle_logic
oracle/procedures/WWI_REF.PRC_LOAD_FX_RATES.sql,oracle,sql,138,5091,WP02_oracle_logic
oracle/reference/01_region_country_geography.sql,oracle,sql,259,11162,WP01_oracle_schema
oracle/reference/02_currency_and_fx_rates.sql,oracle,sql,140,9346,WP01_oracle_schema
oracle/reference/03_city_and_postal_geography.sql,oracle,sql,172,10722,WP01_oracle_schema
oracle/reference/04_uom_language_incoterm.sql,oracle,sql,212,12579,WP01_oracle_schema
oracle/reference/05_tax_na_sales_and_use.sql,oracle,sql,150,9494,WP01_oracle_schema
oracle/reference/06_tax_eu_vat.sql,oracle,sql,162,10185,WP01_oracle_schema
oracle/reference/07_tax_apac_gst.sql,oracle,sql,140,8752,WP01_oracle_schema
oracle/reference/08_payment_terms_and_methods.sql,oracle,sql,250,15094,WP01_oracle_schema
oracle/reference/09_status_and_reason_codes.sql,oracle,sql,335,20631,WP01_oracle_schema
oracle/reference/10_chart_of_accounts_and_cost_centers.sql,oracle,sql,478,28566,WP01_oracle_schema
oracle/reference/11_fiscal_calendars_and_periods.sql,oracle,sql,201,14067,WP01_oracle_schema
oracle/reference/12_withholding_rules.sql,oracle,sql,142,8856,WP01_oracle_schema
oracle/seed/01_source_system_ref.sql,oracle,sql,118,7829,WP01_oracle_schema
oracle/seed/02_code_translation_external_codes.sql,oracle,sql,180,10622,WP01_oracle_schema
oracle/seed/03_code_translation_parameters.sql,oracle,sql,206,12278,WP01_oracle_schema
oracle/seed/04_extract_control_seed.sql,oracle,sql,251,16078,WP01_oracle_schema
oracle/seed/05_cost_allocation_rules.sql,oracle,sql,166,10853,WP01_oracle_schema
oracle/tables/AA_grant_cross_schema_references.sql,oracle,sql,23,1154,WP01_oracle_schema
oracle/tables/WWI_AUDIT.CHANGE_LOG.sql,oracle,sql,73,3042,WP01_oracle_schema
oracle/tables/WWI_AUDIT.EXTRACT_CONTROL.sql,oracle,sql,79,3569,WP01_oracle_schema
oracle/tables/WWI_AUDIT.INTERFACE_ERROR.sql,oracle,sql,66,2985,WP01_oracle_schema
oracle/tables/WWI_AUDIT.PURGE_LOG.sql,oracle,sql,60,2826,WP01_oracle_schema
oracle/tables/WWI_FIN.AP_AGING_SNAPSHOT.sql,oracle,sql,73,3467,WP01_oracle_schema
oracle/tables/WWI_FIN.AP_INVOICE_HDR.sql,oracle,sql,128,6367,WP01_oracle_schema
oracle/tables/WWI_FIN.AP_INVOICE_HOLD.sql,oracle,sql,64,2906,WP01_oracle_schema
oracle/tables/WWI_FIN.AP_INVOICE_LINE.sql,oracle,sql,101,4718,WP01_oracle_schema
oracle/tables/WWI_FIN.AP_PAYMENT.sql,oracle,sql,95,4476,WP01_oracle_schema
oracle/tables/WWI_FIN.AP_PAYMENT_APPLY.sql,oracle,sql,63,3012,WP01_oracle_schema
oracle/tables/WWI_FIN.COST_ALLOCATION_RULE.sql,oracle,sql,68,3287,WP01_oracle_schema
oracle/tables/WWI_FIN.COST_CENTER.sql,oracle,sql,62,2798,WP01_oracle_schema
oracle/tables/WWI_FIN.GL_ACCOUNT.sql,oracle,sql,83,3877,WP01_oracle_schema
oracle/tables/WWI_FIN.GL_JOURNAL_HDR.sql,oracle,sql,93,4587,WP01_oracle_schema
oracle/tables/WWI_FIN.GL_JOURNAL_LINE.sql,oracle,sql,101,4766,WP01_oracle_schema
oracle/tables/WWI_FIN.GL_PERIOD_STATUS.sql,oracle,sql,59,3012,WP01_oracle_schema
oracle/tables/WWI_FIN.PAYMENT_TERMS.sql,oracle,sql,66,3218,WP01_oracle_schema
oracle/tables/WWI_FIN.TAX_JURISDICTION.sql,oracle,sql,73,3494,WP01_oracle_schema
oracle/tables/WWI_FIN.TAX_RATE.sql,oracle,sql,79,3858,WP01_oracle_schema
oracle/tables/WWI_FIN.WITHHOLDING_RULE.sql,oracle,sql,60,2946,WP01_oracle_schema
oracle/tables/WWI_MDM.CUST_ADDRESS.sql,oracle,sql,90,4198,WP01_oracle_schema
oracle/tables/WWI_MDM.CUST_CLASSIFICATION.sql,oracle,sql,58,2802,WP01_oracle_schema
oracle/tables/WWI_MDM.CUST_CONTACT.sql,oracle,sql,74,3386,WP01_oracle_schema
oracle/tables/WWI_MDM.CUST_CREDIT_PROFILE.sql,oracle,sql,73,3297,WP01_oracle_schema
oracle/tables/WWI_MDM.CUST_HIERARCHY.sql,oracle,sql,63,2908,WP01_oracle_schema
oracle/tables/WWI_MDM.CUST_MASTER.sql,oracle,sql,109,5000,WP01_oracle_schema
oracle/tables/WWI_MDM.CUST_SEGMENT_ASSIGN.sql,oracle,sql,59,2756,WP01_oracle_schema
oracle/tables/WWI_MDM.MDM_MERGE_HISTORY.sql,oracle,sql,60,2723,WP01_oracle_schema
oracle/tables/WWI_MDM.PARTY_XREF.sql,oracle,sql,64,3032,WP01_oracle_schema
oracle/tables/WWI_MDM.PRODUCT_CATEGORY.sql,oracle,sql,52,2389,WP01_oracle_schema
oracle/tables/WWI_MDM.PRODUCT_HIERARCHY.sql,oracle,sql,55,2434,WP01_oracle_schema
oracle/tables/WWI_MDM.PRODUCT_MASTER.sql,oracle,sql,99,4642,WP01_oracle_schema
oracle/tables/WWI_MDM.PRODUCT_SUBSTITUTE.sql,oracle,sql,60,2871,WP01_oracle_schema
oracle/tables/WWI_MDM.PRODUCT_UOM_CONV.sql,oracle,sql,53,2577,WP01_oracle_schema
oracle/tables/WWI_MDM.SUPP_ADDRESS.sql,oracle,sql,66,3016,WP01_oracle_schema
oracle/tables/WWI_MDM.SUPP_BANK_ACCOUNT.sql,oracle,sql,78,3695,WP01_oracle_schema
oracle/tables/WWI_MDM.SUPP_CERTIFICATION.sql,oracle,sql,56,2580,WP01_oracle_schema
oracle/tables/WWI_MDM.SUPP_CONTACT.sql,oracle,sql,62,2730,WP01_oracle_schema
oracle/tables/WWI_MDM.SUPP_MASTER.sql,oracle,sql,95,4686,WP01_oracle_schema
oracle/tables/WWI_PROC.GOODS_RETURN_HDR.sql,oracle,sql,69,3065,WP01_oracle_schema
oracle/tables/WWI_PROC.GOODS_RETURN_LINE.sql,oracle,sql,67,3057,WP01_oracle_schema
oracle/tables/WWI_PROC.PO_CHANGE_ORDER.sql,oracle,sql,64,2915,WP01_oracle_schema
oracle/tables/WWI_PROC.PO_RECEIPT_HDR.sql,oracle,sql,78,3596,WP01_oracle_schema
oracle/tables/WWI_PROC.PO_RECEIPT_LINE.sql,oracle,sql,94,4500,WP01_oracle_schema
oracle/tables/WWI_PROC.PURCHASE_ORDER_HDR.sql,oracle,sql,118,5855,WP01_oracle_schema
oracle/tables/WWI_PROC.PURCHASE_ORDER_LINE.sql,oracle,sql,103,4992,WP01_oracle_schema
oracle/tables/WWI_PROC.REQUISITION_HDR.sql,oracle,sql,72,3475,WP01_oracle_schema
oracle/tables/WWI_PROC.REQUISITION_LINE.sql,oracle,sql,64,2860,WP01_oracle_schema
oracle/tables/WWI_PROC.SOURCING_EVENT.sql,oracle,sql,65,3078,WP01_oracle_schema
oracle/tables/WWI_PROC.SUPPLIER_QUOTE.sql,oracle,sql,67,2988,WP01_oracle_schema
oracle/tables/WWI_PROC.SUPPLIER_QUOTE_LINE.sql,oracle,sql,62,2839,WP01_oracle_schema
oracle/tables/WWI_PROC.SUPPLIER_SCORECARD.sql,oracle,sql,74,3677,WP01_oracle_schema
oracle/tables/WWI_PROC.VENDOR_CONTRACT.sql,oracle,sql,86,3976,WP01_oracle_schema
oracle/tables/WWI_PROC.VENDOR_CONTRACT_LINE.sql,oracle,sql,65,2944,WP01_oracle_schema
oracle/tables/WWI_REF.CALENDAR_FISCAL.sql,oracle,sql,61,2905,WP01_oracle_schema
oracle/tables/WWI_REF.CITY_REF.sql,oracle,sql,57,2396,WP01_oracle_schema
oracle/tables/WWI_REF.CODE_TRANSLATION.sql,oracle,sql,59,2922,WP01_oracle_schema
oracle/tables/WWI_REF.COUNTRY_REF.sql,oracle,sql,61,2845,WP01_oracle_schema
oracle/tables/WWI_REF.CURRENCY_CODE.sql,oracle,sql,50,2418,WP01_oracle_schema
oracle/tables/WWI_REF.FX_RATE_DAILY.sql,oracle,sql,63,2974,WP01_oracle_schema
oracle/tables/WWI_REF.INCOTERM_REF.sql,oracle,sql,42,2098,WP01_oracle_schema
oracle/tables/WWI_REF.LANGUAGE_REF.sql,oracle,sql,38,1857,WP01_oracle_schema
oracle/tables/WWI_REF.PAYMENT_METHOD_REF.sql,oracle,sql,57,2797,WP01_oracle_schema
oracle/tables/WWI_REF.POSTAL_REF.sql,oracle,sql,61,2742,WP01_oracle_schema
oracle/tables/WWI_REF.REASON_CODE_REF.sql,oracle,sql,47,2357,WP01_oracle_schema
oracle/tables/WWI_REF.REGION_REF.sql,oracle,sql,45,2243,WP01_oracle_schema
oracle/tables/WWI_REF.SOURCE_SYSTEM_REF.sql,oracle,sql,48,2252,WP01_oracle_schema
oracle/tables/WWI_REF.STATUS_CODE_REF.sql,oracle,sql,50,2434,WP01_oracle_schema
oracle/tables/WWI_REF.UOM_REF.sql,oracle,sql,47,2333,WP01_oracle_schema
oracle/tables/ZZ_add_future_partitions.sql,oracle,sql,65,3000,WP01_oracle_schema
oracle/views/WWI_AUDIT.V_EXTRACT_WATERMARK.sql,oracle,sql,58,3018,WP02_oracle_logic
oracle/views/WWI_FIN.V_AP_AGING_CURRENT.sql,oracle,sql,56,2594,WP02_oracle_logic
oracle/views/WWI_FIN.V_AP_INVOICE_EXTRACT.sql,oracle,sql,85,4433,WP02_oracle_logic
oracle/views/WWI_FIN.V_AP_PAYMENT_EXTRACT.sql,oracle,sql,77,3971,WP02_oracle_logic
oracle/views/WWI_FIN.V_COST_CENTER_HIERARCHY.sql,oracle,sql,58,2789,WP02_oracle_logic
oracle/views/WWI_FIN.V_GL_JOURNAL_EXTRACT.sql,oracle,sql,69,3511,WP02_oracle_logic
oracle/views/WWI_MDM.V_CUSTOMER_ADDRESS_CURRENT.sql,oracle,sql,82,4133,WP02_oracle_logic
oracle/views/WWI_MDM.V_CUSTOMER_EXTRACT.sql,oracle,sql,86,5045,WP02_oracle_logic
oracle/views/WWI_MDM.V_PRODUCT_EXTRACT.sql,oracle,sql,77,4030,WP02_oracle_logic
oracle/views/WWI_MDM.V_PRODUCT_HIERARCHY_FLAT.sql,oracle,sql,57,3260,WP02_oracle_logic
oracle/views/WWI_MDM.V_SUPPLIER_BANK_MASKED.sql,oracle,sql,50,2784,WP02_oracle_logic
oracle/views/WWI_MDM.V_SUPPLIER_EXTRACT.sql,oracle,sql,95,4903,WP02_oracle_logic
oracle/views/WWI_PROC.V_OPEN_PO_BALANCE.sql,oracle,sql,84,4180,WP02_oracle_logic
oracle/views/WWI_PROC.V_PO_LINE_EXTRACT.sql,oracle,sql,76,3896,WP02_oracle_logic
oracle/views/WWI_PROC.V_PURCHASE_ORDER_EXTRACT.sql,oracle,sql,95,4338,WP02_oracle_logic
oracle/views/WWI_PROC.V_RECEIPT_EXTRACT.sql,oracle,sql,63,3070,WP02_oracle_logic
oracle/views/WWI_PROC.V_SUPPLIER_SCORECARD_CURRENT.sql,oracle,sql,75,3671,WP02_oracle_logic
oracle/views/WWI_REF.V_CURRENCY_EXTRACT.sql,oracle,sql,60,2911,WP02_oracle_logic
oracle/views/WWI_REF.V_FX_RATE_LATEST.sql,oracle,sql,51,2690,WP02_oracle_logic
oracle/views/WWI_REF.V_GEOGRAPHY_EXTRACT.sql,oracle,sql,62,2802,WP02_oracle_logic
oracle/views/WWI_REF.V_PAYMENT_TERMS_EXTRACT.sql,oracle,sql,55,3042,WP02_oracle_logic
power-bi-dashboards/README.md,base-sample,md,69,2833,
power-bi-dashboards/WWI-SalesOrders.pbix,base-sample,pbix,108,29460,
power-bi-dashboards/WWIDW-Sales.pbix,base-sample,pbix,357,90610,
sample-scripts/always-encrypted/DemonstrateAlwaysEncrypted - Window 2.sql,base-sample,sql,22,766,
sample-scripts/always-encrypted/DemonstrateAlwaysEncrypted.sql,base-sample,sql,135,5817,
sample-scripts/always-encrypted/PopulateAlwaysEncryptedData.sln,base-sample,sln,22,1026,
sample-scripts/always-encrypted/PopulateAlwaysEncryptedData/App.config,base-sample,config,18,961,
sample-scripts/always-encrypted/PopulateAlwaysEncryptedData/PopulateAlwaysEncryptedData.csproj,base-sample,csproj,90,3992,
sample-scripts/always-encrypted/PopulateAlwaysEncryptedData/PopulateAlwaysEncryptedDataMain.Designer.cs,base-sample,cs,106,5096,
sample-scripts/always-encrypted/PopulateAlwaysEncryptedData/PopulateAlwaysEncryptedDataMain.cs,base-sample,cs,144,5439,
sample-scripts/always-encrypted/PopulateAlwaysEncryptedData/PopulateAlwaysEncryptedDataMain.resx,base-sample,resx,123,5948,
sample-scripts/always-encrypted/PopulateAlwaysEncryptedData/Program.cs,base-sample,cs,22,554,
sample-scripts/always-encrypted/PopulateAlwaysEncryptedData/Properties/AssemblyInfo.cs,base-sample,cs,36,1425,
sample-scripts/always-encrypted/PopulateAlwaysEncryptedData/Properties/Resources.Designer.cs,base-sample,cs,71,2813,
sample-scripts/always-encrypted/PopulateAlwaysEncryptedData/Properties/Resources.resx,base-sample,resx,117,5427,
sample-scripts/always-encrypted/PopulateAlwaysEncryptedData/Properties/Settings.Designer.cs,base-sample,cs,38,1507,
sample-scripts/always-encrypted/PopulateAlwaysEncryptedData/Properties/Settings.settings,base-sample,settings,9,430,
sample-scripts/always-encrypted/README.md,base-sample,md,67,2134,
sample-scripts/dynamic-data-masking/DemonstrateDDM.SQL,base-sample,sql,57,2998,
sample-scripts/dynamic-data-masking/README.md,base-sample,md,68,2148,
sample-scripts/in-memory-oltp/README.md,base-sample,md,73,2856,
sample-scripts/in-memory-oltp/VehicleLocation.sql,base-sample,sql,183,10486,
sample-scripts/load-sample-data-using-polybase/load-sample-data-using-polybase.sql,base-sample,sql,824,34295,
sample-scripts/load-sample-data-using-polybase/readme.md,base-sample,md,73,2985,
sample-scripts/operational-analytics/DemonstrateOperationalAnalyticsPerformance.sql,base-sample,sql,53,5462,
sample-scripts/operational-analytics/README.md,base-sample,md,67,2766,
sample-scripts/polybase/DemonstratePolybase.sql,base-sample,sql,139,4447,
sample-scripts/polybase/README.md,base-sample,md,75,2467,
sample-scripts/row-level-security/DemonstrateRLS - Window 2.sql,base-sample,sql,33,820,
sample-scripts/row-level-security/DemonstrateRLS.sql,base-sample,sql,170,5094,
sample-scripts/row-level-security/README.md,base-sample,md,69,2323,
sqlserver/agent/00_create_job_categories.sql,sql-agent,sql,63,2184,WP11_agent_deployment_config
sqlserver/agent/01_create_operators.sql,sql-agent,sql,92,3162,WP11_agent_deployment_config
sqlserver/agent/02_create_proxies_and_credentials.sql,sql-agent,sql,104,4219,WP11_agent_deployment_config
sqlserver/agent/10_job_WWI_Daily_ETL.sql,sql-agent,sql,199,8035,WP11_agent_deployment_config
sqlserver/agent/11_job_WWI_Hourly_Incremental.sql,sql-agent,sql,164,6435,WP11_agent_deployment_config
sqlserver/agent/12_job_WWI_Intraday_Inventory.sql,sql-agent,sql,127,5042,WP11_agent_deployment_config
sqlserver/agent/13_job_WWI_Customer_Sync.sql,sql-agent,sql,153,6193,WP11_agent_deployment_config
sqlserver/agent/14_job_WWI_File_Ingestion.sql,sql-agent,sql,147,6009,WP11_agent_deployment_config
sqlserver/agent/15_job_WWI_Weekly_Reference_Load.sql,sql-agent,sql,150,6127,WP11_agent_deployment_config
sqlserver/agent/16_job_WWI_Weekly_Maintenance.sql,sql-agent,sql,141,5739,WP11_agent_deployment_config
sqlserver/agent/17_job_WWI_Month_End.sql,sql-agent,sql,160,6072,WP11_agent_deployment_config
sqlserver/agent/18_job_WWI_Finance_Close.sql,sql-agent,sql,167,6835,WP11_agent_deployment_config
sqlserver/agent/19_job_WWI_Reject_Reprocess.sql,sql-agent,sql,154,6218,WP11_agent_deployment_config
sqlserver/agent/20_job_WWI_Control_History_Purge.sql,sql-agent,sql,134,5152,WP11_agent_deployment_config
sqlserver/agent/21_job_WWI_Health_Check.sql,sql-agent,sql,179,7264,WP11_agent_deployment_config
sqlserver/agent/90_install_all_agent_jobs.sql,sql-agent,sql,77,2892,WP11_agent_deployment_config
sqlserver/agent/README.md,sql-agent,md,66,4039,WP11_agent_deployment_config
sqlserver/control/01_schemas.sql,etl-control,sql,29,1264,
sqlserver/control/02_tables_control_framework.sql,etl-control,sql,255,12877,
sqlserver/control/03_seed_control_data.sql,etl-control,sql,98,8233,
sqlserver/control/04_tables_data_quality.sql,etl-control,sql,125,6421,
sqlserver/control/05_seed_data_quality_rules.sql,etl-control,sql,125,10799,
sqlserver/control/06_tables_reconciliation.sql,etl-control,sql,62,3144,
sqlserver/control/07_tables_operations.sql,etl-control,sql,485,23358,
sqlserver/control/procedures/etl.usp_AssertRowCountReconciliation.sql,etl-control,sql,109,4243,
sqlserver/control/procedures/etl.usp_AssertRowCountTolerance.sql,etl-control,sql,205,8371,
sqlserver/control/procedures/etl.usp_EndBatch.sql,etl-control,sql,76,2465,
sqlserver/control/procedures/etl.usp_EvaluateDataQualityRules.sql,etl-control,sql,166,6775,
sqlserver/control/procedures/etl.usp_GetConfiguration.sql,etl-control,sql,68,2015,
sqlserver/control/procedures/etl.usp_GetWatermark.sql,etl-control,sql,104,3862,
sqlserver/control/procedures/etl.usp_LogError.sql,etl-control,sql,59,2009,
sqlserver/control/procedures/etl.usp_LogPackageEnd.sql,etl-control,sql,78,2925,
sqlserver/control/procedures/etl.usp_LogPackageStart.sql,etl-control,sql,60,1833,
sqlserver/control/procedures/etl.usp_LogReject.sql,etl-control,sql,48,1663,
sqlserver/control/procedures/etl.usp_LogRejectedRecord.sql,etl-control,sql,54,1968,
sqlserver/control/procedures/etl.usp_LogRejectedRecordSet.sql,etl-control,sql,176,7799,
sqlserver/control/procedures/etl.usp_LogRowCount.sql,etl-control,sql,51,1852,
sqlserver/control/procedures/etl.usp_PurgeControlHistory.sql,etl-control,sql,231,9885,
sqlserver/control/procedures/etl.usp_SetWatermark.sql,etl-control,sql,82,2842,
sqlserver/control/procedures/etl.usp_StartBatch.sql,etl-control,sql,80,2652,
sqlserver/control/procedures/etl.usp_StartBatchStep.sql,etl-control,sql,75,1952,
sqlserver/control/views/etl.OperationalViews.sql,etl-control,sql,160,5768,
sqlserver/oltp/00_schemas/0000_schemas.sql,sqlserver-oltp,sql,40,1514,WP03_sqlserver_oltp
sqlserver/oltp/00_schemas/0010_sequences.sql,sqlserver-oltp,sql,54,2305,WP03_sqlserver_oltp
sqlserver/oltp/01_tables/1010_Sales.SalesChannels.sql,sqlserver-oltp,sql,49,2899,WP03_sqlserver_oltp
sqlserver/oltp/01_tables/1020_Sales.SalesTerritories.sql,sqlserver-oltp,sql,48,3051,WP03_sqlserver_oltp
sqlserver/oltp/01_tables/1030_Sales.PriceLists.sql,sqlserver-oltp,sql,60,3809,WP03_sqlserver_oltp
sqlserver/oltp/01_tables/1040_Sales.PriceListLines.sql,sqlserver-oltp,sql,40,2581,WP03_sqlserver_oltp
sqlserver/oltp/01_tables/1050_Sales.Promotions.sql,sqlserver-oltp,sql,57,3867,WP03_sqlserver_oltp
sqlserver/oltp/01_tables/1060_Sales.PromotionLines.sql,sqlserver-oltp,sql,46,2967,WP03_sqlserver_oltp
sqlserver/oltp/01_tables/1070_Sales.PromotionRedemptions.sql,sqlserver-oltp,sql,45,2912,WP03_sqlserver_oltp
sqlserver/oltp/01_tables/1080_Sales.OrderDiscounts.sql,sqlserver-oltp,sql,57,3617,WP03_sqlserver_oltp
sqlserver/oltp/01_tables/1090_Sales.SalesQuotas.sql,sqlserver-oltp,sql,51,3214,WP03_sqlserver_oltp
sqlserver/oltp/01_tables/1100_Sales.CommissionPlans.sql,sqlserver-oltp,sql,46,2747,WP03_sqlserver_oltp
sqlserver/oltp/01_tables/1110_Sales.CommissionAccruals.sql,sqlserver-oltp,sql,60,3915,WP03_sqlserver_oltp
sqlserver/oltp/01_tables/1120_Sales.CustomerSegments.sql,sqlserver-oltp,sql,46,2939,WP03_sqlserver_oltp
sqlserver/oltp/01_tables/1130_Sales.CustomerSegmentAssignments.sql,sqlserver-oltp,sql,47,2791,WP03_sqlserver_oltp
sqlserver/oltp/01_tables/1140_Sales.QuoteHeaders.sql,sqlserver-oltp,sql,58,4026,WP03_sqlserver_oltp
sqlserver/oltp/01_tables/1150_Sales.QuoteLines.sql,sqlserver-oltp,sql,43,2761,WP03_sqlserver_oltp
sqlserver/oltp/01_tables/1200_Warehouse.WarehouseSites.sql,sqlserver-oltp,sql,46,2944,WP03_sqlserver_oltp
sqlserver/oltp/01_tables/1210_Warehouse.Bins.sql,sqlserver-oltp,sql,47,2810,WP03_sqlserver_oltp
sqlserver/oltp/01_tables/1220_Warehouse.BinContents.sql,sqlserver-oltp,sql,51,3189,WP03_sqlserver_oltp
sqlserver/oltp/01_tables/1230_Warehouse.StockMovementDetails.sql,sqlserver-oltp,sql,62,4408,WP03_sqlserver_oltp
sqlserver/oltp/01_tables/1240_Warehouse.StockTransfers.sql,sqlserver-oltp,sql,50,3450,WP03_sqlserver_oltp
sqlserver/oltp/01_tables/1250_Warehouse.StockTransferLines.sql,sqlserver-oltp,sql,46,2994,WP03_sqlserver_oltp
sqlserver/oltp/01_tables/1260_Warehouse.CycleCounts.sql,sqlserver-oltp,sql,48,3119,WP03_sqlserver_oltp
sqlserver/oltp/01_tables/1270_Warehouse.CycleCountLines.sql,sqlserver-oltp,sql,49,3261,WP03_sqlserver_oltp
sqlserver/oltp/01_tables/1280_Warehouse.ReplenishmentRules.sql,sqlserver-oltp,sql,45,3324,WP03_sqlserver_oltp
sqlserver/oltp/01_tables/1290_Warehouse.ReplenishmentOrders.sql,sqlserver-oltp,sql,53,3802,WP03_sqlserver_oltp
sqlserver/oltp/01_tables/1300_Shipping.Carriers.sql,sqlserver-oltp,sql,44,2722,WP03_sqlserver_oltp
sqlserver/oltp/01_tables/1310_Shipping.PackagingTypes.sql,sqlserver-oltp,sql,37,2319,WP03_sqlserver_oltp
sqlserver/oltp/01_tables/1320_Shipping.FreightRates.sql,sqlserver-oltp,sql,45,2836,WP03_sqlserver_oltp
sqlserver/oltp/01_tables/1330_Shipping.DeliveryRoutes.sql,sqlserver-oltp,sql,38,2523,WP03_sqlserver_oltp
sqlserver/oltp/01_tables/1340_Shipping.ShipmentHeaders.sql,sqlserver-oltp,sql,85,5651,WP03_sqlserver_oltp
sqlserver/oltp/01_tables/1350_Shipping.ShipmentLines.sql,sqlserver-oltp,sql,49,3259,WP03_sqlserver_oltp
sqlserver/oltp/01_tables/1360_Shipping.ShipmentEvents.sql,sqlserver-oltp,sql,51,2864,WP03_sqlserver_oltp
sqlserver/oltp/01_tables/1370_Shipping.DeliveryStops.sql,sqlserver-oltp,sql,48,3035,WP03_sqlserver_oltp
sqlserver/oltp/01_tables/1380_Shipping.CustomsDeclarations.sql,sqlserver-oltp,sql,54,3311,WP03_sqlserver_oltp
sqlserver/oltp/01_tables/1400_Returns.ReturnReasons.sql,sqlserver-oltp,sql,41,2919,WP03_sqlserver_oltp
sqlserver/oltp/01_tables/1410_Returns.ReturnAuthorizations.sql,sqlserver-oltp,sql,64,4504,WP03_sqlserver_oltp
sqlserver/oltp/01_tables/1420_Returns.ReturnLines.sql,sqlserver-oltp,sql,51,3472,WP03_sqlserver_oltp
sqlserver/oltp/01_tables/1430_Returns.ReturnInspections.sql,sqlserver-oltp,sql,48,3163,WP03_sqlserver_oltp
sqlserver/oltp/01_tables/1440_Returns.CreditNotes.sql,sqlserver-oltp,sql,70,4856,WP03_sqlserver_oltp
sqlserver/oltp/01_tables/1450_Returns.CreditNoteLines.sql,sqlserver-oltp,sql,42,2733,WP03_sqlserver_oltp
sqlserver/oltp/01_tables/1500_Loyalty.LoyaltyPrograms.sql,sqlserver-oltp,sql,45,2853,WP03_sqlserver_oltp
sqlserver/oltp/01_tables/1510_Loyalty.LoyaltyTiers.sql,sqlserver-oltp,sql,39,2682,WP03_sqlserver_oltp
sqlserver/oltp/01_tables/1520_Loyalty.LoyaltyMembers.sql,sqlserver-oltp,sql,69,4655,WP03_sqlserver_oltp
sqlserver/oltp/01_tables/1530_Loyalty.LoyaltyPointsLedger.sql,sqlserver-oltp,sql,53,3181,WP03_sqlserver_oltp
sqlserver/oltp/01_tables/1540_Loyalty.LoyaltyRedemptions.sql,sqlserver-oltp,sql,48,3159,WP03_sqlserver_oltp
sqlserver/oltp/01_tables/1600_Ecommerce.WebSessions.sql,sqlserver-oltp,sql,60,3408,WP03_sqlserver_oltp
sqlserver/oltp/01_tables/1610_Ecommerce.CartHeaders.sql,sqlserver-oltp,sql,54,3624,WP03_sqlserver_oltp
sqlserver/oltp/01_tables/1620_Ecommerce.CartLines.sql,sqlserver-oltp,sql,42,2535,WP03_sqlserver_oltp
sqlserver/oltp/01_tables/1630_Ecommerce.ProductReviews.sql,sqlserver-oltp,sql,52,3168,WP03_sqlserver_oltp
sqlserver/oltp/01_tables/1640_Ecommerce.WishLists.sql,sqlserver-oltp,sql,36,2432,WP03_sqlserver_oltp
sqlserver/oltp/01_tables/1650_Ecommerce.WishListLines.sql,sqlserver-oltp,sql,32,2030,WP03_sqlserver_oltp
sqlserver/oltp/01_tables/1700_Integration.OutboundInterfaceQueue.sql,sqlserver-oltp,sql,66,4214,WP03_sqlserver_oltp
sqlserver/oltp/01_tables/1710_Integration.InboundFileRegister.sql,sqlserver-oltp,sql,55,3093,WP03_sqlserver_oltp
sqlserver/oltp/01_tables/1720_Integration.ChangeTrackingWatermark.sql,sqlserver-oltp,sql,38,2243,WP03_sqlserver_oltp
sqlserver/oltp/02_extensions/2000_Sales.Orders.Extensions.sql,sqlserver-oltp,sql,117,4798,WP03_sqlserver_oltp
sqlserver/oltp/02_extensions/2010_Sales.OrderLines.Extensions.sql,sqlserver-oltp,sql,86,3549,WP03_sqlserver_oltp
sqlserver/oltp/02_extensions/2020_Sales.Invoices.Extensions.sql,sqlserver-oltp,sql,89,3554,WP03_sqlserver_oltp
sqlserver/oltp/02_extensions/2030_Sales.Customers.Extensions.sql,sqlserver-oltp,sql,92,3805,WP03_sqlserver_oltp
sqlserver/oltp/02_extensions/2040_Warehouse.StockItemHoldings.Extensions.sql,sqlserver-oltp,sql,60,2820,WP03_sqlserver_oltp
sqlserver/oltp/02_extensions/2100_Sales.OrderHolds.sql,sqlserver-oltp,sql,43,2529,WP03_sqlserver_oltp
sqlserver/oltp/02_extensions/2110_Sales.OrderAmendments.sql,sqlserver-oltp,sql,43,2438,WP03_sqlserver_oltp
sqlserver/oltp/02_extensions/2120_Sales.OrderAllocations.sql,sqlserver-oltp,sql,50,3349,WP03_sqlserver_oltp
sqlserver/oltp/02_extensions/2130_Sales.Backorders.sql,sqlserver-oltp,sql,48,3139,WP03_sqlserver_oltp
sqlserver/oltp/02_extensions/2140_Sales.CustomerPayments.sql,sqlserver-oltp,sql,60,3678,WP03_sqlserver_oltp
sqlserver/oltp/02_extensions/2150_Sales.PaymentAllocations.sql,sqlserver-oltp,sql,47,3247,WP03_sqlserver_oltp
sqlserver/oltp/02_extensions/2160_Sales.CustomerStatements.sql,sqlserver-oltp,sql,47,2984,WP03_sqlserver_oltp
sqlserver/oltp/02_extensions/2170_Sales.CustomerDisputes.sql,sqlserver-oltp,sql,52,3544,WP03_sqlserver_oltp
sqlserver/oltp/02_extensions/2180_Sales.CustomerWriteOffs.sql,sqlserver-oltp,sql,47,2768,WP03_sqlserver_oltp
sqlserver/oltp/02_extensions/2190_Sales.CustomerCreditHolds.sql,sqlserver-oltp,sql,43,2478,WP03_sqlserver_oltp
sqlserver/oltp/02_extensions/2200_Application.SalesTeams.sql,sqlserver-oltp,sql,38,2421,WP03_sqlserver_oltp
sqlserver/oltp/02_extensions/2210_Application.SalesTeamMembers.sql,sqlserver-oltp,sql,49,3281,WP03_sqlserver_oltp
sqlserver/oltp/02_extensions/2220_Application.EmployeeShifts.sql,sqlserver-oltp,sql,45,2853,WP03_sqlserver_oltp
sqlserver/oltp/02_extensions/2230_Application.ExtensionAttributeDefinitions.sql,sqlserver-oltp,sql,41,2838,WP03_sqlserver_oltp
sqlserver/oltp/02_extensions/2240_Application.ExtensionAttributeValues.sql,sqlserver-oltp,sql,46,2736,WP03_sqlserver_oltp
sqlserver/oltp/02_extensions/2300_Integration.DeletedRowLog.sql,sqlserver-oltp,sql,36,1939,WP03_sqlserver_oltp
sqlserver/oltp/02_extensions/2310_Sales.OrderDeletionLog.sql,sqlserver-oltp,sql,38,1911,WP03_sqlserver_oltp
sqlserver/oltp/02_extensions/2320_Warehouse.StockItemDeletionLog.sql,sqlserver-oltp,sql,31,1588,WP03_sqlserver_oltp
sqlserver/oltp/03_indexes/3000_Sales.Orders.Indexes.sql,sqlserver-oltp,sql,46,2393,WP03_sqlserver_oltp
sqlserver/oltp/03_indexes/3010_Sales.Invoices.Indexes.sql,sqlserver-oltp,sql,37,1871,WP03_sqlserver_oltp
sqlserver/oltp/03_indexes/3020_Warehouse.Movement.Indexes.sql,sqlserver-oltp,sql,56,3141,WP03_sqlserver_oltp
sqlserver/oltp/03_indexes/3030_Shipping.Returns.Indexes.sql,sqlserver-oltp,sql,65,3700,WP03_sqlserver_oltp
sqlserver/oltp/04_functions/4000_Sales.ufn_LineNetAmount.sql,sqlserver-oltp,sql,50,1863,WP03_sqlserver_oltp
sqlserver/oltp/04_functions/4010_Sales.ufn_DiscountPercentForCustomer.sql,sqlserver-oltp,sql,75,3289,WP03_sqlserver_oltp
sqlserver/oltp/04_functions/4020_Sales.ufn_CommissionRate.sql,sqlserver-oltp,sql,37,1371,WP03_sqlserver_oltp
sqlserver/oltp/04_functions/4030_Warehouse.ufn_AvailableToPromise.sql,sqlserver-oltp,sql,68,2728,WP03_sqlserver_oltp
sqlserver/oltp/04_functions/4040_Shipping.ufn_FreightCost.sql,sqlserver-oltp,sql,80,3119,WP03_sqlserver_oltp
sqlserver/oltp/04_functions/4050_Returns.ufn_RestockingFee.sql,sqlserver-oltp,sql,68,2063,WP03_sqlserver_oltp
sqlserver/oltp/04_functions/4060_Loyalty.ufn_PointsForAmount.sql,sqlserver-oltp,sql,51,1731,WP03_sqlserver_oltp
sqlserver/oltp/05_views/5000_Sales.vw_OrderLineExtract.sql,sqlserver-oltp,sql,86,3303,WP03_sqlserver_oltp
sqlserver/oltp/05_views/5010_Sales.vw_InvoiceExtract.sql,sqlserver-oltp,sql,65,2549,WP03_sqlserver_oltp
sqlserver/oltp/05_views/5020_Sales.vw_PromotionEffectiveness.sql,sqlserver-oltp,sql,62,2681,WP03_sqlserver_oltp
sqlserver/oltp/05_views/5030_Sales.vw_CustomerSegmentCurrent.sql,sqlserver-oltp,sql,51,2201,WP03_sqlserver_oltp
sqlserver/oltp/05_views/5040_Sales.vw_SalespersonPerformance.sql,sqlserver-oltp,sql,74,3112,WP03_sqlserver_oltp
sqlserver/oltp/05_views/5050_Warehouse.vw_StockOnHandBySite.sql,sqlserver-oltp,sql,49,2467,WP03_sqlserver_oltp
sqlserver/oltp/05_views/5060_Warehouse.vw_StockMovementExtract.sql,sqlserver-oltp,sql,49,1736,WP03_sqlserver_oltp
sqlserver/oltp/05_views/5070_Warehouse.vw_CycleCountVariance.sql,sqlserver-oltp,sql,58,2241,WP03_sqlserver_oltp
sqlserver/oltp/05_views/5080_Shipping.vw_ShipmentExtract.sql,sqlserver-oltp,sql,76,2812,WP03_sqlserver_oltp
sqlserver/oltp/05_views/5090_Shipping.vw_DeliveryPerformance.sql,sqlserver-oltp,sql,61,2588,WP03_sqlserver_oltp
sqlserver/oltp/05_views/5100_Returns.vw_ReturnExtract.sql,sqlserver-oltp,sql,72,2695,WP03_sqlserver_oltp
sqlserver/oltp/05_views/5110_Returns.vw_CreditNoteExtract.sql,sqlserver-oltp,sql,63,2472,WP03_sqlserver_oltp
sqlserver/oltp/05_views/5120_Loyalty.vw_LoyaltyBalance.sql,sqlserver-oltp,sql,65,3239,WP03_sqlserver_oltp
sqlserver/oltp/05_views/5130_Ecommerce.vw_WebConversionFunnel.sql,sqlserver-oltp,sql,47,2434,WP03_sqlserver_oltp
sqlserver/oltp/05_views/5140_Integration.vw_ChangedKeysSinceWatermark.sql,sqlserver-oltp,sql,80,3580,WP03_sqlserver_oltp
sqlserver/oltp/05_views/5150_Integration.vw_DeletedKeysForExtract.sql,sqlserver-oltp,sql,47,1380,WP03_sqlserver_oltp
sqlserver/oltp/06_procedures/6000_Sales.usp_ApplyPromotionToOrder.sql,sqlserver-oltp,sql,236,8546,WP03_sqlserver_oltp
sqlserver/oltp/06_procedures/6010_Sales.usp_CalculateOrderDiscounts.sql,sqlserver-oltp,sql,117,4100,WP03_sqlserver_oltp
sqlserver/oltp/06_procedures/6020_Sales.usp_RecalculateCommissionAccruals.sql,sqlserver-oltp,sql,135,5245,WP03_sqlserver_oltp
sqlserver/oltp/06_procedures/6030_Sales.usp_AssignCustomerSegments.sql,sqlserver-oltp,sql,144,5624,WP03_sqlserver_oltp
sqlserver/oltp/06_procedures/6040_Sales.usp_ConvertQuoteToOrder.sql,sqlserver-oltp,sql,170,5790,WP03_sqlserver_oltp
sqlserver/oltp/06_procedures/6050_Sales.usp_RefreshSalesQuotaAttainment.sql,sqlserver-oltp,sql,76,3539,WP03_sqlserver_oltp
sqlserver/oltp/06_procedures/6060_Warehouse.usp_PostStockMovement.sql,sqlserver-oltp,sql,122,4855,WP03_sqlserver_oltp
sqlserver/oltp/06_procedures/6070_Warehouse.usp_ReconcileCycleCount.sql,sqlserver-oltp,sql,200,7512,WP03_sqlserver_oltp
sqlserver/oltp/06_procedures/6080_Warehouse.usp_GenerateReplenishmentOrders.sql,sqlserver-oltp,sql,99,4255,WP03_sqlserver_oltp
sqlserver/oltp/06_procedures/6090_Warehouse.usp_TransferStockBetweenSites.sql,sqlserver-oltp,sql,217,8565,WP03_sqlserver_oltp
sqlserver/oltp/06_procedures/6100_Shipping.usp_CreateShipmentFromOrder.sql,sqlserver-oltp,sql,149,5198,WP03_sqlserver_oltp
sqlserver/oltp/06_procedures/6110_Shipping.usp_RecordShipmentEvent.sql,sqlserver-oltp,sql,133,5148,WP03_sqlserver_oltp
sqlserver/oltp/06_procedures/6120_Shipping.usp_RateShipment.sql,sqlserver-oltp,sql,111,4664,WP03_sqlserver_oltp
sqlserver/oltp/06_procedures/6130_Returns.usp_AuthorizeReturn.sql,sqlserver-oltp,sql,143,5875,WP03_sqlserver_oltp
sqlserver/oltp/06_procedures/6140_Returns.usp_PostReturnInspection.sql,sqlserver-oltp,sql,134,5093,WP03_sqlserver_oltp
sqlserver/oltp/06_procedures/6150_Returns.usp_IssueCreditNote.sql,sqlserver-oltp,sql,188,7328,WP03_sqlserver_oltp
sqlserver/oltp/06_procedures/6160_Loyalty.usp_AccruePointsForInvoice.sql,sqlserver-oltp,sql,131,5043,WP03_sqlserver_oltp
sqlserver/oltp/06_procedures/6170_Loyalty.usp_RedeemLoyaltyPoints.sql,sqlserver-oltp,sql,160,6093,WP03_sqlserver_oltp
sqlserver/oltp/06_procedures/6180_Loyalty.usp_RecalculateMemberTier.sql,sqlserver-oltp,sql,128,5019,WP03_sqlserver_oltp
sqlserver/oltp/06_procedures/6190_Integration.usp_EnqueueOutboundChanges.sql,sqlserver-oltp,sql,125,5050,WP03_sqlserver_oltp
sqlserver/oltp/06_procedures/6200_Integration.usp_RegisterInboundFile.sql,sqlserver-oltp,sql,74,2856,WP03_sqlserver_oltp
sqlserver/oltp/06_procedures/6210_Integration.usp_GetChangeWatermark.sql,sqlserver-oltp,sql,69,2806,WP03_sqlserver_oltp
sqlserver/oltp/06_procedures/6220_Integration.usp_SetChangeWatermark.sql,sqlserver-oltp,sql,60,2448,WP03_sqlserver_oltp
sqlserver/oltp/07_triggers/7000_Sales.tr_Orders_Amendment.sql,sqlserver-oltp,sql,132,5142,WP03_sqlserver_oltp
sqlserver/oltp/07_triggers/7010_Sales.tr_Orders_DeletionLog.sql,sqlserver-oltp,sql,58,2084,WP03_sqlserver_oltp
sqlserver/oltp/07_triggers/7020_Sales.tr_OrderLines_MaintainOrderTotals.sql,sqlserver-oltp,sql,58,2689,WP03_sqlserver_oltp
sqlserver/oltp/07_triggers/7030_Sales.tr_CustomerPayments_MaintainCreditPosition.sql,sqlserver-oltp,sql,92,3620,WP03_sqlserver_oltp
sqlserver/oltp/07_triggers/7040_Warehouse.tr_StockMovementDetails_MaintainHoldings.sql,sqlserver-oltp,sql,71,2629,WP03_sqlserver_oltp
sqlserver/oltp/07_triggers/7050_Warehouse.tr_StockItems_DeletionLog.sql,sqlserver-oltp,sql,65,2248,WP03_sqlserver_oltp
sqlserver/oltp/07_triggers/7060_Loyalty.tr_LoyaltyPointsLedger_MaintainBalance.sql,sqlserver-oltp,sql,65,2626,WP03_sqlserver_oltp
sqlserver/oltp/07_triggers/7070_Ecommerce.tr_CartLines_MaintainCartTotals.sql,sqlserver-oltp,sql,74,2938,WP03_sqlserver_oltp
sqlserver/oltp/08_seed/8000_seed_sales_reference.sql,sqlserver-oltp,sql,168,12185,WP03_sqlserver_oltp
sqlserver/oltp/08_seed/8010_seed_warehouse_shipping_reference.sql,sqlserver-oltp,sql,105,8699,WP03_sqlserver_oltp
sqlserver/oltp/08_seed/8020_seed_returns_loyalty_reference.sql,sqlserver-oltp,sql,112,7251,WP03_sqlserver_oltp
sqlserver/oltp/08_seed/8030_seed_integration_watermarks.sql,sqlserver-oltp,sql,54,4082,WP03_sqlserver_oltp
sqlserver/oltp/README.md,sqlserver-oltp,md,75,3829,WP03_sqlserver_oltp
sqlserver/procedures/dimensions/Integration.usp_AllocateDimensionKeyRange.sql,sqlserver-dw,sql,105,4066,WP05_dw_dimensions
sqlserver/procedures/dimensions/Integration.usp_EnrichInferredMembers.sql,sqlserver-dw,sql,247,11534,WP05_dw_dimensions
sqlserver/procedures/dimensions/Integration.usp_EnsureUnknownMembers.sql,sqlserver-dw,sql,266,12593,WP05_dw_dimensions
sqlserver/procedures/dimensions/Integration.usp_InsertInferredMember.sql,sqlserver-dw,sql,183,8531,WP05_dw_dimensions
sqlserver/procedures/dimensions/Integration.usp_LoadBridgeCustomerBuyingGroup.sql,sqlserver-dw,sql,336,15467,WP05_dw_dimensions
sqlserver/procedures/dimensions/Integration.usp_LoadBridgeEmployeeTerritory.sql,sqlserver-dw,sql,335,15535,WP05_dw_dimensions
sqlserver/procedures/dimensions/Integration.usp_LoadCustomerDemographicMiniDimension.sql,sqlserver-dw,sql,300,16388,WP05_dw_dimensions
sqlserver/procedures/dimensions/Integration.usp_LoadGlAccountHierarchy.sql,sqlserver-dw,sql,353,19449,WP05_dw_dimensions
sqlserver/procedures/dimensions/Integration.usp_LoadJunkDimensionOrderStatus.sql,sqlserver-dw,sql,203,10377,WP05_dw_dimensions
sqlserver/procedures/dimensions/Integration.usp_LoadProductHierarchy.sql,sqlserver-dw,sql,296,14038,WP05_dw_dimensions
sqlserver/procedures/dimensions/Integration.usp_LoadSupplierCategoryDimension.sql,sqlserver-dw,sql,194,9186,WP05_dw_dimensions
sqlserver/procedures/dimensions/Integration.usp_MigrateStagedBuyingGroupData.sql,sqlserver-dw,sql,254,12356,WP05_dw_dimensions
sqlserver/procedures/dimensions/Integration.usp_MigrateStagedCarrierData.sql,sqlserver-dw,sql,297,15967,WP05_dw_dimensions
sqlserver/procedures/dimensions/Integration.usp_MigrateStagedCityData.sql,sqlserver-dw,sql,373,18268,WP05_dw_dimensions
sqlserver/procedures/dimensions/Integration.usp_MigrateStagedCostCenterData.sql,sqlserver-dw,sql,361,19082,WP05_dw_dimensions
sqlserver/procedures/dimensions/Integration.usp_MigrateStagedCurrencyData.sql,sqlserver-dw,sql,266,15403,WP05_dw_dimensions
sqlserver/procedures/dimensions/Integration.usp_MigrateStagedCustomerCategoryData.sql,sqlserver-dw,sql,201,10926,WP05_dw_dimensions
sqlserver/procedures/dimensions/Integration.usp_MigrateStagedCustomerDataV2.sql,sqlserver-dw,sql,831,43594,WP05_dw_dimensions
sqlserver/procedures/dimensions/Integration.usp_MigrateStagedCustomerSegmentData.sql,sqlserver-dw,sql,281,13063,WP05_dw_dimensions
sqlserver/procedures/dimensions/Integration.usp_MigrateStagedEmployeeData.sql,sqlserver-dw,sql,391,19381,WP05_dw_dimensions
sqlserver/procedures/dimensions/Integration.usp_MigrateStagedGeographyData.sql,sqlserver-dw,sql,402,22180,WP05_dw_dimensions
sqlserver/procedures/dimensions/Integration.usp_MigrateStagedLoyaltyTierData.sql,sqlserver-dw,sql,320,19529,WP05_dw_dimensions
sqlserver/procedures/dimensions/Integration.usp_MigrateStagedPaymentMethodData.sql,sqlserver-dw,sql,294,15372,WP05_dw_dimensions
sqlserver/procedures/dimensions/Integration.usp_MigrateStagedPaymentTermsData.sql,sqlserver-dw,sql,299,15779,WP05_dw_dimensions
sqlserver/procedures/dimensions/Integration.usp_MigrateStagedProductData.sql,sqlserver-dw,sql,259,12627,WP05_dw_dimensions
sqlserver/procedures/dimensions/Integration.usp_MigrateStagedPromotionData.sql,sqlserver-dw,sql,418,22613,WP05_dw_dimensions
sqlserver/procedures/dimensions/Integration.usp_MigrateStagedReturnReasonData.sql,sqlserver-dw,sql,359,19158,WP05_dw_dimensions
sqlserver/procedures/dimensions/Integration.usp_MigrateStagedSalesChannelData.sql,sqlserver-dw,sql,247,14437,WP05_dw_dimensions
sqlserver/procedures/dimensions/Integration.usp_MigrateStagedSalesTerritoryData.sql,sqlserver-dw,sql,278,14792,WP05_dw_dimensions
sqlserver/procedures/dimensions/Integration.usp_MigrateStagedSalespersonData.sql,sqlserver-dw,sql,304,14678,WP05_dw_dimensions
sqlserver/procedures/dimensions/Integration.usp_MigrateStagedStockItemData.sql,sqlserver-dw,sql,378,18975,WP05_dw_dimensions
sqlserver/procedures/dimensions/Integration.usp_MigrateStagedSupplierDataV2.sql,sqlserver-dw,sql,322,15723,WP05_dw_dimensions
sqlserver/procedures/dimensions/Integration.usp_MigrateStagedTransactionTypeData.sql,sqlserver-dw,sql,303,14988,WP05_dw_dimensions
sqlserver/procedures/dimensions/Integration.usp_MigrateStagedVendorContractData.sql,sqlserver-dw,sql,339,16786,WP05_dw_dimensions
sqlserver/procedures/dimensions/Integration.usp_MigrateStagedWarehouseSiteData.sql,sqlserver-dw,sql,283,15236,WP05_dw_dimensions
sqlserver/procedures/dimensions/Integration.usp_PopulateDateDimension.sql,sqlserver-dw,sql,431,23433,WP05_dw_dimensions
sqlserver/procedures/dimensions/Integration.usp_PopulateTimeDimension.sql,sqlserver-dw,sql,171,8364,WP05_dw_dimensions
sqlserver/procedures/facts/Integration.usp_ApplyFactCorrections.sql,sqlserver-dw,sql,278,13344,WP06_dw_facts_aggregates
sqlserver/procedures/facts/Integration.usp_DeduplicateFactSale.sql,sqlserver-dw,sql,160,5948,WP06_dw_facts_aggregates
sqlserver/procedures/facts/Integration.usp_LoadFactCreditNote.sql,sqlserver-dw,sql,209,9744,WP06_dw_facts_aggregates
sqlserver/procedures/facts/Integration.usp_LoadFactDailyInventorySnapshot.sql,sqlserver-dw,sql,191,9013,WP06_dw_facts_aggregates
sqlserver/procedures/facts/Integration.usp_LoadFactDailySalesSnapshot.sql,sqlserver-dw,sql,200,8861,WP06_dw_facts_aggregates
sqlserver/procedures/facts/Integration.usp_LoadFactGlPosting.sql,sqlserver-dw,sql,264,11640,WP06_dw_facts_aggregates
sqlserver/procedures/facts/Integration.usp_LoadFactLoyaltyPoints.sql,sqlserver-dw,sql,229,10266,WP06_dw_facts_aggregates
sqlserver/procedures/facts/Integration.usp_LoadFactMovement.sql,sqlserver-dw,sql,315,12893,WP06_dw_facts_aggregates
sqlserver/procedures/facts/Integration.usp_LoadFactOrder.sql,sqlserver-dw,sql,262,11949,WP06_dw_facts_aggregates
sqlserver/procedures/facts/Integration.usp_LoadFactOrderFulfilment.sql,sqlserver-dw,sql,209,10241,WP06_dw_facts_aggregates
sqlserver/procedures/facts/Integration.usp_LoadFactPayment.sql,sqlserver-dw,sql,290,12702,WP06_dw_facts_aggregates
sqlserver/procedures/facts/Integration.usp_LoadFactPurchase.sql,sqlserver-dw,sql,303,13293,WP06_dw_facts_aggregates
sqlserver/procedures/facts/Integration.usp_LoadFactPurchaseReceipt.sql,sqlserver-dw,sql,241,10937,WP06_dw_facts_aggregates
sqlserver/procedures/facts/Integration.usp_LoadFactReturn.sql,sqlserver-dw,sql,248,11249,WP06_dw_facts_aggregates
sqlserver/procedures/facts/Integration.usp_LoadFactSale.sql,sqlserver-dw,sql,584,28676,WP06_dw_facts_aggregates
sqlserver/procedures/facts/Integration.usp_LoadFactShipment.sql,sqlserver-dw,sql,222,11362,WP06_dw_facts_aggregates
sqlserver/procedures/facts/Integration.usp_LoadFactStockHolding.sql,sqlserver-dw,sql,190,7498,WP06_dw_facts_aggregates
sqlserver/procedures/facts/Integration.usp_LoadFactSupplierPayment.sql,sqlserver-dw,sql,245,10855,WP06_dw_facts_aggregates
sqlserver/procedures/facts/Integration.usp_LoadFactWebSession.sql,sqlserver-dw,sql,245,11302,WP06_dw_facts_aggregates
sqlserver/procedures/facts/Integration.usp_PopulateDateDimensionRange.sql,sqlserver-dw,sql,174,7218,WP06_dw_facts_aggregates
sqlserver/procedures/facts/Integration.usp_PublishReportingLayer.sql,sqlserver-dw,sql,193,7788,WP06_dw_facts_aggregates
sqlserver/procedures/facts/Integration.usp_RebuildColumnstoreIndexes.sql,sqlserver-dw,sql,170,6801,WP06_dw_facts_aggregates
sqlserver/procedures/facts/Integration.usp_RefreshAggregateCustomer360.sql,sqlserver-dw,sql,333,15494,WP06_dw_facts_aggregates
sqlserver/procedures/facts/Integration.usp_RefreshAggregateDailySales.sql,sqlserver-dw,sql,190,8196,WP06_dw_facts_aggregates
sqlserver/procedures/facts/Integration.usp_RefreshAggregateDeliveryPerformance.sql,sqlserver-dw,sql,204,9829,WP06_dw_facts_aggregates
sqlserver/procedures/facts/Integration.usp_RefreshAggregateFinanceClose.sql,sqlserver-dw,sql,202,8483,WP06_dw_facts_aggregates
sqlserver/procedures/facts/Integration.usp_RefreshAggregateInventoryHealth.sql,sqlserver-dw,sql,176,8232,WP06_dw_facts_aggregates
sqlserver/procedures/facts/Integration.usp_RefreshAggregateMarginAnalysis.sql,sqlserver-dw,sql,210,10204,WP06_dw_facts_aggregates
sqlserver/procedures/facts/Integration.usp_RefreshAggregateMonthlySales.sql,sqlserver-dw,sql,218,10048,WP06_dw_facts_aggregates
sqlserver/procedures/facts/Integration.usp_RefreshAggregateProductPerformance.sql,sqlserver-dw,sql,243,11777,WP06_dw_facts_aggregates
sqlserver/procedures/facts/Integration.usp_RefreshAggregatePromotionEffectiveness.sql,sqlserver-dw,sql,214,9514,WP06_dw_facts_aggregates
sqlserver/procedures/facts/Integration.usp_RefreshAggregateRegionalSales.sql,sqlserver-dw,sql,325,15137,WP06_dw_facts_aggregates
sqlserver/procedures/facts/Integration.usp_RefreshAggregateSupplierPerformance.sql,sqlserver-dw,sql,255,12250,WP06_dw_facts_aggregates
sqlserver/procedures/facts/Integration.usp_RekeyLateArrivingDimensions.sql,sqlserver-dw,sql,261,10947,WP06_dw_facts_aggregates
sqlserver/reference/README.md,sqlserver-reference,md,103,6210,
sqlserver/reference/ref.usp_LoadCodeCrosswalk.sql,sqlserver-reference,sql,400,29366,
sqlserver/reference/ref.usp_LoadCountry.sql,sqlserver-reference,sql,254,12453,
sqlserver/reference/ref.usp_LoadCurrency.sql,sqlserver-reference,sql,183,8323,
sqlserver/reference/ref.usp_LoadFxRateDaily.sql,sqlserver-reference,sql,382,16945,
sqlserver/reference/ref.usp_LoadPostalFormatRule.sql,sqlserver-reference,sql,241,11735,
sqlserver/reference/ref.usp_LoadReasonCode.sql,sqlserver-reference,sql,192,9990,
sqlserver/reference/ref.usp_LoadRegion.sql,sqlserver-reference,sql,174,7701,
sqlserver/reference/ref.usp_LoadSourceKeyCrosswalk.sql,sqlserver-reference,sql,190,7006,
sqlserver/reference/ref.usp_LoadStatusCode.sql,sqlserver-reference,sql,194,10447,
sqlserver/reference/ref.usp_LoadTaxJurisdiction.sql,sqlserver-reference,sql,406,19033,
sqlserver/reference/ref.usp_LoadUnitOfMeasure.sql,sqlserver-reference,sql,181,8009,
sqlserver/reference/ref.usp_LoadUomConversion.sql,sqlserver-reference,sql,245,10505,
sqlserver/reference/ref.usp_ReportUnmappedCodes.sql,sqlserver-reference,sql,312,14927,
sqlserver/reference/ref.vw_UnmappedSourceCode.sql,sqlserver-reference,sql,73,2876,
sqlserver/security/00_server_principals.sql,sqlserver-security,sql,126,4856,WP11_agent_deployment_config
sqlserver/security/01_database_roles_staging.sql,sqlserver-security,sql,108,4675,WP11_agent_deployment_config
sqlserver/security/02_database_roles_warehouse.sql,sqlserver-security,sql,117,5129,WP11_agent_deployment_config
sqlserver/security/03_database_roles_oltp.sql,sqlserver-security,sql,77,3415,WP11_agent_deployment_config
sqlserver/security/04_msdb_and_ssisdb_permissions.sql,sqlserver-security,sql,82,3959,WP11_agent_deployment_config
sqlserver/security/05_oracle_link_principals.sql,sqlserver-security,sql,85,3592,WP11_agent_deployment_config
sqlserver/security/README.md,sqlserver-security,md,66,3252,WP11_agent_deployment_config
sqlserver/staging/functions/stg.ufn_CleanString.sql,sqlserver-staging,sql,63,2137,WP04_sqlserver_staging
sqlserver/staging/functions/stg.ufn_SafeDate.sql,sqlserver-staging,sql,81,2905,WP04_sqlserver_staging
sqlserver/staging/functions/stg.ufn_SafeDecimal.sql,sqlserver-staging,sql,93,2903,WP04_sqlserver_staging
sqlserver/staging/functions/stg.ufn_SourceSystemKey.sql,sqlserver-staging,sql,65,2326,WP04_sqlserver_staging
sqlserver/staging/functions/stg.ufn_StandardizePhone.sql,sqlserver-staging,sql,102,3754,WP04_sqlserver_staging
sqlserver/staging/functions/stg.ufn_StandardizePostalCode.sql,sqlserver-staging,sql,141,4282,WP04_sqlserver_staging
sqlserver/staging/procedures/err.usp_LogRejectedRows.sql,sqlserver-staging,sql,188,7268,WP04_sqlserver_staging
sqlserver/staging/procedures/err.usp_PurgeRejectedRows.sql,sqlserver-staging,sql,162,5979,WP04_sqlserver_staging
sqlserver/staging/procedures/stg.usp_AppendIncremental_OrderLine.sql,sqlserver-staging,sql,315,14537,WP04_sqlserver_staging
sqlserver/staging/procedures/stg.usp_AppendIncremental_Payment.sql,sqlserver-staging,sql,274,12749,WP04_sqlserver_staging
sqlserver/staging/procedures/stg.usp_AppendIncremental_SaleLine.sql,sqlserver-staging,sql,283,13325,WP04_sqlserver_staging
sqlserver/staging/procedures/stg.usp_AppendIncremental_Shipment.sql,sqlserver-staging,sql,439,19874,WP04_sqlserver_staging
sqlserver/staging/procedures/stg.usp_AppendIncremental_StockMovement.sql,sqlserver-staging,sql,191,8751,WP04_sqlserver_staging
sqlserver/staging/procedures/stg.usp_ConformCityForDimension.sql,sqlserver-staging,sql,251,11375,WP04_sqlserver_staging
sqlserver/staging/procedures/stg.usp_ConformCustomerCategoryForDimension.sql,sqlserver-staging,sql,161,6659,WP04_sqlserver_staging
sqlserver/staging/procedures/stg.usp_ConformCustomerSegmentForDimension.sql,sqlserver-staging,sql,347,15387,WP04_sqlserver_staging
sqlserver/staging/procedures/stg.usp_ConformCustomerTransactionForFact.sql,sqlserver-staging,sql,202,8203,WP04_sqlserver_staging
sqlserver/staging/procedures/stg.usp_ConformDailyInventorySnapshotForFact.sql,sqlserver-staging,sql,201,8420,WP04_sqlserver_staging
sqlserver/staging/procedures/stg.usp_ConformDailySalesSnapshotForFact.sql,sqlserver-staging,sql,232,9073,WP04_sqlserver_staging
sqlserver/staging/procedures/stg.usp_ConformGlPostingForFact.sql,sqlserver-staging,sql,168,6560,WP04_sqlserver_staging
sqlserver/staging/procedures/stg.usp_ConformLoyaltyPointsForFact.sql,sqlserver-staging,sql,232,9779,WP04_sqlserver_staging
sqlserver/staging/procedures/stg.usp_ConformMovementForFact.sql,sqlserver-staging,sql,169,6429,WP04_sqlserver_staging
sqlserver/staging/procedures/stg.usp_ConformOrderFulfilmentForFact.sql,sqlserver-staging,sql,258,10452,WP04_sqlserver_staging
sqlserver/staging/procedures/stg.usp_ConformProductCategoryForDimension.sql,sqlserver-staging,sql,173,7024,WP04_sqlserver_staging
sqlserver/staging/procedures/stg.usp_ConformPurchaseForFact.sql,sqlserver-staging,sql,260,11019,WP04_sqlserver_staging
sqlserver/staging/procedures/stg.usp_ConformPurchaseReceiptForFact.sql,sqlserver-staging,sql,175,7018,WP04_sqlserver_staging
sqlserver/staging/procedures/stg.usp_ConformStockHoldingForFact.sql,sqlserver-staging,sql,164,6272,WP04_sqlserver_staging
sqlserver/staging/procedures/stg.usp_ConformSupplierPaymentForFact.sql,sqlserver-staging,sql,144,5769,WP04_sqlserver_staging
sqlserver/staging/procedures/stg.usp_ConformSupplierTransactionForFact.sql,sqlserver-staging,sql,181,7552,WP04_sqlserver_staging
sqlserver/staging/procedures/stg.usp_ConformTransactionForFact.sql,sqlserver-staging,sql,168,6583,WP04_sqlserver_staging
sqlserver/staging/procedures/stg.usp_ConvertCurrencyAmounts.sql,sqlserver-staging,sql,252,11193,WP04_sqlserver_staging
sqlserver/staging/procedures/stg.usp_DeduplicateCustomer.sql,sqlserver-staging,sql,315,13855,WP04_sqlserver_staging
sqlserver/staging/procedures/stg.usp_DeduplicateOrderLine.sql,sqlserver-staging,sql,206,8000,WP04_sqlserver_staging
sqlserver/staging/procedures/stg.usp_DeduplicateSupplier.sql,sqlserver-staging,sql,192,8549,WP04_sqlserver_staging
sqlserver/staging/procedures/stg.usp_NormalizeAddress.sql,sqlserver-staging,sql,289,12410,WP04_sqlserver_staging
sqlserver/staging/procedures/stg.usp_NormalizeCustomer.sql,sqlserver-staging,sql,178,8068,WP04_sqlserver_staging
sqlserver/staging/procedures/stg.usp_NormalizeSupplier.sql,sqlserver-staging,sql,168,7284,WP04_sqlserver_staging
sqlserver/staging/procedures/stg.usp_TranslateSourceCodes.sql,sqlserver-staging,sql,206,9020,WP04_sqlserver_staging
sqlserver/staging/procedures/stg.usp_TruncateAndReload_Customer.sql,sqlserver-staging,sql,403,18857,WP04_sqlserver_staging
sqlserver/staging/procedures/stg.usp_TruncateAndReload_Geography.sql,sqlserver-staging,sql,219,9889,WP04_sqlserver_staging
sqlserver/staging/procedures/stg.usp_TruncateAndReload_Product.sql,sqlserver-staging,sql,270,12559,WP04_sqlserver_staging
sqlserver/staging/procedures/stg.usp_TruncateAndReload_Receipt.sql,sqlserver-staging,sql,214,9254,WP04_sqlserver_staging
sqlserver/staging/procedures/stg.usp_TruncateAndReload_Supplier.sql,sqlserver-staging,sql,336,16678,WP04_sqlserver_staging
sqlserver/staging/procedures/work.usp_BuildInventoryPositionDaily.sql,sqlserver-staging,sql,205,9565,WP04_sqlserver_staging
sqlserver/staging/procedures/work.usp_BuildProductCrosswalk.sql,sqlserver-staging,sql,292,13114,WP04_sqlserver_staging
sqlserver/staging/procedures/work.usp_MatchPaymentsToInvoices.sql,sqlserver-staging,sql,328,14010,WP04_sqlserver_staging
sqlserver/staging/procedures/work.usp_QueueLateArrivingDimensions.sql,sqlserver-staging,sql,245,11138,WP04_sqlserver_staging
sqlserver/staging/tables/10_raw_tables_oracle.sql,sqlserver-staging,sql,653,33173,WP04_sqlserver_staging
sqlserver/staging/tables/11_raw_tables_sqlserver.sql,sqlserver-staging,sql,400,19632,WP04_sqlserver_staging
sqlserver/staging/tables/12_raw_tables_file.sql,sqlserver-staging,sql,144,7316,WP04_sqlserver_staging
sqlserver/staging/tables/20_stg_tables_master.sql,sqlserver-staging,sql,433,23782,WP04_sqlserver_staging
sqlserver/staging/tables/21_stg_tables_finance.sql,sqlserver-staging,sql,470,25087,WP04_sqlserver_staging
sqlserver/staging/tables/22_stg_tables_sales.sql,sqlserver-staging,sql,482,25325,WP04_sqlserver_staging
sqlserver/staging/tables/23_stg_tables_dimension_sources.sql,sqlserver-staging,sql,206,12290,WP04_sqlserver_staging
sqlserver/staging/tables/24_stg_tables_fact_sources.sql,sqlserver-staging,sql,479,26682,WP04_sqlserver_staging
sqlserver/staging/tables/30_work_tables.sql,sqlserver-staging,sql,377,20289,WP04_sqlserver_staging
sqlserver/staging/tables/40_err_tables.sql,sqlserver-staging,sql,305,17151,WP04_sqlserver_staging
sqlserver/staging/tables/50_ref_tables.sql,sqlserver-staging,sql,272,13943,WP04_sqlserver_staging
sqlserver/staging/views/err.vw_RejectSummaryByBatch.sql,sqlserver-staging,sql,65,4068,WP04_sqlserver_staging
sqlserver/staging/views/err.vw_RejectTrend.sql,sqlserver-staging,sql,72,2636,WP04_sqlserver_staging
sqlserver/staging/views/stg.vw_CustomerReadyForDimension.sql,sqlserver-staging,sql,71,2742,WP04_sqlserver_staging
sqlserver/staging/views/stg.vw_OrderLineReadyForFact.sql,sqlserver-staging,sql,62,1750,WP04_sqlserver_staging
sqlserver/staging/views/stg.vw_PaymentReadyForFact.sql,sqlserver-staging,sql,72,2505,WP04_sqlserver_staging
sqlserver/staging/views/stg.vw_ProductReadyForDimension.sql,sqlserver-staging,sql,69,3206,WP04_sqlserver_staging
sqlserver/staging/views/stg.vw_PurchaseLineReadyForFact.sql,sqlserver-staging,sql,82,2663,WP04_sqlserver_staging
sqlserver/staging/views/stg.vw_SaleLineReadyForFact.sql,sqlserver-staging,sql,93,3497,WP04_sqlserver_staging
sqlserver/staging/views/stg.vw_ShipmentReadyForFact.sql,sqlserver-staging,sql,96,3825,WP04_sqlserver_staging
sqlserver/staging/views/stg.vw_SupplierReadyForDimension.sql,sqlserver-staging,sql,76,2683,WP04_sqlserver_staging
sqlserver/views/Report.00 Schema.sql,sqlserver-dw,sql,14,498,WP06_dw_facts_aggregates
sqlserver/views/Report.vw_ApAgingCurrent.sql,sqlserver-dw,sql,72,3735,WP06_dw_facts_aggregates
sqlserver/views/Report.vw_Customer360.sql,sqlserver-dw,sql,78,4608,WP06_dw_facts_aggregates
sqlserver/views/Report.vw_CustomerChurnRisk.sql,sqlserver-dw,sql,82,4766,WP06_dw_facts_aggregates
sqlserver/views/Report.vw_DailySalesTrend.sql,sqlserver-dw,sql,105,5747,WP06_dw_facts_aggregates
sqlserver/views/Report.vw_FinanceCloseStatus.sql,sqlserver-dw,sql,86,5025,WP06_dw_facts_aggregates
sqlserver/views/Report.vw_InventoryHealthCurrent.sql,sqlserver-dw,sql,78,4498,WP06_dw_facts_aggregates
sqlserver/views/Report.vw_LoyaltyProgramSummary.sql,sqlserver-dw,sql,105,5704,WP06_dw_facts_aggregates
sqlserver/views/Report.vw_MarginByProductCategory.sql,sqlserver-dw,sql,67,3893,WP06_dw_facts_aggregates
sqlserver/views/Report.vw_OrderToCashCycle.sql,sqlserver-dw,sql,89,5251,WP06_dw_facts_aggregates
sqlserver/views/Report.vw_PromotionRoi.sql,sqlserver-dw,sql,81,4857,WP06_dw_facts_aggregates
sqlserver/views/Report.vw_ReturnsRateByCategory.sql,sqlserver-dw,sql,107,6226,WP06_dw_facts_aggregates
sqlserver/views/Report.vw_SalesByCustomerMonth.sql,sqlserver-dw,sql,73,4555,WP06_dw_facts_aggregates
sqlserver/views/Report.vw_SalesByProductMonth.sql,sqlserver-dw,sql,71,4335,WP06_dw_facts_aggregates
sqlserver/views/Report.vw_SalesByTerritoryMonth.sql,sqlserver-dw,sql,64,3920,WP06_dw_facts_aggregates
sqlserver/views/Report.vw_SupplierOnTimeDelivery.sql,sqlserver-dw,sql,76,4194,WP06_dw_facts_aggregates
sqlserver/views/Report.vw_SupplierSpendYtd.sql,sqlserver-dw,sql,107,5749,WP06_dw_facts_aggregates
sqlserver/warehouse/aggregates/Aggregate.00 Schema.sql,sqlserver-dw,sql,24,914,WP06_dw_facts_aggregates
sqlserver/warehouse/aggregates/Aggregate.Customer Summaries.sql,sqlserver-dw,sql,101,5358,WP06_dw_facts_aggregates
sqlserver/warehouse/aggregates/Aggregate.Daily Summaries.sql,sqlserver-dw,sql,94,4985,WP06_dw_facts_aggregates
sqlserver/warehouse/aggregates/Aggregate.Delivery Performance Summary.sql,sqlserver-dw,sql,63,3442,WP06_dw_facts_aggregates
sqlserver/warehouse/aggregates/Aggregate.Finance Close Summary.sql,sqlserver-dw,sql,62,3414,WP06_dw_facts_aggregates
sqlserver/warehouse/aggregates/Aggregate.Monthly Summaries.sql,sqlserver-dw,sql,100,5497,WP06_dw_facts_aggregates
sqlserver/warehouse/aggregates/Aggregate.Product Performance.sql,sqlserver-dw,sql,60,3260,WP06_dw_facts_aggregates
sqlserver/warehouse/aggregates/Aggregate.Promotion Effectiveness.sql,sqlserver-dw,sql,58,3183,WP06_dw_facts_aggregates
sqlserver/warehouse/aggregates/Aggregate.Regional Sales Performance.sql,sqlserver-dw,sql,66,3637,WP06_dw_facts_aggregates
sqlserver/warehouse/aggregates/Aggregate.Supplier Performance.sql,sqlserver-dw,sql,70,3831,WP06_dw_facts_aggregates
sqlserver/warehouse/dimensions/00_dimension_schemas_and_sequences.sql,sqlserver-dw,sql,105,4129,WP05_dw_dimensions
sqlserver/warehouse/dimensions/01_dimension_key_registry.sql,sqlserver-dw,sql,170,11694,WP05_dw_dimensions
sqlserver/warehouse/dimensions/90_unknown_members.sql,sqlserver-dw,sql,308,16603,WP05_dw_dimensions
sqlserver/warehouse/dimensions/91_date_role_playing_views.sql,sqlserver-dw,sql,198,10041,WP05_dw_dimensions
sqlserver/warehouse/dimensions/Dimension.Buying Group.sql,sqlserver-dw,sql,78,4286,WP05_dw_dimensions
sqlserver/warehouse/dimensions/Dimension.Carrier.sql,sqlserver-dw,sql,71,4067,WP05_dw_dimensions
sqlserver/warehouse/dimensions/Dimension.City.sql,sqlserver-dw,sql,123,6627,WP05_dw_dimensions
sqlserver/warehouse/dimensions/Dimension.Cost Center.sql,sqlserver-dw,sql,85,4760,WP05_dw_dimensions
sqlserver/warehouse/dimensions/Dimension.Country.sql,sqlserver-dw,sql,62,3424,WP05_dw_dimensions
sqlserver/warehouse/dimensions/Dimension.Currency.sql,sqlserver-dw,sql,58,3537,WP05_dw_dimensions
sqlserver/warehouse/dimensions/Dimension.Customer Buying Group Bridge.sql,sqlserver-dw,sql,69,4016,WP05_dw_dimensions
sqlserver/warehouse/dimensions/Dimension.Customer Category.sql,sqlserver-dw,sql,64,3461,WP05_dw_dimensions
sqlserver/warehouse/dimensions/Dimension.Customer Demographic.sql,sqlserver-dw,sql,59,3695,WP05_dw_dimensions
sqlserver/warehouse/dimensions/Dimension.Customer Segment.sql,sqlserver-dw,sql,72,4086,WP05_dw_dimensions
sqlserver/warehouse/dimensions/Dimension.Customer.sql,sqlserver-dw,sql,200,10839,WP05_dw_dimensions
sqlserver/warehouse/dimensions/Dimension.Date.sql,sqlserver-dw,sql,160,9034,WP05_dw_dimensions
sqlserver/warehouse/dimensions/Dimension.Employee Territory Bridge.sql,sqlserver-dw,sql,70,4223,WP05_dw_dimensions
sqlserver/warehouse/dimensions/Dimension.Employee.sql,sqlserver-dw,sql,138,7135,WP05_dw_dimensions
sqlserver/warehouse/dimensions/Dimension.Fiscal Calendar.sql,sqlserver-dw,sql,68,3778,WP05_dw_dimensions
sqlserver/warehouse/dimensions/Dimension.GL Account.sql,sqlserver-dw,sql,74,4134,WP05_dw_dimensions
sqlserver/warehouse/dimensions/Dimension.Geography.sql,sqlserver-dw,sql,75,4524,WP05_dw_dimensions
sqlserver/warehouse/dimensions/Dimension.Loyalty Tier.sql,sqlserver-dw,sql,74,4238,WP05_dw_dimensions
sqlserver/warehouse/dimensions/Dimension.Order Status Junk.sql,sqlserver-dw,sql,56,3428,WP05_dw_dimensions
sqlserver/warehouse/dimensions/Dimension.Payment Method.sql,sqlserver-dw,sql,58,3294,WP05_dw_dimensions
sqlserver/warehouse/dimensions/Dimension.Payment Terms.sql,sqlserver-dw,sql,64,3637,WP05_dw_dimensions
sqlserver/warehouse/dimensions/Dimension.Product Category.sql,sqlserver-dw,sql,65,3581,WP05_dw_dimensions
sqlserver/warehouse/dimensions/Dimension.Product Hierarchy.sql,sqlserver-dw,sql,90,5103,WP05_dw_dimensions
sqlserver/warehouse/dimensions/Dimension.Promotion.sql,sqlserver-dw,sql,93,5283,WP05_dw_dimensions
sqlserver/warehouse/dimensions/Dimension.Region.sql,sqlserver-dw,sql,103,7226,WP05_dw_dimensions
sqlserver/warehouse/dimensions/Dimension.Return Reason.sql,sqlserver-dw,sql,64,3807,WP05_dw_dimensions
sqlserver/warehouse/dimensions/Dimension.Sales Channel.sql,sqlserver-dw,sql,57,3390,WP05_dw_dimensions
sqlserver/warehouse/dimensions/Dimension.Sales Territory.sql,sqlserver-dw,sql,62,3496,WP05_dw_dimensions
sqlserver/warehouse/dimensions/Dimension.Salesperson.sql,sqlserver-dw,sql,91,5090,WP05_dw_dimensions
sqlserver/warehouse/dimensions/Dimension.Stock Item.sql,sqlserver-dw,sql,146,7945,WP05_dw_dimensions
sqlserver/warehouse/dimensions/Dimension.Supplier Category.sql,sqlserver-dw,sql,58,3054,WP05_dw_dimensions
sqlserver/warehouse/dimensions/Dimension.Supplier.sql,sqlserver-dw,sql,145,7828,WP05_dw_dimensions
sqlserver/warehouse/dimensions/Dimension.Tax Jurisdiction.sql,sqlserver-dw,sql,78,4548,WP05_dw_dimensions
sqlserver/warehouse/dimensions/Dimension.Time.sql,sqlserver-dw,sql,55,3106,WP05_dw_dimensions
sqlserver/warehouse/dimensions/Dimension.Transaction Type.sql,sqlserver-dw,sql,59,3396,WP05_dw_dimensions
sqlserver/warehouse/dimensions/Dimension.Vendor Contract.sql,sqlserver-dw,sql,93,5371,WP05_dw_dimensions
sqlserver/warehouse/dimensions/Dimension.Warehouse Site.sql,sqlserver-dw,sql,69,3927,WP05_dw_dimensions
sqlserver/warehouse/facts/Fact.Credit Note.sql,sqlserver-dw,sql,88,4680,WP06_dw_facts_aggregates
sqlserver/warehouse/facts/Fact.Customer Transaction.sql,sqlserver-dw,sql,85,4762,WP06_dw_facts_aggregates
sqlserver/warehouse/facts/Fact.Daily Snapshots.sql,sqlserver-dw,sql,265,14346,WP06_dw_facts_aggregates
sqlserver/warehouse/facts/Fact.Fact Load Hold.sql,sqlserver-dw,sql,61,3398,WP06_dw_facts_aggregates
sqlserver/warehouse/facts/Fact.GL Posting.sql,sqlserver-dw,sql,95,5175,WP06_dw_facts_aggregates
sqlserver/warehouse/facts/Fact.Loyalty Points.sql,sqlserver-dw,sql,88,4850,WP06_dw_facts_aggregates
sqlserver/warehouse/facts/Fact.Monthly Snapshots.sql,sqlserver-dw,sql,294,16172,WP06_dw_facts_aggregates
sqlserver/warehouse/facts/Fact.Movement.Extensions.sql,sqlserver-dw,sql,96,4430,WP06_dw_facts_aggregates
sqlserver/warehouse/facts/Fact.Order Fulfilment.sql,sqlserver-dw,sql,107,5996,WP06_dw_facts_aggregates
sqlserver/warehouse/facts/Fact.Order.Extensions.sql,sqlserver-dw,sql,120,5281,WP06_dw_facts_aggregates
sqlserver/warehouse/facts/Fact.Payment.sql,sqlserver-dw,sql,100,5476,WP06_dw_facts_aggregates
sqlserver/warehouse/facts/Fact.Procure To Pay.sql,sqlserver-dw,sql,93,5301,WP06_dw_facts_aggregates
sqlserver/warehouse/facts/Fact.Promotion Eligibility.sql,sqlserver-dw,sql,72,4263,WP06_dw_facts_aggregates
sqlserver/warehouse/facts/Fact.Purchase Receipt.sql,sqlserver-dw,sql,97,5303,WP06_dw_facts_aggregates
sqlserver/warehouse/facts/Fact.Purchase.Extensions.sql,sqlserver-dw,sql,124,5653,WP06_dw_facts_aggregates
sqlserver/warehouse/facts/Fact.Return.sql,sqlserver-dw,sql,92,4993,WP06_dw_facts_aggregates
sqlserver/warehouse/facts/Fact.Sale.Extensions.sql,sqlserver-dw,sql,193,8647,WP06_dw_facts_aggregates
sqlserver/warehouse/facts/Fact.Sales Margin.sql,sqlserver-dw,sql,98,5381,WP06_dw_facts_aggregates
sqlserver/warehouse/facts/Fact.Salesperson Territory Coverage.sql,sqlserver-dw,sql,63,3896,WP06_dw_facts_aggregates
sqlserver/warehouse/facts/Fact.Shipment.sql,sqlserver-dw,sql,105,5927,WP06_dw_facts_aggregates
sqlserver/warehouse/facts/Fact.Stock Holding.Extensions.sql,sqlserver-dw,sql,87,4256,WP06_dw_facts_aggregates
sqlserver/warehouse/facts/Fact.Supplier Ledger.sql,sqlserver-dw,sql,181,9948,WP06_dw_facts_aggregates
sqlserver/warehouse/facts/Fact.Transaction.Extensions.sql,sqlserver-dw,sql,101,4695,WP06_dw_facts_aggregates
sqlserver/warehouse/facts/Fact.Web Session.sql,sqlserver-dw,sql,91,4920,WP06_dw_facts_aggregates
ssis/00_orchestration/Master_Customer_Sync.dtsx,ssis,dtsx,2143,106605,WP10_ssis_domain_orchestration
ssis/00_orchestration/Master_Daily_ETL.dtsx,ssis,dtsx,9380,457386,WP10_ssis_domain_orchestration
ssis/00_orchestration/Master_File_Ingestion.dtsx,ssis,dtsx,1507,73797,WP10_ssis_domain_orchestration
ssis/00_orchestration/Master_Finance_Close.dtsx,ssis,dtsx,1498,73627,WP10_ssis_domain_orchestration
ssis/00_orchestration/Master_Hourly_Incremental.dtsx,ssis,dtsx,1963,94528,WP10_ssis_domain_orchestration
ssis/00_orchestration/Master_Intraday_Inventory.dtsx,ssis,dtsx,1700,83851,WP10_ssis_domain_orchestration
ssis/00_orchestration/Master_Month_End.dtsx,ssis,dtsx,1882,93751,WP10_ssis_domain_orchestration
ssis/00_orchestration/Master_Weekly_Maintenance.dtsx,ssis,dtsx,1329,64586,WP10_ssis_domain_orchestration
ssis/00_orchestration/Master_Weekly_Reference_Load.dtsx,ssis,dtsx,1606,78805,WP10_ssis_domain_orchestration
ssis/00_orchestration/Project.params,ssis,params,265,14815,WP10_ssis_domain_orchestration
ssis/00_orchestration/WWI_Archive_Files.conmgr,ssis,conmgr,12,527,WP10_ssis_domain_orchestration
ssis/00_orchestration/WWI_DW_Destination_DB.conmgr,ssis,conmgr,12,1031,WP10_ssis_domain_orchestration
ssis/00_orchestration/WWI_Inbound_Files.conmgr,ssis,conmgr,12,517,WP10_ssis_domain_orchestration
ssis/00_orchestration/WWI_Oracle_ERP.conmgr,ssis,conmgr,12,816,WP10_ssis_domain_orchestration
ssis/00_orchestration/WWI_Orchestration.dtproj,ssis,dtproj,453,27928,WP10_ssis_domain_orchestration
ssis/00_orchestration/WWI_Reject_Files.conmgr,ssis,conmgr,12,512,WP10_ssis_domain_orchestration
ssis/00_orchestration/WWI_Source_DB.conmgr,ssis,conmgr,12,1020,WP10_ssis_domain_orchestration
ssis/00_orchestration/WWI_Staging_DB.conmgr,ssis,conmgr,12,1063,WP10_ssis_domain_orchestration
ssis/00_orchestration/build_orchestration_packages.py,ssis,py,1111,55368,WP10_ssis_domain_orchestration
ssis/01_oracle_extract/EXT_ORA_ApAging.dtsx,ssis,dtsx,590,56956,WP07_ssis_extracts
ssis/01_oracle_extract/EXT_ORA_ApInvoiceHdr.dtsx,ssis,dtsx,800,98623,WP07_ssis_extracts
ssis/01_oracle_extract/EXT_ORA_ApInvoiceLine.dtsx,ssis,dtsx,722,80985,WP07_ssis_extracts
ssis/01_oracle_extract/EXT_ORA_ApPayment.dtsx,ssis,dtsx,751,87732,WP07_ssis_extracts
ssis/01_oracle_extract/EXT_ORA_ApPaymentApply.dtsx,ssis,dtsx,691,77106,WP07_ssis_extracts
ssis/01_oracle_extract/EXT_ORA_CodeTranslation.dtsx,ssis,dtsx,579,52915,WP07_ssis_extracts
ssis/01_oracle_extract/EXT_ORA_CostCenter.dtsx,ssis,dtsx,627,60638,WP07_ssis_extracts
ssis/01_oracle_extract/EXT_ORA_Currency.dtsx,ssis,dtsx,559,47967,WP07_ssis_extracts
ssis/01_oracle_extract/EXT_ORA_CustomerAddress.dtsx,ssis,dtsx,796,90397,WP07_ssis_extracts
ssis/01_oracle_extract/EXT_ORA_CustomerMaster.dtsx,ssis,dtsx,1060,142891,WP07_ssis_extracts
ssis/01_oracle_extract/EXT_ORA_FxRateDaily.dtsx,ssis,dtsx,742,65649,WP07_ssis_extracts
ssis/01_oracle_extract/EXT_ORA_Geography.dtsx,ssis,dtsx,656,70278,WP07_ssis_extracts
ssis/01_oracle_extract/EXT_ORA_GlJournalLine.dtsx,ssis,dtsx,791,95069,WP07_ssis_extracts
ssis/01_oracle_extract/EXT_ORA_PaymentTerms.dtsx,ssis,dtsx,586,54389,WP07_ssis_extracts
ssis/01_oracle_extract/EXT_ORA_ProductHierarchy.dtsx,ssis,dtsx,576,55172,WP07_ssis_extracts
ssis/01_oracle_extract/EXT_ORA_ProductMaster.dtsx,ssis,dtsx,924,113567,WP07_ssis_extracts
ssis/01_oracle_extract/EXT_ORA_PurchaseOrderHdr.dtsx,ssis,dtsx,763,95739,WP07_ssis_extracts
ssis/01_oracle_extract/EXT_ORA_PurchaseOrderLine.dtsx,ssis,dtsx,750,87557,WP07_ssis_extracts
ssis/01_oracle_extract/EXT_ORA_ReceiptLine.dtsx,ssis,dtsx,749,88911,WP07_ssis_extracts
ssis/01_oracle_extract/EXT_ORA_SupplierMaster.dtsx,ssis,dtsx,754,91365,WP07_ssis_extracts
ssis/01_oracle_extract/EXT_ORA_TaxRate.dtsx,ssis,dtsx,634,56964,WP07_ssis_extracts
ssis/01_oracle_extract/EXT_ORA_VendorContract.dtsx,ssis,dtsx,620,65773,WP07_ssis_extracts
ssis/01_oracle_extract/Project.params,ssis,params,265,14815,WP07_ssis_extracts
ssis/01_oracle_extract/WWI_Extract_Oracle.dtproj,ssis,dtproj,526,33784,WP07_ssis_extracts
ssis/01_oracle_extract/WWI_Oracle_ERP.conmgr,ssis,conmgr,12,816,WP07_ssis_extracts
ssis/01_oracle_extract/WWI_Staging_DB.conmgr,ssis,conmgr,12,1063,WP07_ssis_extracts
ssis/01_oracle_extract/generate_oracle_extracts.py,ssis,py,2445,89122,WP07_ssis_extracts
ssis/02_sqlserver_extract/EXT_SQL_Cities.dtsx,ssis,dtsx,650,68777,WP07_ssis_extracts
ssis/02_sqlserver_extract/EXT_SQL_CreditNotes.dtsx,ssis,dtsx,714,82300,WP07_ssis_extracts
ssis/02_sqlserver_extract/EXT_SQL_CustomerSegments.dtsx,ssis,dtsx,644,67934,WP07_ssis_extracts
ssis/02_sqlserver_extract/EXT_SQL_CustomerTransactions.dtsx,ssis,dtsx,737,85122,WP07_ssis_extracts
ssis/02_sqlserver_extract/EXT_SQL_InvoiceLines.dtsx,ssis,dtsx,719,75647,WP07_ssis_extracts
ssis/02_sqlserver_extract/EXT_SQL_Invoices.dtsx,ssis,dtsx,806,96203,WP07_ssis_extracts
ssis/02_sqlserver_extract/EXT_SQL_LoyaltyLedger.dtsx,ssis,dtsx,676,65364,WP07_ssis_extracts
ssis/02_sqlserver_extract/EXT_SQL_OrderLines.dtsx,ssis,dtsx,737,78498,WP07_ssis_extracts
ssis/02_sqlserver_extract/EXT_SQL_Orders.dtsx,ssis,dtsx,966,106839,WP07_ssis_extracts
ssis/02_sqlserver_extract/EXT_SQL_PaymentMethods.dtsx,ssis,dtsx,577,53113,WP07_ssis_extracts
ssis/02_sqlserver_extract/EXT_SQL_People.dtsx,ssis,dtsx,590,54858,WP07_ssis_extracts
ssis/02_sqlserver_extract/EXT_SQL_Promotions.dtsx,ssis,dtsx,610,60825,WP07_ssis_extracts
ssis/02_sqlserver_extract/EXT_SQL_Returns.dtsx,ssis,dtsx,750,87916,WP07_ssis_extracts
ssis/02_sqlserver_extract/EXT_SQL_SalesTerritories.dtsx,ssis,dtsx,602,60859,WP07_ssis_extracts
ssis/02_sqlserver_extract/EXT_SQL_ShipmentLines.dtsx,ssis,dtsx,701,70315,WP07_ssis_extracts
ssis/02_sqlserver_extract/EXT_SQL_Shipments.dtsx,ssis,dtsx,786,91971,WP07_ssis_extracts
ssis/02_sqlserver_extract/EXT_SQL_StockItems.dtsx,ssis,dtsx,944,118887,WP07_ssis_extracts
ssis/02_sqlserver_extract/EXT_SQL_StockMovements.dtsx,ssis,dtsx,820,99851,WP07_ssis_extracts
ssis/02_sqlserver_extract/EXT_SQL_StockTransfers.dtsx,ssis,dtsx,701,77118,WP07_ssis_extracts
ssis/02_sqlserver_extract/EXT_SQL_SupplierTransactions.dtsx,ssis,dtsx,706,83490,WP07_ssis_extracts
ssis/02_sqlserver_extract/EXT_SQL_TransactionTypes.dtsx,ssis,dtsx,589,51890,WP07_ssis_extracts
ssis/02_sqlserver_extract/EXT_SQL_WebSessions.dtsx,ssis,dtsx,705,70632,WP07_ssis_extracts
ssis/02_sqlserver_extract/Project.params,ssis,params,265,14815,WP07_ssis_extracts
ssis/02_sqlserver_extract/WWI_Extract_SqlServer.dtproj,ssis,dtproj,526,33788,WP07_ssis_extracts
ssis/02_sqlserver_extract/WWI_Source_DB.conmgr,ssis,conmgr,12,1020,WP07_ssis_extracts
ssis/02_sqlserver_extract/WWI_Staging_DB.conmgr,ssis,conmgr,12,1063,WP07_ssis_extracts
ssis/02_sqlserver_extract/generate_sqlserver_extracts.py,ssis,py,2393,86406,WP07_ssis_extracts
ssis/03_file_ingestion/ING_FILE_CarrierScan.dtsx,ssis,dtsx,1153,122511,WP07_ssis_extracts
ssis/03_file_ingestion/ING_FILE_FxOverride.dtsx,ssis,dtsx,1279,159423,WP07_ssis_extracts
ssis/03_file_ingestion/ING_FILE_PartnerSales_APAC.dtsx,ssis,dtsx,1176,146621,WP07_ssis_extracts
ssis/03_file_ingestion/ING_FILE_PartnerSales_EU.dtsx,ssis,dtsx,1217,156063,WP07_ssis_extracts
ssis/03_file_ingestion/ING_FILE_PartnerSales_NA.dtsx,ssis,dtsx,1274,168172,WP07_ssis_extracts
ssis/03_file_ingestion/ING_FILE_QuarantineMalformed.dtsx,ssis,dtsx,958,78462,WP07_ssis_extracts
ssis/03_file_ingestion/ING_FILE_SupplierCatalog.dtsx,ssis,dtsx,1244,163674,WP07_ssis_extracts
ssis/03_file_ingestion/Project.params,ssis,params,265,14815,WP07_ssis_extracts
ssis/03_file_ingestion/WWI_Archive_Files.conmgr,ssis,conmgr,12,527,WP07_ssis_extracts
ssis/03_file_ingestion/WWI_Inbound_Files.conmgr,ssis,conmgr,12,517,WP07_ssis_extracts
ssis/03_file_ingestion/WWI_Ingest_Files.dtproj,ssis,dtproj,277,16501,WP07_ssis_extracts
ssis/03_file_ingestion/WWI_Reject_Files.conmgr,ssis,conmgr,12,512,WP07_ssis_extracts
ssis/03_file_ingestion/WWI_Staging_DB.conmgr,ssis,conmgr,12,1063,WP07_ssis_extracts
ssis/03_file_ingestion/generate_file_ingestion.py,ssis,py,1295,50202,WP07_ssis_extracts
ssis/04_staging/Project.params,ssis,params,265,14815,WP08_ssis_staging_quality
ssis/04_staging/STG_Load_ApInvoice.dtsx,ssis,dtsx,1513,238209,WP08_ssis_staging_quality
ssis/04_staging/STG_Load_CostCenter.dtsx,ssis,dtsx,856,105781,WP08_ssis_staging_quality
ssis/04_staging/STG_Load_Currency.dtsx,ssis,dtsx,1049,116165,WP08_ssis_staging_quality
ssis/04_staging/STG_Load_Customer.dtsx,ssis,dtsx,1094,172627,WP08_ssis_staging_quality
ssis/04_staging/STG_Load_CustomerAddress.dtsx,ssis,dtsx,1746,287946,WP08_ssis_staging_quality
ssis/04_staging/STG_Load_Employee.dtsx,ssis,dtsx,1025,110495,WP08_ssis_staging_quality
ssis/04_staging/STG_Load_Geography.dtsx,ssis,dtsx,879,113137,WP08_ssis_staging_quality
ssis/04_staging/STG_Load_GlJournal.dtsx,ssis,dtsx,1028,151184,WP08_ssis_staging_quality
ssis/04_staging/STG_Load_LoyaltyLedger.dtsx,ssis,dtsx,811,77237,WP08_ssis_staging_quality
ssis/04_staging/STG_Load_Order.dtsx,ssis,dtsx,1193,156427,WP08_ssis_staging_quality
ssis/04_staging/STG_Load_PartnerSale.dtsx,ssis,dtsx,1107,160206,WP08_ssis_staging_quality
ssis/04_staging/STG_Load_Payment.dtsx,ssis,dtsx,1005,135865,WP08_ssis_staging_quality
ssis/04_staging/STG_Load_Product.dtsx,ssis,dtsx,989,146599,WP08_ssis_staging_quality
ssis/04_staging/STG_Load_PromotionAndTerritory.dtsx,ssis,dtsx,1016,110178,WP08_ssis_staging_quality
ssis/04_staging/STG_Load_PurchaseOrder.dtsx,ssis,dtsx,1550,246117,WP08_ssis_staging_quality
ssis/04_staging/STG_Load_ReturnAndCredit.dtsx,ssis,dtsx,1120,134476,WP08_ssis_staging_quality
ssis/04_staging/STG_Load_Sale.dtsx,ssis,dtsx,1152,145310,WP08_ssis_staging_quality
ssis/04_staging/STG_Load_Shipment.dtsx,ssis,dtsx,981,110425,WP08_ssis_staging_quality
ssis/04_staging/STG_Load_StockItem.dtsx,ssis,dtsx,864,112369,WP08_ssis_staging_quality
ssis/04_staging/STG_Load_StockMovement.dtsx,ssis,dtsx,842,96782,WP08_ssis_staging_quality
ssis/04_staging/STG_Load_Supplier.dtsx,ssis,dtsx,990,126119,WP08_ssis_staging_quality
ssis/04_staging/STG_Load_TaxAndTerms.dtsx,ssis,dtsx,1145,154441,WP08_ssis_staging_quality
ssis/04_staging/STG_Load_VendorContract.dtsx,ssis,dtsx,947,137262,WP08_ssis_staging_quality
ssis/04_staging/STG_Load_WebSession.dtsx,ssis,dtsx,878,105185,WP08_ssis_staging_quality
ssis/04_staging/STG_Work_CustomerDedup.dtsx,ssis,dtsx,1124,137108,WP08_ssis_staging_quality
ssis/04_staging/STG_Work_InventoryPosition.dtsx,ssis,dtsx,876,95218,WP08_ssis_staging_quality
ssis/04_staging/STG_Work_PaymentMatch.dtsx,ssis,dtsx,799,91285,WP08_ssis_staging_quality
ssis/04_staging/STG_Work_ProductCrosswalk.dtsx,ssis,dtsx,1032,113526,WP08_ssis_staging_quality
ssis/04_staging/WWI_Inbound_Files.conmgr,ssis,conmgr,12,517,WP08_ssis_staging_quality
ssis/04_staging/WWI_Oracle_ERP.conmgr,ssis,conmgr,12,816,WP08_ssis_staging_quality
ssis/04_staging/WWI_Source_DB.conmgr,ssis,conmgr,12,1020,WP08_ssis_staging_quality
ssis/04_staging/WWI_Staging.dtproj,ssis,dtproj,683,44330,WP08_ssis_staging_quality
ssis/04_staging/WWI_Staging_DB.conmgr,ssis,conmgr,12,1063,WP08_ssis_staging_quality
ssis/04_staging/build_staging_packages.py,ssis,py,2565,155992,WP08_ssis_staging_quality
ssis/05_data_quality/DQ_Customer_Screen.dtsx,ssis,dtsx,1047,127477,WP08_ssis_staging_quality
ssis/05_data_quality/DQ_File_Screen.dtsx,ssis,dtsx,947,102786,WP08_ssis_staging_quality
ssis/05_data_quality/DQ_InvoiceLine_Screen.dtsx,ssis,dtsx,1049,128093,WP08_ssis_staging_quality
ssis/05_data_quality/DQ_OrderLine_Screen.dtsx,ssis,dtsx,999,109416,WP08_ssis_staging_quality
ssis/05_data_quality/DQ_Payment_Screen.dtsx,ssis,dtsx,830,66672,WP08_ssis_staging_quality
ssis/05_data_quality/DQ_Referential_Screen.dtsx,ssis,dtsx,1112,112898,WP08_ssis_staging_quality
ssis/05_data_quality/DQ_Reject_Reprocess.dtsx,ssis,dtsx,843,82210,WP08_ssis_staging_quality
ssis/05_data_quality/DQ_Rule_Engine.dtsx,ssis,dtsx,815,64280,WP08_ssis_staging_quality
ssis/05_data_quality/DQ_Supplier_Screen.dtsx,ssis,dtsx,921,77313,WP08_ssis_staging_quality
ssis/05_data_quality/DQ_Threshold_Gate.dtsx,ssis,dtsx,973,87017,WP08_ssis_staging_quality
ssis/05_data_quality/Project.params,ssis,params,265,14815,WP08_ssis_staging_quality
ssis/05_data_quality/WWI_DataQuality.dtproj,ssis,dtproj,382,23339,WP08_ssis_staging_quality
ssis/05_data_quality/WWI_Oracle_ERP.conmgr,ssis,conmgr,12,816,WP08_ssis_staging_quality
ssis/05_data_quality/WWI_Source_DB.conmgr,ssis,conmgr,12,1020,WP08_ssis_staging_quality
ssis/05_data_quality/WWI_Staging_DB.conmgr,ssis,conmgr,12,1063,WP08_ssis_staging_quality
ssis/05_data_quality/build_quality_packages.py,ssis,py,1043,57204,WP08_ssis_staging_quality
ssis/06_reference_data/Project.params,ssis,params,265,14815,WP08_ssis_staging_quality
ssis/06_reference_data/REF_Load_Carrier.dtsx,ssis,dtsx,708,64921,WP08_ssis_staging_quality
ssis/06_reference_data/REF_Load_CodeTranslation.dtsx,ssis,dtsx,889,88132,WP08_ssis_staging_quality
ssis/06_reference_data/REF_Load_CostCenter.dtsx,ssis,dtsx,858,93783,WP08_ssis_staging_quality
ssis/06_reference_data/REF_Load_Currency.dtsx,ssis,dtsx,828,92513,WP08_ssis_staging_quality
ssis/06_reference_data/REF_Load_DateDimension.dtsx,ssis,dtsx,756,83742,WP08_ssis_staging_quality
ssis/06_reference_data/REF_Load_Geography.dtsx,ssis,dtsx,983,123916,WP08_ssis_staging_quality
ssis/06_reference_data/REF_Load_LoyaltyTier.dtsx,ssis,dtsx,708,67509,WP08_ssis_staging_quality
ssis/06_reference_data/REF_Load_PaymentMethod.dtsx,ssis,dtsx,698,65469,WP08_ssis_staging_quality
ssis/06_reference_data/REF_Load_PaymentTerms.dtsx,ssis,dtsx,728,72397,WP08_ssis_staging_quality
ssis/06_reference_data/REF_Load_ReturnReason.dtsx,ssis,dtsx,799,81323,WP08_ssis_staging_quality
ssis/06_reference_data/REF_Load_SalesChannel.dtsx,ssis,dtsx,698,64612,WP08_ssis_staging_quality
ssis/06_reference_data/REF_Load_TransactionType.dtsx,ssis,dtsx,940,98418,WP08_ssis_staging_quality
ssis/06_reference_data/REF_Load_UnknownMembers.dtsx,ssis,dtsx,706,59442,WP08_ssis_staging_quality
ssis/06_reference_data/REF_Load_WarehouseSite.dtsx,ssis,dtsx,867,106879,WP08_ssis_staging_quality
ssis/06_reference_data/WWI_DW_Destination_DB.conmgr,ssis,conmgr,12,1031,WP08_ssis_staging_quality
ssis/06_reference_data/WWI_ReferenceData.dtproj,ssis,dtproj,446,27974,WP08_ssis_staging_quality
ssis/06_reference_data/WWI_Source_DB.conmgr,ssis,conmgr,12,1020,WP08_ssis_staging_quality
ssis/06_reference_data/WWI_Staging_DB.conmgr,ssis,conmgr,12,1063,WP08_ssis_staging_quality
ssis/06_reference_data/build_reference_packages.py,ssis,py,1113,61210,WP08_ssis_staging_quality
ssis/07_dimensions/DIM_APAC_Load_Customer.dtsx,ssis,dtsx,1150,177716,WP09_ssis_dimensions_facts
ssis/07_dimensions/DIM_EU_Load_Customer.dtsx,ssis,dtsx,1283,201877,WP09_ssis_dimensions_facts
ssis/07_dimensions/DIM_Load_City.dtsx,ssis,dtsx,1071,145536,WP09_ssis_dimensions_facts
ssis/07_dimensions/DIM_Load_CustomerCategory.dtsx,ssis,dtsx,748,72361,WP09_ssis_dimensions_facts
ssis/07_dimensions/DIM_Load_CustomerSegment.dtsx,ssis,dtsx,823,96680,WP09_ssis_dimensions_facts
ssis/07_dimensions/DIM_Load_Employee.dtsx,ssis,dtsx,938,112531,WP09_ssis_dimensions_facts
ssis/07_dimensions/DIM_Load_ProductCategory.dtsx,ssis,dtsx,811,84907,WP09_ssis_dimensions_facts
ssis/07_dimensions/DIM_Load_Promotion.dtsx,ssis,dtsx,978,126959,WP09_ssis_dimensions_facts
ssis/07_dimensions/DIM_Load_SalesTerritory.dtsx,ssis,dtsx,766,75195,WP09_ssis_dimensions_facts
ssis/07_dimensions/DIM_Load_Salesperson.dtsx,ssis,dtsx,1001,128316,WP09_ssis_dimensions_facts
ssis/07_dimensions/DIM_Load_StockItem.dtsx,ssis,dtsx,1129,166864,WP09_ssis_dimensions_facts
ssis/07_dimensions/DIM_Load_Supplier.dtsx,ssis,dtsx,1045,139310,WP09_ssis_dimensions_facts
ssis/07_dimensions/DIM_Load_VendorContract.dtsx,ssis,dtsx,995,136280,WP09_ssis_dimensions_facts
ssis/07_dimensions/DIM_NA_Load_Customer.dtsx,ssis,dtsx,1174,174063,WP09_ssis_dimensions_facts
ssis/07_dimensions/DIM_Rekey_LateArriving.dtsx,ssis,dtsx,1042,109731,WP09_ssis_dimensions_facts
ssis/07_dimensions/Project.params,ssis,params,265,14815,WP09_ssis_dimensions_facts
ssis/07_dimensions/WWI_DW_Destination_DB.conmgr,ssis,conmgr,12,1031,WP09_ssis_dimensions_facts
ssis/07_dimensions/WWI_Dimensions.dtproj,ssis,dtproj,414,26007,WP09_ssis_dimensions_facts
ssis/07_dimensions/WWI_Staging_DB.conmgr,ssis,conmgr,12,1063,WP09_ssis_dimensions_facts
ssis/07_dimensions/build_dimension_packages.py,ssis,py,2284,100501,WP09_ssis_dimensions_facts
ssis/08_facts/FACT_APAC_Load_Sale.dtsx,ssis,dtsx,1563,256401,WP09_ssis_dimensions_facts
ssis/08_facts/FACT_Apply_Corrections.dtsx,ssis,dtsx,1097,119054,WP09_ssis_dimensions_facts
ssis/08_facts/FACT_Dedup_Sale.dtsx,ssis,dtsx,859,76490,WP09_ssis_dimensions_facts
ssis/08_facts/FACT_EU_Load_Sale.dtsx,ssis,dtsx,1677,265809,WP09_ssis_dimensions_facts
ssis/08_facts/FACT_Load_CreditNote.dtsx,ssis,dtsx,1068,137415,WP09_ssis_dimensions_facts
ssis/08_facts/FACT_Load_CustomerTransaction.dtsx,ssis,dtsx,1037,129965,WP09_ssis_dimensions_facts
ssis/08_facts/FACT_Load_DailyInventorySnapshot.dtsx,ssis,dtsx,941,100110,WP09_ssis_dimensions_facts
ssis/08_facts/FACT_Load_DailySalesSnapshot.dtsx,ssis,dtsx,933,106760,WP09_ssis_dimensions_facts
ssis/08_facts/FACT_Load_GLPosting.dtsx,ssis,dtsx,1112,141985,WP09_ssis_dimensions_facts
ssis/08_facts/FACT_Load_LoyaltyPoints.dtsx,ssis,dtsx,1083,141627,WP09_ssis_dimensions_facts
ssis/08_facts/FACT_Load_Movement.dtsx,ssis,dtsx,1073,134326,WP09_ssis_dimensions_facts
ssis/08_facts/FACT_Load_Order.dtsx,ssis,dtsx,1387,205449,WP09_ssis_dimensions_facts
ssis/08_facts/FACT_Load_OrderFulfilment.dtsx,ssis,dtsx,1234,163220,WP09_ssis_dimensions_facts
ssis/08_facts/FACT_Load_Payment.dtsx,ssis,dtsx,1300,165926,WP09_ssis_dimensions_facts
ssis/08_facts/FACT_Load_Purchase.dtsx,ssis,dtsx,1302,182068,WP09_ssis_dimensions_facts
ssis/08_facts/FACT_Load_PurchaseReceipt.dtsx,ssis,dtsx,1311,182694,WP09_ssis_dimensions_facts
ssis/08_facts/FACT_Load_Return.dtsx,ssis,dtsx,1167,156442,WP09_ssis_dimensions_facts
ssis/08_facts/FACT_Load_Shipment.dtsx,ssis,dtsx,1231,161695,WP09_ssis_dimensions_facts
ssis/08_facts/FACT_Load_StockHolding.dtsx,ssis,dtsx,961,119200,WP09_ssis_dimensions_facts
ssis/08_facts/FACT_Load_SupplierPayment.dtsx,ssis,dtsx,1194,177693,WP09_ssis_dimensions_facts
ssis/08_facts/FACT_Load_SupplierTransaction.dtsx,ssis,dtsx,1078,148450,WP09_ssis_dimensions_facts
ssis/08_facts/FACT_Load_Transaction.dtsx,ssis,dtsx,1042,137609,WP09_ssis_dimensions_facts
ssis/08_facts/FACT_Load_WebSession.dtsx,ssis,dtsx,1145,149375,WP09_ssis_dimensions_facts
ssis/08_facts/FACT_NA_Load_Sale.dtsx,ssis,dtsx,1579,245177,WP09_ssis_dimensions_facts
ssis/08_facts/Project.params,ssis,params,265,14815,WP09_ssis_dimensions_facts
ssis/08_facts/WWI_DW_Destination_DB.conmgr,ssis,conmgr,12,1031,WP09_ssis_dimensions_facts
ssis/08_facts/WWI_Facts.dtproj,ssis,dtproj,558,36126,WP09_ssis_dimensions_facts
ssis/08_facts/WWI_Staging_DB.conmgr,ssis,conmgr,12,1063,WP09_ssis_dimensions_facts
ssis/08_facts/build_fact_packages.py,ssis,py,3156,153235,WP09_ssis_dimensions_facts
ssis/09_aggregates/AGG_Publish_ReportingLayer.dtsx,ssis,dtsx,730,38231,WP09_ssis_dimensions_facts
ssis/09_aggregates/AGG_Refresh_Customer360.dtsx,ssis,dtsx,1009,133681,WP09_ssis_dimensions_facts
ssis/09_aggregates/AGG_Refresh_CustomerRolling12Month.dtsx,ssis,dtsx,896,102713,WP09_ssis_dimensions_facts
ssis/09_aggregates/AGG_Refresh_DailyInventoryHealth.dtsx,ssis,dtsx,884,99415,WP09_ssis_dimensions_facts
ssis/09_aggregates/AGG_Refresh_DailySalesSummary.dtsx,ssis,dtsx,883,101150,WP09_ssis_dimensions_facts
ssis/09_aggregates/AGG_Refresh_DeliveryPerformanceSummary.dtsx,ssis,dtsx,908,108079,WP09_ssis_dimensions_facts
ssis/09_aggregates/AGG_Refresh_FinanceCloseSummary.dtsx,ssis,dtsx,898,101198,WP09_ssis_dimensions_facts
ssis/09_aggregates/AGG_Refresh_MonthlyMarginAnalysis.dtsx,ssis,dtsx,897,101474,WP09_ssis_dimensions_facts
ssis/09_aggregates/AGG_Refresh_MonthlySalesSummary.dtsx,ssis,dtsx,885,101743,WP09_ssis_dimensions_facts
ssis/09_aggregates/AGG_Refresh_ProductPerformance.dtsx,ssis,dtsx,941,105277,WP09_ssis_dimensions_facts
ssis/09_aggregates/AGG_Refresh_PromotionEffectiveness.dtsx,ssis,dtsx,932,114990,WP09_ssis_dimensions_facts
ssis/09_aggregates/AGG_Refresh_RegionalSalesPerformance.dtsx,ssis,dtsx,1078,129858,WP09_ssis_dimensions_facts
ssis/09_aggregates/AGG_Refresh_SupplierPerformance.dtsx,ssis,dtsx,907,110864,WP09_ssis_dimensions_facts
ssis/09_aggregates/Project.params,ssis,params,265,14815,WP09_ssis_dimensions_facts
ssis/09_aggregates/WWI_Aggregates.dtproj,ssis,dtproj,382,24197,WP09_ssis_dimensions_facts
ssis/09_aggregates/WWI_DW_Destination_DB.conmgr,ssis,conmgr,12,1031,WP09_ssis_dimensions_facts
ssis/09_aggregates/WWI_Staging_DB.conmgr,ssis,conmgr,12,1063,WP09_ssis_dimensions_facts
ssis/09_aggregates/build_aggregate_packages.py,ssis,py,1719,82080,WP09_ssis_dimensions_facts
ssis/10_finance/FIN_Close_PeriodLock.dtsx,ssis,dtsx,532,27849,WP10_ssis_domain_orchestration
ssis/10_finance/FIN_Currency_Revaluation.dtsx,ssis,dtsx,687,50096,WP10_ssis_domain_orchestration
ssis/10_finance/FIN_Load_ApAging.dtsx,ssis,dtsx,817,89984,WP10_ssis_domain_orchestration
ssis/10_finance/FIN_Load_CostAllocation.dtsx,ssis,dtsx,660,49945,WP10_ssis_domain_orchestration
ssis/10_finance/FIN_Load_GlPostings.dtsx,ssis,dtsx,752,84476,WP10_ssis_domain_orchestration
ssis/10_finance/FIN_Load_WithholdingTax.dtsx,ssis,dtsx,736,77138,WP10_ssis_domain_orchestration
ssis/10_finance/FIN_Reconcile_SubledgerToGl.dtsx,ssis,dtsx,503,28441,WP10_ssis_domain_orchestration
ssis/10_finance/Project.params,ssis,params,265,14815,WP10_ssis_domain_orchestration
ssis/10_finance/WWI_DW_Destination_DB.conmgr,ssis,conmgr,12,1031,WP10_ssis_domain_orchestration
ssis/10_finance/WWI_Finance.dtproj,ssis,dtproj,299,17897,WP10_ssis_domain_orchestration
ssis/10_finance/WWI_Reject_Files.conmgr,ssis,conmgr,12,512,WP10_ssis_domain_orchestration
ssis/10_finance/WWI_Staging_DB.conmgr,ssis,conmgr,12,1063,WP10_ssis_domain_orchestration
ssis/10_finance/build_finance_packages.py,ssis,py,885,41240,WP10_ssis_domain_orchestration
ssis/11_sales/Project.params,ssis,params,265,14815,WP10_ssis_domain_orchestration
ssis/11_sales/SLS_APAC_Load_Commission.dtsx,ssis,dtsx,859,97953,WP10_ssis_domain_orchestration
ssis/11_sales/SLS_EU_Load_Commission.dtsx,ssis,dtsx,858,96947,WP10_ssis_domain_orchestration
ssis/11_sales/SLS_Export_PartnerFeed.dtsx,ssis,dtsx,685,51957,WP10_ssis_domain_orchestration
ssis/11_sales/SLS_Load_PromotionRedemption.dtsx,ssis,dtsx,789,81069,WP10_ssis_domain_orchestration
ssis/11_sales/SLS_Load_QuotaAttainment.dtsx,ssis,dtsx,608,49955,WP10_ssis_domain_orchestration
ssis/11_sales/SLS_NA_Load_Commission.dtsx,ssis,dtsx,762,79866,WP10_ssis_domain_orchestration
ssis/11_sales/WWI_Archive_Files.conmgr,ssis,conmgr,12,527,WP10_ssis_domain_orchestration
ssis/11_sales/WWI_DW_Destination_DB.conmgr,ssis,conmgr,12,1031,WP10_ssis_domain_orchestration
ssis/11_sales/WWI_Reject_Files.conmgr,ssis,conmgr,12,512,WP10_ssis_domain_orchestration
ssis/11_sales/WWI_Sales.dtproj,ssis,dtproj,296,17631,WP10_ssis_domain_orchestration
ssis/11_sales/WWI_Staging_DB.conmgr,ssis,conmgr,12,1063,WP10_ssis_domain_orchestration
ssis/11_sales/build_sales_packages.py,ssis,py,827,38444,WP10_ssis_domain_orchestration
ssis/12_inventory/INV_Load_CycleCountVariance.dtsx,ssis,dtsx,531,29180,WP10_ssis_domain_orchestration
ssis/12_inventory/INV_Load_DailySnapshot.dtsx,ssis,dtsx,776,86089,WP10_ssis_domain_orchestration
ssis/12_inventory/INV_Load_Replenishment.dtsx,ssis,dtsx,786,77544,WP10_ssis_domain_orchestration
ssis/12_inventory/INV_Load_StockTransfer.dtsx,ssis,dtsx,780,90900,WP10_ssis_domain_orchestration
ssis/12_inventory/INV_Reconcile_OnHand.dtsx,ssis,dtsx,472,26679,WP10_ssis_domain_orchestration
ssis/12_inventory/Project.params,ssis,params,265,14815,WP10_ssis_domain_orchestration
ssis/12_inventory/WWI_DW_Destination_DB.conmgr,ssis,conmgr,12,1031,WP10_ssis_domain_orchestration
ssis/12_inventory/WWI_Inventory.dtproj,ssis,dtproj,267,15670,WP10_ssis_domain_orchestration
ssis/12_inventory/WWI_Reject_Files.conmgr,ssis,conmgr,12,512,WP10_ssis_domain_orchestration
ssis/12_inventory/WWI_Staging_DB.conmgr,ssis,conmgr,12,1063,WP10_ssis_domain_orchestration
ssis/12_inventory/build_inventory_packages.py,ssis,py,652,31145,WP10_ssis_domain_orchestration
ssis/13_procurement/PRC_Export_SupplierStatement.dtsx,ssis,dtsx,683,60592,WP10_ssis_domain_orchestration
ssis/13_procurement/PRC_Load_ContractCompliance.dtsx,ssis,dtsx,528,29796,WP10_ssis_domain_orchestration
ssis/13_procurement/PRC_Load_PurchaseSpend.dtsx,ssis,dtsx,846,101895,WP10_ssis_domain_orchestration
ssis/13_procurement/PRC_Load_ReceiptMatching.dtsx,ssis,dtsx,919,111994,WP10_ssis_domain_orchestration
ssis/13_procurement/PRC_Load_SupplierScorecard.dtsx,ssis,dtsx,706,68048,WP10_ssis_domain_orchestration
ssis/13_procurement/Project.params,ssis,params,265,14815,WP10_ssis_domain_orchestration
ssis/13_procurement/WWI_Archive_Files.conmgr,ssis,conmgr,12,527,WP10_ssis_domain_orchestration
ssis/13_procurement/WWI_DW_Destination_DB.conmgr,ssis,conmgr,12,1031,WP10_ssis_domain_orchestration
ssis/13_procurement/WWI_Procurement.dtproj,ssis,dtproj,280,16546,WP10_ssis_domain_orchestration
ssis/13_procurement/WWI_Reject_Files.conmgr,ssis,conmgr,12,512,WP10_ssis_domain_orchestration
ssis/13_procurement/WWI_Staging_DB.conmgr,ssis,conmgr,12,1063,WP10_ssis_domain_orchestration
ssis/13_procurement/build_procurement_packages.py,ssis,py,715,34443,WP10_ssis_domain_orchestration
ssis/14_customer_360/C360_Build_ChurnFlags.dtsx,ssis,dtsx,804,85471,WP10_ssis_domain_orchestration
ssis/14_customer_360/C360_Build_CustomerProfile.dtsx,ssis,dtsx,857,88779,WP10_ssis_domain_orchestration
ssis/14_customer_360/C360_Build_LoyaltyOverlay.dtsx,ssis,dtsx,671,51031,WP10_ssis_domain_orchestration
ssis/14_customer_360/C360_Build_RollingMetrics.dtsx,ssis,dtsx,718,62876,WP10_ssis_domain_orchestration
ssis/14_customer_360/C360_Publish_Segments.dtsx,ssis,dtsx,709,53321,WP10_ssis_domain_orchestration
ssis/14_customer_360/Project.params,ssis,params,265,14815,WP10_ssis_domain_orchestration
ssis/14_customer_360/WWI_Customer360.dtproj,ssis,dtproj,267,15691,WP10_ssis_domain_orchestration
ssis/14_customer_360/WWI_DW_Destination_DB.conmgr,ssis,conmgr,12,1031,WP10_ssis_domain_orchestration
ssis/14_customer_360/WWI_Reject_Files.conmgr,ssis,conmgr,12,512,WP10_ssis_domain_orchestration
ssis/14_customer_360/WWI_Staging_DB.conmgr,ssis,conmgr,12,1063,WP10_ssis_domain_orchestration
ssis/14_customer_360/build_customer360_packages.py,ssis,py,784,39110,WP10_ssis_domain_orchestration
ssis/15_error_handling/ERR_Handle_PackageFailure.dtsx,ssis,dtsx,624,32474,WP10_ssis_domain_orchestration
ssis/15_error_handling/ERR_Notify_Operations.dtsx,ssis,dtsx,512,28183,WP10_ssis_domain_orchestration
ssis/15_error_handling/ERR_Quarantine_BadFiles.dtsx,ssis,dtsx,593,30349,WP10_ssis_domain_orchestration
ssis/15_error_handling/ERR_Reconcile_RowCounts.dtsx,ssis,dtsx,760,73333,WP10_ssis_domain_orchestration
ssis/15_error_handling/ERR_Retry_FailedSteps.dtsx,ssis,dtsx,894,47779,WP10_ssis_domain_orchestration
ssis/15_error_handling/ERR_Route_RejectedRows.dtsx,ssis,dtsx,752,68793,WP10_ssis_domain_orchestration
ssis/15_error_handling/Project.params,ssis,params,265,14815,WP10_ssis_domain_orchestration
ssis/15_error_handling/WWI_Archive_Files.conmgr,ssis,conmgr,12,527,WP10_ssis_domain_orchestration
ssis/15_error_handling/WWI_DW_Destination_DB.conmgr,ssis,conmgr,12,1031,WP10_ssis_domain_orchestration
ssis/15_error_handling/WWI_ErrorHandling.dtproj,ssis,dtproj,309,18462,WP10_ssis_domain_orchestration
ssis/15_error_handling/WWI_Inbound_Files.conmgr,ssis,conmgr,12,517,WP10_ssis_domain_orchestration
ssis/15_error_handling/WWI_Reject_Files.conmgr,ssis,conmgr,12,512,WP10_ssis_domain_orchestration
ssis/15_error_handling/WWI_Staging_DB.conmgr,ssis,conmgr,12,1063,WP10_ssis_domain_orchestration
ssis/15_error_handling/build_error_handling_packages.py,ssis,py,811,37405,WP10_ssis_domain_orchestration
ssis/99_maintenance/MNT_Archive_ProcessedFiles.dtsx,ssis,dtsx,563,29255,WP10_ssis_domain_orchestration
ssis/99_maintenance/MNT_Check_DiskSpace.dtsx,ssis,dtsx,815,66362,WP10_ssis_domain_orchestration
ssis/99_maintenance/MNT_Purge_ControlHistory.dtsx,ssis,dtsx,588,29771,WP10_ssis_domain_orchestration
ssis/99_maintenance/MNT_Purge_StagingHistory.dtsx,ssis,dtsx,550,30239,WP10_ssis_domain_orchestration
ssis/99_maintenance/MNT_Rebuild_Indexes.dtsx,ssis,dtsx,542,30275,WP10_ssis_domain_orchestration
ssis/99_maintenance/MNT_Update_Statistics.dtsx,ssis,dtsx,505,27026,WP10_ssis_domain_orchestration
ssis/99_maintenance/MNT_Validate_Configuration.dtsx,ssis,dtsx,603,34131,WP10_ssis_domain_orchestration
ssis/99_maintenance/Project.params,ssis,params,265,14815,WP10_ssis_domain_orchestration
ssis/99_maintenance/WWI_Archive_Files.conmgr,ssis,conmgr,12,527,WP10_ssis_domain_orchestration
ssis/99_maintenance/WWI_DW_Destination_DB.conmgr,ssis,conmgr,12,1031,WP10_ssis_domain_orchestration
ssis/99_maintenance/WWI_Inbound_Files.conmgr,ssis,conmgr,12,517,WP10_ssis_domain_orchestration
ssis/99_maintenance/WWI_Maintenance.dtproj,ssis,dtproj,312,18761,WP10_ssis_domain_orchestration
ssis/99_maintenance/WWI_Staging_DB.conmgr,ssis,conmgr,12,1063,WP10_ssis_domain_orchestration
ssis/99_maintenance/build_maintenance_packages.py,ssis,py,916,43855,WP10_ssis_domain_orchestration
tools/catalog/build_catalog.py,build-tooling,py,1537,67309,
tools/inventory/build_inventories.py,build-tooling,py,267,9556,
tools/ssisgen/patterns.py,build-tooling,py,186,7265,
tools/ssisgen/project.py,build-tooling,py,328,16399,
tools/ssisgen/ssisgen.py,build-tooling,py,1411,74482,
validation/README.md,validation,md,164,7788,
validation/checks/check_control_framework_integration.py,validation,py,166,6967,WP13_validation_docs
validation/checks/check_control_object_columns.py,validation,py,163,6588,WP13_validation_docs
validation/checks/check_deployment_order.py,validation,py,193,7138,WP13_validation_docs
validation/checks/check_oracle_grants.py,validation,py,95,3510,WP13_validation_docs
validation/checks/check_oracle_partitions.py,validation,py,110,4424,WP13_validation_docs
validation/checks/check_oracle_seed_values.py,validation,py,90,3368,WP13_validation_docs
validation/checks/check_oracle_storage.py,validation,py,141,5862,WP13_validation_docs
validation/checks/check_oracle_view_columns.py,validation,py,125,4781,WP13_validation_docs
validation/checks/check_orphan_objects.py,validation,py,158,6063,WP13_validation_docs
validation/checks/check_source_to_target_coverage.py,validation,py,188,8748,WP13_validation_docs
validation/checks/check_sqlserver_columns.py,validation,py,222,9551,WP13_validation_docs
validation/checks/estatelib.py,validation,py,376,13574,WP13_validation_docs
validation/checks/extract_package_dependency_graph.py,validation,py,276,10403,WP13_validation_docs
validation/checks/oraclelib.py,validation,py,337,12257,WP13_validation_docs
validation/checks/run_check_fixtures.py,validation,py,195,7435,WP13_validation_docs
validation/checks/run_deep_checks.py,validation,py,90,3204,WP13_validation_docs
validation/checks/sqlserver_column_backlog.txt,validation,txt,105,10421,WP13_validation_docs
validation/checks/tsqllib.py,validation,py,269,10121,WP13_validation_docs
validation/runtime/01_control_framework_health.sql,validation,sql,121,4173,WP13_validation_docs
validation/runtime/02_row_count_reconciliation.sql,validation,sql,120,4509,WP13_validation_docs
validation/runtime/03_dimension_fact_integrity.sql,validation,sql,129,4743,WP13_validation_docs
validation/runtime/04_regional_divergence.sql,validation,sql,140,5941,WP13_validation_docs
validation/runtime/README.md,validation,md,45,2351,WP13_validation_docs
validation/static/run_all_checks.py,validation,py,652,29416,
validation/static/run_negative_fixtures.py,validation,py,190,7828,
workload-drivers/order-insert/MultithreadedOrderInsert/App.config,base-sample,config,18,952,
workload-drivers/order-insert/MultithreadedOrderInsert/ErrorFormMain.Designer.cs,base-sample,cs,111,5069,
workload-drivers/order-insert/MultithreadedOrderInsert/ErrorFormMain.cs,base-sample,cs,32,721,
workload-drivers/order-insert/MultithreadedOrderInsert/ErrorFormMain.resx,base-sample,resx,120,5629,
workload-drivers/order-insert/MultithreadedOrderInsert/MultithreadedOrderInsert.csproj,base-sample,csproj,100,4342,
workload-drivers/order-insert/MultithreadedOrderInsert/MultithreadedOrderInsertMain.Designer.cs,base-sample,cs,178,8660,
workload-drivers/order-insert/MultithreadedOrderInsert/MultithreadedOrderInsertMain.cs,base-sample,cs,214,9097,
workload-drivers/order-insert/MultithreadedOrderInsert/MultithreadedOrderInsertMain.resx,base-sample,resx,126,6345,
workload-drivers/order-insert/MultithreadedOrderInsert/Program.cs,base-sample,cs,22,556,
workload-drivers/order-insert/MultithreadedOrderInsert/Properties/AssemblyInfo.cs,base-sample,cs,36,1435,
workload-drivers/order-insert/MultithreadedOrderInsert/Properties/Resources.Designer.cs,base-sample,cs,63,2765,
workload-drivers/order-insert/MultithreadedOrderInsert/Properties/Resources.resx,base-sample,resx,117,5427,
workload-drivers/order-insert/MultithreadedOrderInsert/Properties/Settings.Designer.cs,base-sample,cs,38,1504,
workload-drivers/order-insert/MultithreadedOrderInsert/Properties/Settings.settings,base-sample,settings,9,435,
workload-drivers/order-insert/MultithreadedOrderInsertWorkload.sln,base-sample,sln,22,1017,
workload-drivers/order-insert/README.md,base-sample,md,68,2290,
workload-drivers/vehicle-location-insert/MultithreadedInMemoryTableInsert.sln,base-sample,sln,22,1041,
workload-drivers/vehicle-location-insert/MultithreadedInMemoryTableInsert/App.config,base-sample,config,18,976,
workload-drivers/vehicle-location-insert/MultithreadedInMemoryTableInsert/ErrorFormMain.Designer.cs,base-sample,cs,110,5055,
workload-drivers/vehicle-location-insert/MultithreadedInMemoryTableInsert/ErrorFormMain.cs,base-sample,cs,32,721,
workload-drivers/vehicle-location-insert/MultithreadedInMemoryTableInsert/ErrorFormMain.resx,base-sample,resx,123,6000,
workload-drivers/vehicle-location-insert/MultithreadedInMemoryTableInsert/MultithreadedInMemoryTableInsert.csproj,base-sample,csproj,99,4362,
workload-drivers/vehicle-location-insert/MultithreadedInMemoryTableInsert/MultithreadedInMemoryTableInsertMain.Designer.cs,base-sample,cs,249,12120,
workload-drivers/vehicle-location-insert/MultithreadedInMemoryTableInsert/MultithreadedInMemoryTableInsertMain.cs,base-sample,cs,154,5787,
workload-drivers/vehicle-location-insert/MultithreadedInMemoryTableInsert/MultithreadedInMemoryTableInsertMain.resx,base-sample,resx,123,5956,
workload-drivers/vehicle-location-insert/MultithreadedInMemoryTableInsert/Program.cs,base-sample,cs,22,564,
workload-drivers/vehicle-location-insert/MultithreadedInMemoryTableInsert/Properties/AssemblyInfo.cs,base-sample,cs,36,1435,
workload-drivers/vehicle-location-insert/MultithreadedInMemoryTableInsert/Properties/Resources.Designer.cs,base-sample,cs,71,2823,
workload-drivers/vehicle-location-insert/MultithreadedInMemoryTableInsert/Properties/Resources.resx,base-sample,resx,117,5427,
workload-drivers/vehicle-location-insert/MultithreadedInMemoryTableInsert/Properties/Settings.Designer.cs,base-sample,cs,38,1512,
workload-drivers/vehicle-location-insert/MultithreadedInMemoryTableInsert/Properties/Settings.settings,base-sample,settings,9,435,
workload-drivers/vehicle-location-insert/README.md,base-sample,md,79,3418,
workload-drivers/vehicle-location-insert/VehicleLocation.sql,base-sample,sql,146,4143,
wwi-app/.bowerrc,base-sample,none,3,33,
wwi-app/.gitignore,base-sample,none,12,142,
wwi-app/Controllers/FrontEndController.Static.cs,base-sample,cs,83,2321,
wwi-app/Controllers/FrontEndController.cs,base-sample,cs,84,3403,
wwi-app/Controllers/ODataController.cs,base-sample,cs,968,33802,
wwi-app/Controllers/ODataController.tt,base-sample,tt,87,2777,
wwi-app/Controllers/TableController.cs,base-sample,cs,107,4098,
wwi-app/Controllers/TableController.tt,base-sample,tt,41,1274,
wwi-app/Program.cs,base-sample,cs,24,542,
wwi-app/Startup.cs,base-sample,cs,115,4024,
wwi-app/Views/FrontEnd/BuyingGroups.cshtml,base-sample,cshtml,59,2243,
wwi-app/Views/FrontEnd/Cities.cshtml,base-sample,cshtml,67,2829,
wwi-app/Views/FrontEnd/Colors.cshtml,base-sample,cshtml,59,2182,
wwi-app/Views/FrontEnd/Contact.cshtml,base-sample,cshtml,12,740,
wwi-app/Views/FrontEnd/Countries.cshtml,base-sample,cshtml,97,4479,
wwi-app/Views/FrontEnd/CustomerCategories.cshtml,base-sample,cshtml,59,2275,
wwi-app/Views/FrontEnd/CustomerTransactions.cshtml,base-sample,cshtml,12,344,
wwi-app/Views/FrontEnd/Customers.cshtml,base-sample,cshtml,136,9489,
wwi-app/Views/FrontEnd/Dashboard.cshtml,base-sample,cshtml,44,1352,
wwi-app/Views/FrontEnd/Deals.cshtml,base-sample,cshtml,83,5745,
wwi-app/Views/FrontEnd/DeliveryMethods.cshtml,base-sample,cshtml,59,2257,
wwi-app/Views/FrontEnd/Index.cshtml,base-sample,cshtml,105,5336,
wwi-app/Views/FrontEnd/Invoices.cshtml,base-sample,cshtml,12,270,
wwi-app/Views/FrontEnd/Offers.cshtml,base-sample,cshtml,124,5302,
wwi-app/Views/FrontEnd/PackageTypes.cshtml,base-sample,cshtml,59,2232,
wwi-app/Views/FrontEnd/PaymentMethods.cshtml,base-sample,cshtml,59,2248,
wwi-app/Views/FrontEnd/PurchaseOrders.cshtml,base-sample,cshtml,19,479,
wwi-app/Views/FrontEnd/SalesOrders.cshtml,base-sample,cshtml,23,586,
wwi-app/Views/FrontEnd/StateProvinces.cshtml,base-sample,cshtml,76,3391,
wwi-app/Views/FrontEnd/StockGroups.cshtml,base-sample,cshtml,59,2225,
wwi-app/Views/FrontEnd/StockItems.cshtml,base-sample,cshtml,17,513,
wwi-app/Views/FrontEnd/SupplierCategories.cshtml,base-sample,cshtml,59,2275,
wwi-app/Views/FrontEnd/SupplierTransactions.cshtml,base-sample,cshtml,13,345,
wwi-app/Views/FrontEnd/Suppliers.cshtml,base-sample,cshtml,141,7959,
wwi-app/Views/FrontEnd/TransactionTypes.cshtml,base-sample,cshtml,59,2264,
wwi-app/Views/Shared/Error.cshtml,base-sample,cshtml,14,710,
wwi-app/Views/Shared/_CustomerTransactionsForm.cshtml,base-sample,cshtml,69,3978,
wwi-app/Views/Shared/_CustomerTransactionsTable.cshtml,base-sample,cshtml,14,405,
wwi-app/Views/Shared/_InvoicesForm.cshtml,base-sample,cshtml,54,5763,
wwi-app/Views/Shared/_InvoicesTable.cshtml,base-sample,cshtml,14,392,
wwi-app/Views/Shared/_Layout.cshtml,base-sample,cshtml,166,9168,
wwi-app/Views/Shared/_PurchaseOrdersEdit.cshtml,base-sample,cshtml,54,3446,
wwi-app/Views/Shared/_PurchaseOrdersTable.cshtml,base-sample,cshtml,15,391,
wwi-app/Views/Shared/_SalesOrderLinesTable.cshtml,base-sample,cshtml,14,390,
wwi-app/Views/Shared/_SalesOrdersForm.cshtml,base-sample,cshtml,81,3993,
wwi-app/Views/Shared/_SalesOrdersTable.cshtml,base-sample,cshtml,15,398,
wwi-app/Views/Shared/_StockItemsForm.cshtml,base-sample,cshtml,135,8660,
wwi-app/Views/Shared/_StockItemsTable.cshtml,base-sample,cshtml,14,386,
wwi-app/Views/Shared/_SupplierTransactionsForm.cshtml,base-sample,cshtml,93,5818,
wwi-app/Views/Shared/_SupplierTransactionsTable.cshtml,base-sample,cshtml,14,395,
wwi-app/Views/Shared/_TemporalSlider.cshtml,base-sample,cshtml,17,671,
wwi-app/Views/Shared/_ValidationScriptsPartial.cshtml,base-sample,cshtml,18,1160,
wwi-app/Views/_ViewImports.cshtml,base-sample,cshtml,2,71,
wwi-app/Views/_ViewStart.cshtml,base-sample,cshtml,3,32,
wwi-app/appsettings.json,base-sample,json,133,7322,
wwi-app/bower.json,base-sample,json,18,379,
wwi-app/bundleconfig.json,base-sample,json,24,604,
wwi-app/wwi-app.csproj,base-sample,csproj,68,2516,
wwi-app/wwwroot/OData.tt,base-sample,tt,106,3389,
wwi-app/wwwroot/OData.yaml,base-sample,yaml,2302,77764,
wwi-app/wwwroot/css/site.css,base-sample,css,49,836,
wwi-app/wwwroot/css/site.min.css,base-sample,css,1,301,
wwi-app/wwwroot/favicon.ico,base-sample,ico,1,1150,
wwi-app/wwwroot/images/banner1.svg,base-sample,svg,36,9813,
wwi-app/wwwroot/images/banner2.svg,base-sample,svg,67,8624,
wwi-app/wwwroot/images/banner3.svg,base-sample,svg,44,9898,
wwi-app/wwwroot/images/banner4.svg,base-sample,svg,1,12291,
wwi-app/wwwroot/js/BuyingGroups.js,base-sample,js,82,3053,
wwi-app/wwwroot/js/Cities.js,base-sample,js,97,3618,
wwi-app/wwwroot/js/Colors.js,base-sample,js,82,2958,
wwi-app/wwwroot/js/Countries.js,base-sample,js,94,3554,
wwi-app/wwwroot/js/CustomerCategories.js,base-sample,js,82,3134,
wwi-app/wwwroot/js/CustomerTransactions.Edit.js,base-sample,js,46,1645,
wwi-app/wwwroot/js/CustomerTransactions.Table.js,base-sample,js,24,1043,
wwi-app/wwwroot/js/CustomerTransactions.js,base-sample,js,1,3,
wwi-app/wwwroot/js/Customers.CustomerTransactionsTable.js,base-sample,js,27,1106,
wwi-app/wwwroot/js/Customers.InvoicesTable.js,base-sample,js,25,1018,
wwi-app/wwwroot/js/Customers.SalesOrdersTable.js,base-sample,js,25,1110,
wwi-app/wwwroot/js/Customers.js,base-sample,js,114,4482,
wwi-app/wwwroot/js/Dashboard.js,base-sample,js,85,3293,
wwi-app/wwwroot/js/Deals.js,base-sample,js,87,3231,
wwi-app/wwwroot/js/DeliveryMethods.js,base-sample,js,80,3018,
wwi-app/wwwroot/js/Invoices.Edit.js,base-sample,js,46,1623,
wwi-app/wwwroot/js/Invoices.Table.js,base-sample,js,24,984,
wwi-app/wwwroot/js/Invoices.js,base-sample,js,3,130,
wwi-app/wwwroot/js/PackageTypes.js,base-sample,js,82,3053,
wwi-app/wwwroot/js/PaymentMethods.js,base-sample,js,80,3003,
wwi-app/wwwroot/js/PurchaseOrders.Edit.js,base-sample,js,73,2770,
wwi-app/wwwroot/js/PurchaseOrders.Table.js,base-sample,js,25,1042,
wwi-app/wwwroot/js/PurchaseOrders.js,base-sample,js,15,478,
wwi-app/wwwroot/js/SalesOrders.Edit.js,base-sample,js,73,2678,
wwi-app/wwwroot/js/SalesOrders.Table.js,base-sample,js,24,1019,
wwi-app/wwwroot/js/SalesOrders.js,base-sample,js,14,426,
wwi-app/wwwroot/js/StateProvinces.js,base-sample,js,93,3634,
wwi-app/wwwroot/js/StockGroups.js,base-sample,js,82,3038,
wwi-app/wwwroot/js/StockItems.Edit.js,base-sample,js,62,2150,
wwi-app/wwwroot/js/StockItems.Table.js,base-sample,js,37,1553,
wwi-app/wwwroot/js/StockItems.js,base-sample,js,1,3,
wwi-app/wwwroot/js/SupplierCategories.js,base-sample,js,82,3134,
wwi-app/wwwroot/js/SupplierTransactions.Edit.js,base-sample,js,40,1511,
wwi-app/wwwroot/js/SupplierTransactions.Table.js,base-sample,js,24,1035,
wwi-app/wwwroot/js/SupplierTransactions.js,base-sample,js,1,3,
wwi-app/wwwroot/js/Suppliers.PurchaseOrderTable.js,base-sample,js,22,872,
wwi-app/wwwroot/js/Suppliers.StockItemsTable.js,base-sample,js,31,1302,
wwi-app/wwwroot/js/Suppliers.SupplierTransactionsTable.js,base-sample,js,22,1025,
wwi-app/wwwroot/js/Suppliers.js,base-sample,js,111,4335,
wwi-app/wwwroot/js/TransactionTypes.js,base-sample,js,82,3113,
wwi-app/wwwroot/js/_TimeTravel.js,base-sample,js,41,1548,
wwi-app/wwwroot/lib/bootstrap/.bower.json,base-sample,json,44,920,
wwi-app/wwwroot/lib/bootstrap/CHANGELOG.md,base-sample,md,5,425,
wwi-app/wwwroot/lib/bootstrap/Gemfile,base-sample,none,6,127,
wwi-app/wwwroot/lib/bootstrap/Gemfile.lock,base-sample,lock,43,903,
wwi-app/wwwroot/lib/bootstrap/Gruntfile.js,base-sample,js,511,14386,
wwi-app/wwwroot/lib/bootstrap/ISSUE_TEMPLATE.md,base-sample,md,22,1143,
wwi-app/wwwroot/lib/bootstrap/LICENSE,base-sample,none,21,1085,
wwi-app/wwwroot/lib/bootstrap/README.md,base-sample,md,142,8056,
wwi-app/wwwroot/lib/bootstrap/bower.json,base-sample,json,34,641,
wwi-app/wwwroot/lib/bootstrap/dist/css/bootstrap-theme.css,base-sample,css,587,26132,
wwi-app/wwwroot/lib/bootstrap/dist/css/bootstrap-theme.css.map,base-sample,map,1,47706,
wwi-app/wwwroot/lib/bootstrap/dist/css/bootstrap-theme.min.css,base-sample,css,6,23409,
wwi-app/wwwroot/lib/bootstrap/dist/css/bootstrap-theme.min.css.map,base-sample,map,1,25648,
wwi-app/wwwroot/lib/bootstrap/dist/css/bootstrap.css,base-sample,css,6757,146010,
wwi-app/wwwroot/lib/bootstrap/dist/css/bootstrap.css.map,base-sample,map,1,389287,
wwi-app/wwwroot/lib/bootstrap/dist/css/bootstrap.min.css,base-sample,css,6,121200,
wwi-app/wwwroot/lib/bootstrap/dist/css/bootstrap.min.css.map,base-sample,map,1,542194,
wwi-app/wwwroot/lib/bootstrap/dist/fonts/glyphicons-halflings-regular.eot,base-sample,eot,106,20127,
wwi-app/wwwroot/lib/bootstrap/dist/fonts/glyphicons-halflings-regular.svg,base-sample,svg,288,108738,
wwi-app/wwwroot/lib/bootstrap/dist/fonts/glyphicons-halflings-regular.ttf,base-sample,ttf,772,45386,
wwi-app/wwwroot/lib/bootstrap/dist/fonts/glyphicons-halflings-regular.woff,base-sample,woff,94,23424,
wwi-app/wwwroot/lib/bootstrap/dist/fonts/glyphicons-halflings-regular.woff2,base-sample,woff2,73,18028,
wwi-app/wwwroot/lib/bootstrap/dist/js/bootstrap.js,base-sample,js,2377,69707,
wwi-app/wwwroot/lib/bootstrap/dist/js/bootstrap.min.js,base-sample,js,7,37045,
wwi-app/wwwroot/lib/bootstrap/dist/js/npm.js,base-sample,js,13,484,
wwi-app/wwwroot/lib/bootstrap/fonts/glyphicons-halflings-regular.eot,base-sample,eot,106,20127,
wwi-app/wwwroot/lib/bootstrap/fonts/glyphicons-halflings-regular.svg,base-sample,svg,288,108738,
wwi-app/wwwroot/lib/bootstrap/fonts/glyphicons-halflings-regular.ttf,base-sample,ttf,772,45386,
wwi-app/wwwroot/lib/bootstrap/fonts/glyphicons-halflings-regular.woff,base-sample,woff,94,23424,
wwi-app/wwwroot/lib/bootstrap/fonts/glyphicons-halflings-regular.woff2,base-sample,woff2,73,18028,
wwi-app/wwwroot/lib/bootstrap/grunt/.jshintrc,base-sample,none,7,119,
wwi-app/wwwroot/lib/bootstrap/grunt/bs-commonjs-generator.js,base-sample,js,30,990,
wwi-app/wwwroot/lib/bootstrap/grunt/bs-glyphicons-data-generator.js,base-sample,js,42,1405,
wwi-app/wwwroot/lib/bootstrap/grunt/bs-lessdoc-parser.js,base-sample,js,237,6075,
wwi-app/wwwroot/lib/bootstrap/grunt/bs-raw-files-generator.js,base-sample,js,44,1349,
wwi-app/wwwroot/lib/bootstrap/grunt/change-version.js,base-sample,js,109,2909,
wwi-app/wwwroot/lib/bootstrap/grunt/configBridge.json,base-sample,json,46,1395,
wwi-app/wwwroot/lib/bootstrap/grunt/npm-shrinkwrap.json,base-sample,json,2679,93626,
wwi-app/wwwroot/lib/bootstrap/grunt/sauce_browsers.yml,base-sample,yml,82,1439,
wwi-app/wwwroot/lib/bootstrap/js/.jscsrc,base-sample,none,42,2154,
wwi-app/wwwroot/lib/bootstrap/js/.jshintrc,base-sample,none,15,277,
wwi-app/wwwroot/lib/bootstrap/js/affix.js,base-sample,js,162,4838,
wwi-app/wwwroot/lib/bootstrap/js/alert.js,base-sample,js,94,2284,
wwi-app/wwwroot/lib/bootstrap/js/button.js,base-sample,js,125,3824,
wwi-app/wwwroot/lib/bootstrap/js/carousel.js,base-sample,js,237,7141,
wwi-app/wwwroot/lib/bootstrap/js/collapse.js,base-sample,js,212,5991,
wwi-app/wwwroot/lib/bootstrap/js/dropdown.js,base-sample,js,165,4743,
wwi-app/wwwroot/lib/bootstrap/js/modal.js,base-sample,js,339,9987,
wwi-app/wwwroot/lib/bootstrap/js/popover.js,base-sample,js,108,3163,
wwi-app/wwwroot/lib/bootstrap/js/scrollspy.js,base-sample,js,172,4707,
wwi-app/wwwroot/lib/bootstrap/js/tab.js,base-sample,js,155,3905,
wwi-app/wwwroot/lib/bootstrap/js/tooltip.js,base-sample,js,520,16719,
wwi-app/wwwroot/lib/bootstrap/js/transition.js,base-sample,js,59,1831,
wwi-app/wwwroot/lib/bootstrap/less/.csscomb.json,base-sample,json,304,8099,
wwi-app/wwwroot/lib/bootstrap/less/.csslintrc,base-sample,none,19,456,
wwi-app/wwwroot/lib/bootstrap/less/alerts.less,base-sample,less,73,1518,
wwi-app/wwwroot/lib/bootstrap/less/badges.less,base-sample,less,66,1199,
wwi-app/wwwroot/lib/bootstrap/less/bootstrap.less,base-sample,less,56,1291,
wwi-app/wwwroot/lib/bootstrap/less/breadcrumbs.less,base-sample,less,26,594,
wwi-app/wwwroot/lib/bootstrap/less/button-groups.less,base-sample,less,244,5680,
wwi-app/wwwroot/lib/bootstrap/less/buttons.less,base-sample,less,166,3662,
wwi-app/wwwroot/lib/bootstrap/less/carousel.less,base-sample,less,270,5651,
wwi-app/wwwroot/lib/bootstrap/less/close.less,base-sample,less,34,764,
wwi-app/wwwroot/lib/bootstrap/less/code.less,base-sample,less,69,1401,
wwi-app/wwwroot/lib/bootstrap/less/component-animations.less,base-sample,less,33,666,
wwi-app/wwwroot/lib/bootstrap/less/dropdowns.less,base-sample,less,216,4876,
wwi-app/wwwroot/lib/bootstrap/less/forms.less,base-sample,less,613,15822,
wwi-app/wwwroot/lib/bootstrap/less/glyphicons.less,base-sample,less,305,19807,
wwi-app/wwwroot/lib/bootstrap/less/grid.less,base-sample,less,84,1387,
wwi-app/wwwroot/lib/bootstrap/less/input-groups.less,base-sample,less,171,4285,
wwi-app/wwwroot/lib/bootstrap/less/jumbotron.less,base-sample,less,54,1152,
wwi-app/wwwroot/lib/bootstrap/less/labels.less,base-sample,less,64,1079,
wwi-app/wwwroot/lib/bootstrap/less/list-group.less,base-sample,less,130,3124,
wwi-app/wwwroot/lib/bootstrap/less/media.less,base-sample,less,66,900,
wwi-app/wwwroot/lib/bootstrap/less/mixins.less,base-sample,less,40,1136,
wwi-app/wwwroot/lib/bootstrap/less/mixins/alerts.less,base-sample,less,14,257,
wwi-app/wwwroot/lib/bootstrap/less/mixins/background-variant.less,base-sample,less,9,151,
wwi-app/wwwroot/lib/bootstrap/less/mixins/border-radius.less,base-sample,less,18,468,
wwi-app/wwwroot/lib/bootstrap/less/mixins/buttons.less,base-sample,less,65,1441,
wwi-app/wwwroot/lib/bootstrap/less/mixins/center-block.less,base-sample,less,7,120,
wwi-app/wwwroot/lib/bootstrap/less/mixins/clearfix.less,base-sample,less,22,605,
wwi-app/wwwroot/lib/bootstrap/less/mixins/forms.less,base-sample,less,85,2641,
wwi-app/wwwroot/lib/bootstrap/less/mixins/gradients.less,base-sample,less,59,4388,
wwi-app/wwwroot/lib/bootstrap/less/mixins/grid-framework.less,base-sample,less,91,2797,
wwi-app/wwwroot/lib/bootstrap/less/mixins/grid.less,base-sample,less,122,3120,
wwi-app/wwwroot/lib/bootstrap/less/mixins/hide-text.less,base-sample,less,21,575,
wwi-app/wwwroot/lib/bootstrap/less/mixins/image.less,base-sample,less,33,1062,
wwi-app/wwwroot/lib/bootstrap/less/mixins/labels.less,base-sample,less,12,161,
wwi-app/wwwroot/lib/bootstrap/less/mixins/list-group.less,base-sample,less,30,546,
wwi-app/wwwroot/lib/bootstrap/less/mixins/nav-divider.less,base-sample,less,10,232,
wwi-app/wwwroot/lib/bootstrap/less/mixins/nav-vertical-align.less,base-sample,less,9,364,
wwi-app/wwwroot/lib/bootstrap/less/mixins/opacity.less,base-sample,less,8,148,
wwi-app/wwwroot/lib/bootstrap/less/mixins/pagination.less,base-sample,less,24,485,
wwi-app/wwwroot/lib/bootstrap/less/mixins/panels.less,base-sample,less,24,537,
wwi-app/wwwroot/lib/bootstrap/less/mixins/progress-bar.less,base-sample,less,10,191,
wwi-app/wwwroot/lib/bootstrap/less/mixins/reset-filter.less,base-sample,less,8,248,
wwi-app/wwwroot/lib/bootstrap/less/mixins/reset-text.less,base-sample,less,18,470,
wwi-app/wwwroot/lib/bootstrap/less/mixins/resize.less,base-sample,less,6,196,
wwi-app/wwwroot/lib/bootstrap/less/mixins/responsive-visibility.less,base-sample,less,15,354,
wwi-app/wwwroot/lib/bootstrap/less/mixins/size.less,base-sample,less,10,127,
wwi-app/wwwroot/lib/bootstrap/less/mixins/tab-focus.less,base-sample,less,9,332,
wwi-app/wwwroot/lib/bootstrap/less/mixins/table-row.less,base-sample,less,28,700,
wwi-app/wwwroot/lib/bootstrap/less/mixins/text-emphasis.less,base-sample,less,9,128,
wwi-app/wwwroot/lib/bootstrap/less/mixins/text-overflow.less,base-sample,less,8,162,
wwi-app/wwwroot/lib/bootstrap/less/mixins/vendor-prefixes.less,base-sample,less,227,6653,
wwi-app/wwwroot/lib/bootstrap/less/modals.less,base-sample,less,150,3527,
wwi-app/wwwroot/lib/bootstrap/less/navbar.less,base-sample,less,660,14628,
wwi-app/wwwroot/lib/bootstrap/less/navs.less,base-sample,less,242,4930,
wwi-app/wwwroot/lib/bootstrap/less/normalize.less,base-sample,less,424,7559,
wwi-app/wwwroot/lib/bootstrap/less/pager.less,base-sample,less,54,861,
wwi-app/wwwroot/lib/bootstrap/less/pagination.less,base-sample,less,89,2059,
wwi-app/wwwroot/lib/bootstrap/less/panels.less,base-sample,less,271,6279,
wwi-app/wwwroot/lib/bootstrap/less/popovers.less,base-sample,less,131,3488,
wwi-app/wwwroot/lib/bootstrap/less/print.less,base-sample,less,101,1939,
wwi-app/wwwroot/lib/bootstrap/less/progress-bars.less,base-sample,less,87,1925,
wwi-app/wwwroot/lib/bootstrap/less/responsive-embed.less,base-sample,less,35,546,
wwi-app/wwwroot/lib/bootstrap/less/responsive-utilities.less,base-sample,less,194,4262,
wwi-app/wwwroot/lib/bootstrap/less/scaffolding.less,base-sample,less,161,2987,
wwi-app/wwwroot/lib/bootstrap/less/tables.less,base-sample,less,234,4612,
wwi-app/wwwroot/lib/bootstrap/less/theme.less,base-sample,less,291,8197,
wwi-app/wwwroot/lib/bootstrap/less/thumbnails.less,base-sample,less,36,753,
wwi-app/wwwroot/lib/bootstrap/less/tooltip.less,base-sample,less,101,2985,
wwi-app/wwwroot/lib/bootstrap/less/type.less,base-sample,less,302,5954,
wwi-app/wwwroot/lib/bootstrap/less/utilities.less,base-sample,less,55,747,
wwi-app/wwwroot/lib/bootstrap/less/variables.less,base-sample,less,869,27472,
wwi-app/wwwroot/lib/bootstrap/less/wells.less,base-sample,less,29,527,
wwi-app/wwwroot/lib/bootstrap/nuget/MyGet.ps1,base-sample,ps1,8,471,
wwi-app/wwwroot/lib/bootstrap/nuget/bootstrap.less.nuspec,base-sample,nuspec,28,1292,
wwi-app/wwwroot/lib/bootstrap/nuget/bootstrap.nuspec,base-sample,nuspec,28,1270,
wwi-app/wwwroot/lib/bootstrap/package.js,base-sample,js,32,964,
wwi-app/wwwroot/lib/bootstrap/package.json,base-sample,json,89,2200,
wwi-app/wwwroot/lib/d3/.bower.json,base-sample,json,19,517,
wwi-app/wwwroot/lib/d3/LICENSE,base-sample,none,27,1475,
wwi-app/wwwroot/lib/d3/README.md,base-sample,md,57,2293,
wwi-app/wwwroot/lib/d3/bower.json,base-sample,json,7,156,
wwi-app/wwwroot/lib/d3/d3.js,base-sample,js,17769,492648,
wwi-app/wwwroot/lib/d3/d3.min.js,base-sample,js,2,235321,
wwi-app/wwwroot/lib/datatables/.bower.json,base-sample,json,43,985,
wwi-app/wwwroot/lib/datatables/Contributing.md,base-sample,md,18,2409,
wwi-app/wwwroot/lib/datatables/ISSUE_TEMPLATE.md,base-sample,md,3,368,
wwi-app/wwwroot/lib/datatables/Readme.md,base-sample,md,59,3235,
wwi-app/wwwroot/lib/datatables/bower.json,base-sample,json,31,566,
wwi-app/wwwroot/lib/datatables/license.txt,base-sample,txt,20,1088,
wwi-app/wwwroot/lib/datatables/media/css/dataTables.bootstrap.css,base-sample,css,187,4940,
wwi-app/wwwroot/lib/datatables/media/css/dataTables.bootstrap.min.css,base-sample,css,1,4293,
wwi-app/wwwroot/lib/datatables/media/css/dataTables.bootstrap4.css,base-sample,css,202,5604,
wwi-app/wwwroot/lib/datatables/media/css/dataTables.bootstrap4.min.css,base-sample,css,1,5034,
wwi-app/wwwroot/lib/datatables/media/css/dataTables.foundation.css,base-sample,css,118,3015,
wwi-app/wwwroot/lib/datatables/media/css/dataTables.foundation.min.css,base-sample,css,1,2669,
wwi-app/wwwroot/lib/datatables/media/css/dataTables.jqueryui.css,base-sample,css,481,16504,
wwi-app/wwwroot/lib/datatables/media/css/dataTables.jqueryui.min.css,base-sample,css,1,14484,
wwi-app/wwwroot/lib/datatables/media/css/dataTables.material.css,base-sample,css,87,2600,
wwi-app/wwwroot/lib/datatables/media/css/dataTables.material.min.css,base-sample,css,1,2357,
wwi-app/wwwroot/lib/datatables/media/css/dataTables.semanticui.css,base-sample,css,102,2937,
wwi-app/wwwroot/lib/datatables/media/css/dataTables.semanticui.min.css,base-sample,css,1,2620,
wwi-app/wwwroot/lib/datatables/media/css/dataTables.uikit.css,base-sample,css,146,3866,
wwi-app/wwwroot/lib/datatables/media/css/dataTables.uikit.min.css,base-sample,css,1,3379,
wwi-app/wwwroot/lib/datatables/media/css/jquery.dataTables.css,base-sample,css,448,15800,
wwi-app/wwwroot/lib/datatables/media/css/jquery.dataTables.min.css,base-sample,css,1,13900,
wwi-app/wwwroot/lib/datatables/media/css/jquery.dataTables_themeroller.css,base-sample,css,416,14229,
wwi-app/wwwroot/lib/datatables/media/images/Sorting icons.psd,base-sample,psd,218,27490,
wwi-app/wwwroot/lib/datatables/media/images/favicon.ico,base-sample,ico,1,894,
wwi-app/wwwroot/lib/datatables/media/images/sort_asc.png,base-sample,png,4,159,
wwi-app/wwwroot/lib/datatables/media/images/sort_asc_disabled.png,base-sample,png,4,147,
wwi-app/wwwroot/lib/datatables/media/images/sort_both.png,base-sample,png,4,200,
wwi-app/wwwroot/lib/datatables/media/images/sort_desc.png,base-sample,png,3,157,
wwi-app/wwwroot/lib/datatables/media/images/sort_desc_disabled.png,base-sample,png,5,145,
wwi-app/wwwroot/lib/datatables/media/js/dataTables.bootstrap.js,base-sample,js,182,4558,
wwi-app/wwwroot/lib/datatables/media/js/dataTables.bootstrap.min.js,base-sample,js,8,1966,
wwi-app/wwwroot/lib/datatables/media/js/dataTables.bootstrap4.js,base-sample,js,184,4677,
wwi-app/wwwroot/lib/datatables/media/js/dataTables.bootstrap4.min.js,base-sample,js,8,2070,
wwi-app/wwwroot/lib/datatables/media/js/dataTables.foundation.js,base-sample,js,174,4339,
wwi-app/wwwroot/lib/datatables/media/js/dataTables.foundation.min.js,base-sample,js,8,2098,
wwi-app/wwwroot/lib/datatables/media/js/dataTables.jqueryui.js,base-sample,js,164,4486,
wwi-app/wwwroot/lib/datatables/media/js/dataTables.jqueryui.min.js,base-sample,js,9,2647,
wwi-app/wwwroot/lib/datatables/media/js/dataTables.material.js,base-sample,js,191,4788,
wwi-app/wwwroot/lib/datatables/media/js/dataTables.material.min.js,base-sample,js,8,2105,
wwi-app/wwwroot/lib/datatables/media/js/dataTables.semanticui.js,base-sample,js,208,5090,
wwi-app/wwwroot/lib/datatables/media/js/dataTables.semanticui.min.js,base-sample,js,9,2259,
wwi-app/wwwroot/lib/datatables/media/js/dataTables.uikit.js,base-sample,js,176,4623,
wwi-app/wwwroot/lib/datatables/media/js/dataTables.uikit.min.js,base-sample,js,8,2255,
wwi-app/wwwroot/lib/datatables/media/js/jquery.dataTables.js,base-sample,js,9275,262139,
wwi-app/wwwroot/lib/datatables/media/js/jquery.dataTables.min.js,base-sample,js,164,81906,
wwi-app/wwwroot/lib/datatables/media/js/jquery.js,base-sample,js,5,97361,
wwi-app/wwwroot/lib/dtodata/css/bootstrap.min.css,base-sample,css,9,105939,
wwi-app/wwwroot/lib/dtodata/css/demo_page.css,base-sample,css,93,1276,
wwi-app/wwwroot/lib/dtodata/css/demo_table.css,base-sample,css,378,8749,
wwi-app/wwwroot/lib/dtodata/css/demo_table_jui.css,base-sample,css,522,8963,
wwi-app/wwwroot/lib/dtodata/css/demo_validation.css,base-sample,css,9,224,
wwi-app/wwwroot/lib/dtodata/css/jquery.multiselect.css,base-sample,css,23,1599,
wwi-app/wwwroot/lib/dtodata/css/site_jui.ccss.css,base-sample,css,274,16560,
wwi-app/wwwroot/lib/dtodata/css/themes/base/images/ui-bg_flat_0_aaaaaa_40x100.png,base-sample,png,3,179,
wwi-app/wwwroot/lib/dtodata/css/themes/base/images/ui-bg_flat_75_ffffff_40x100.png,base-sample,png,3,177,
wwi-app/wwwroot/lib/dtodata/css/themes/base/images/ui-bg_glass_55_fbf9ee_1x400.png,base-sample,png,5,119,
wwi-app/wwwroot/lib/dtodata/css/themes/base/images/ui-bg_glass_65_ffffff_1x400.png,base-sample,png,4,104,
wwi-app/wwwroot/lib/dtodata/css/themes/base/images/ui-bg_glass_75_dadada_1x400.png,base-sample,png,4,110,
wwi-app/wwwroot/lib/dtodata/css/themes/base/images/ui-bg_glass_75_e6e6e6_1x400.png,base-sample,png,5,109,
wwi-app/wwwroot/lib/dtodata/css/themes/base/images/ui-bg_glass_95_fef1ec_1x400.png,base-sample,png,6,118,
wwi-app/wwwroot/lib/dtodata/css/themes/base/images/ui-bg_highlight-soft_75_cccccc_1x100.png,base-sample,png,3,100,
wwi-app/wwwroot/lib/dtodata/css/themes/base/images/ui-icons_222222_256x240.png,base-sample,png,25,4367,
wwi-app/wwwroot/lib/dtodata/css/themes/base/images/ui-icons_2e83ff_256x240.png,base-sample,png,25,4367,
wwi-app/wwwroot/lib/dtodata/css/themes/base/images/ui-icons_454545_256x240.png,base-sample,png,25,4367,
wwi-app/wwwroot/lib/dtodata/css/themes/base/images/ui-icons_888888_256x240.png,base-sample,png,25,4367,
wwi-app/wwwroot/lib/dtodata/css/themes/base/images/ui-icons_cd0a0a_256x240.png,base-sample,png,183,4367,
wwi-app/wwwroot/lib/dtodata/css/themes/base/jquery-ui.css,base-sample,css,635,39002,
wwi-app/wwwroot/lib/dtodata/css/themes/smoothness/.svn/all-wcprops,base-sample,none,11,236,
wwi-app/wwwroot/lib/dtodata/css/themes/smoothness/.svn/entries,base-sample,none,65,454,
wwi-app/wwwroot/lib/dtodata/css/themes/smoothness/.svn/prop-base/jquery-ui-1.7.2.custom.css.svn-base,base-sample,svn-base,5,36,
wwi-app/wwwroot/lib/dtodata/css/themes/smoothness/.svn/text-base/jquery-ui-1.7.2.custom.css.svn-base,base-sample,svn-base,406,27376,
wwi-app/wwwroot/lib/dtodata/css/themes/smoothness/images/.svn/all-wcprops,base-sample,none,83,2180,
wwi-app/wwwroot/lib/dtodata/css/themes/smoothness/images/.svn/entries,base-sample,none,470,2676,
wwi-app/wwwroot/lib/dtodata/css/themes/smoothness/images/.svn/prop-base/ui-bg_flat_0_aaaaaa_40x100.png.svn-base,base-sample,svn-base,5,37,
wwi-app/wwwroot/lib/dtodata/css/themes/smoothness/images/.svn/prop-base/ui-bg_flat_75_ffffff_40x100.png.svn-base,base-sample,svn-base,5,37,
wwi-app/wwwroot/lib/dtodata/css/themes/smoothness/images/.svn/prop-base/ui-bg_glass_55_fbf9ee_1x400.png.svn-base,base-sample,svn-base,5,37,
wwi-app/wwwroot/lib/dtodata/css/themes/smoothness/images/.svn/prop-base/ui-bg_glass_65_ffffff_1x400.png.svn-base,base-sample,svn-base,5,37,
wwi-app/wwwroot/lib/dtodata/css/themes/smoothness/images/.svn/prop-base/ui-bg_glass_75_dadada_1x400.png.svn-base,base-sample,svn-base,5,37,
wwi-app/wwwroot/lib/dtodata/css/themes/smoothness/images/.svn/prop-base/ui-bg_glass_75_e6e6e6_1x400.png.svn-base,base-sample,svn-base,5,37,
wwi-app/wwwroot/lib/dtodata/css/themes/smoothness/images/.svn/prop-base/ui-bg_glass_95_fef1ec_1x400.png.svn-base,base-sample,svn-base,5,37,
wwi-app/wwwroot/lib/dtodata/css/themes/smoothness/images/.svn/prop-base/ui-bg_highlight-soft_75_cccccc_1x100.png.svn-base,base-sample,svn-base,5,37,
wwi-app/wwwroot/lib/dtodata/css/themes/smoothness/images/.svn/prop-base/ui-icons_222222_256x240.png.svn-base,base-sample,svn-base,5,37,
wwi-app/wwwroot/lib/dtodata/css/themes/smoothness/images/.svn/prop-base/ui-icons_2e83ff_256x240.png.svn-base,base-sample,svn-base,5,37,
wwi-app/wwwroot/lib/dtodata/css/themes/smoothness/images/.svn/prop-base/ui-icons_454545_256x240.png.svn-base,base-sample,svn-base,5,37,
wwi-app/wwwroot/lib/dtodata/css/themes/smoothness/images/.svn/prop-base/ui-icons_888888_256x240.png.svn-base,base-sample,svn-base,5,37,
wwi-app/wwwroot/lib/dtodata/css/themes/smoothness/images/.svn/prop-base/ui-icons_cd0a0a_256x240.png.svn-base,base-sample,svn-base,5,37,
wwi-app/wwwroot/lib/dtodata/css/themes/smoothness/images/.svn/text-base/ui-bg_flat_0_aaaaaa_40x100.png.svn-base,base-sample,svn-base,3,179,
wwi-app/wwwroot/lib/dtodata/css/themes/smoothness/images/.svn/text-base/ui-bg_flat_75_ffffff_40x100.png.svn-base,base-sample,svn-base,3,177,
wwi-app/wwwroot/lib/dtodata/css/themes/smoothness/images/.svn/text-base/ui-bg_glass_55_fbf9ee_1x400.png.svn-base,base-sample,svn-base,5,119,
wwi-app/wwwroot/lib/dtodata/css/themes/smoothness/images/.svn/text-base/ui-bg_glass_65_ffffff_1x400.png.svn-base,base-sample,svn-base,4,104,
wwi-app/wwwroot/lib/dtodata/css/themes/smoothness/images/.svn/text-base/ui-bg_glass_75_dadada_1x400.png.svn-base,base-sample,svn-base,4,110,
wwi-app/wwwroot/lib/dtodata/css/themes/smoothness/images/.svn/text-base/ui-bg_glass_75_e6e6e6_1x400.png.svn-base,base-sample,svn-base,5,109,
wwi-app/wwwroot/lib/dtodata/css/themes/smoothness/images/.svn/text-base/ui-bg_glass_95_fef1ec_1x400.png.svn-base,base-sample,svn-base,6,118,
wwi-app/wwwroot/lib/dtodata/css/themes/smoothness/images/.svn/text-base/ui-bg_highlight-soft_75_cccccc_1x100.png.svn-base,base-sample,svn-base,3,100,
wwi-app/wwwroot/lib/dtodata/css/themes/smoothness/images/.svn/text-base/ui-icons_222222_256x240.png.svn-base,base-sample,svn-base,25,4367,
wwi-app/wwwroot/lib/dtodata/css/themes/smoothness/images/.svn/text-base/ui-icons_2e83ff_256x240.png.svn-base,base-sample,svn-base,25,4367,
wwi-app/wwwroot/lib/dtodata/css/themes/smoothness/images/.svn/text-base/ui-icons_454545_256x240.png.svn-base,base-sample,svn-base,25,4367,
wwi-app/wwwroot/lib/dtodata/css/themes/smoothness/images/.svn/text-base/ui-icons_888888_256x240.png.svn-base,base-sample,svn-base,25,4367,
wwi-app/wwwroot/lib/dtodata/css/themes/smoothness/images/.svn/text-base/ui-icons_cd0a0a_256x240.png.svn-base,base-sample,svn-base,183,4367,
wwi-app/wwwroot/lib/dtodata/css/themes/smoothness/images/ui-bg_flat_0_aaaaaa_40x100.png,base-sample,png,3,179,
wwi-app/wwwroot/lib/dtodata/css/themes/smoothness/images/ui-bg_flat_75_ffffff_40x100.png,base-sample,png,3,177,
wwi-app/wwwroot/lib/dtodata/css/themes/smoothness/images/ui-bg_glass_55_fbf9ee_1x400.png,base-sample,png,5,119,
wwi-app/wwwroot/lib/dtodata/css/themes/smoothness/images/ui-bg_glass_65_ffffff_1x400.png,base-sample,png,4,104,
wwi-app/wwwroot/lib/dtodata/css/themes/smoothness/images/ui-bg_glass_75_dadada_1x400.png,base-sample,png,4,110,
wwi-app/wwwroot/lib/dtodata/css/themes/smoothness/images/ui-bg_glass_75_e6e6e6_1x400.png,base-sample,png,5,109,
wwi-app/wwwroot/lib/dtodata/css/themes/smoothness/images/ui-bg_glass_95_fef1ec_1x400.png,base-sample,png,6,118,
wwi-app/wwwroot/lib/dtodata/css/themes/smoothness/images/ui-bg_highlight-soft_75_cccccc_1x100.png,base-sample,png,3,100,
wwi-app/wwwroot/lib/dtodata/css/themes/smoothness/images/ui-icons_222222_256x240.png,base-sample,png,25,4367,
wwi-app/wwwroot/lib/dtodata/css/themes/smoothness/images/ui-icons_2e83ff_256x240.png,base-sample,png,25,4367,
wwi-app/wwwroot/lib/dtodata/css/themes/smoothness/images/ui-icons_454545_256x240.png,base-sample,png,25,4367,
wwi-app/wwwroot/lib/dtodata/css/themes/smoothness/images/ui-icons_888888_256x240.png,base-sample,png,25,4367,
wwi-app/wwwroot/lib/dtodata/css/themes/smoothness/images/ui-icons_cd0a0a_256x240.png,base-sample,png,183,4367,
wwi-app/wwwroot/lib/dtodata/css/themes/smoothness/jquery-ui-1.7.2.custom.css,base-sample,css,406,27374,
wwi-app/wwwroot/lib/dtodata/images/DataTables.jpg,base-sample,jpg,16,3553,
wwi-app/wwwroot/lib/dtodata/images/back_disabled.jpg,base-sample,jpg,5,612,
wwi-app/wwwroot/lib/dtodata/images/back_disabled.png,base-sample,png,9,1360,
wwi-app/wwwroot/lib/dtodata/images/back_enabled.jpg,base-sample,jpg,8,807,
wwi-app/wwwroot/lib/dtodata/images/back_enabled.png,base-sample,png,4,1378,
wwi-app/wwwroot/lib/dtodata/images/favicon.ico,base-sample,ico,1,894,
wwi-app/wwwroot/lib/dtodata/images/forward_disabled.jpg,base-sample,jpg,5,635,
wwi-app/wwwroot/lib/dtodata/images/forward_disabled.png,base-sample,png,4,1362,
wwi-app/wwwroot/lib/dtodata/images/forward_enabled.jpg,base-sample,jpg,4,852,
wwi-app/wwwroot/lib/dtodata/images/forward_enabled.png,base-sample,png,6,1379,
wwi-app/wwwroot/lib/dtodata/images/sort_asc.png,base-sample,png,3,262,
wwi-app/wwwroot/lib/dtodata/images/sort_asc_disabled.png,base-sample,png,4,251,
wwi-app/wwwroot/lib/dtodata/images/sort_both.png,base-sample,png,4,281,
wwi-app/wwwroot/lib/dtodata/images/sort_desc.png,base-sample,png,3,259,
wwi-app/wwwroot/lib/dtodata/images/sort_desc_disabled.png,base-sample,png,3,250,
wwi-app/wwwroot/lib/dtodata/images/unchecked.gif,base-sample,gif,1,223,
wwi-app/wwwroot/lib/dtodata/js/jquery.dataTables.js,base-sample,js,6524,201675,
wwi-app/wwwroot/lib/dtodata/js/jquery.dataTables.odata.js,base-sample,js,185,8235,
wwi-app/wwwroot/lib/dtodata/js/jquery.js,base-sample,js,5,92629,
wwi-app/wwwroot/lib/jquery-ui/images/ui-icons_444444_256x240.png,base-sample,png,20,6991,
wwi-app/wwwroot/lib/jquery-ui/images/ui-icons_555555_256x240.png,base-sample,png,33,6987,
wwi-app/wwwroot/lib/jquery-ui/images/ui-icons_777620_256x240.png,base-sample,png,18,4547,
wwi-app/wwwroot/lib/jquery-ui/images/ui-icons_777777_256x240.png,base-sample,png,33,6998,
wwi-app/wwwroot/lib/jquery-ui/images/ui-icons_cc0000_256x240.png,base-sample,png,18,4547,
wwi-app/wwwroot/lib/jquery-ui/images/ui-icons_ffffff_256x240.png,base-sample,png,20,6298,
wwi-app/wwwroot/lib/jquery-ui/jquery-ui.css,base-sample,css,587,19750,
wwi-app/wwwroot/lib/jquery-ui/jquery-ui.js,base-sample,js,1735,45799,
wwi-app/wwwroot/lib/jquery-ui/jquery-ui.min.css,base-sample,css,7,16930,
wwi-app/wwwroot/lib/jquery-ui/jquery-ui.min.js,base-sample,js,6,22224,
wwi-app/wwwroot/lib/jquery-ui/jquery-ui.structure.css,base-sample,css,161,2707,
wwi-app/wwwroot/lib/jquery-ui/jquery-ui.structure.min.css,base-sample,css,5,1980,
wwi-app/wwwroot/lib/jquery-ui/jquery-ui.theme.css,base-sample,css,443,17342,
wwi-app/wwwroot/lib/jquery-ui/jquery-ui.theme.min.css,base-sample,css,5,13847,
wwi-app/wwwroot/lib/jquery-validation-unobtrusive/.bower.json,base-sample,json,44,1100,
wwi-app/wwwroot/lib/jquery-validation-unobtrusive/jquery.validate.unobtrusive.js,base-sample,js,416,18618,
wwi-app/wwwroot/lib/jquery-validation-unobtrusive/jquery.validate.unobtrusive.min.js,base-sample,js,5,5407,
wwi-app/wwwroot/lib/jquery-validation/.bower.json,base-sample,json,40,886,
wwi-app/wwwroot/lib/jquery-validation/LICENSE.md,base-sample,md,22,1095,
wwi-app/wwwroot/lib/jquery-validation/dist/additional-methods.js,base-sample,js,998,36856,
wwi-app/wwwroot/lib/jquery-validation/dist/additional-methods.min.js,base-sample,js,4,17210,
wwi-app/wwwroot/lib/jquery-validation/dist/jquery.validate.js,base-sample,js,1398,42630,
wwi-app/wwwroot/lib/jquery-validation/dist/jquery.validate.min.js,base-sample,js,4,21090,
wwi-app/wwwroot/lib/jquery.serializejson.js,base-sample,js,349,19068,
wwi-app/wwwroot/lib/jquery.view-engine.js,base-sample,js,282,12019,
wwi-app/wwwroot/lib/jquery/.bower.json,base-sample,json,25,523,
wwi-app/wwwroot/lib/jquery/LICENSE.txt,base-sample,txt,36,1606,
wwi-app/wwwroot/lib/jquery/dist/jquery.js,base-sample,js,9831,258388,
wwi-app/wwwroot/lib/jquery/dist/jquery.min.js,base-sample,js,4,85589,
wwi-app/wwwroot/lib/jquery/dist/jquery.min.map,base-sample,map,1,129544,
wwi-app/wwwroot/lib/nvd3/nv.d3.css,base-sample,css,653,11475,
wwi-app/wwwroot/lib/nvd3/nv.d3.js,base-sample,js,11779,488764,
wwi-app/wwwroot/lib/nvd3/nv.d3.js.map,base-sample,map,1,1910824,
wwi-app/wwwroot/lib/nvd3/nv.d3.min.css,base-sample,css,2,8419,
wwi-app/wwwroot/lib/nvd3/nv.d3.min.css.map,base-sample,map,1,3677,
wwi-app/wwwroot/lib/nvd3/nv.d3.min.js,base-sample,js,13,292721,
wwi-app/wwwroot/lib/nvd3/nv.d3.min.js.map,base-sample,map,1,2288021,
wwi-app/wwwroot/lib/o.js/.bower.json,base-sample,json,36,829,
wwi-app/wwwroot/lib/o.js/LICENSE,base-sample,none,21,1067,
wwi-app/wwwroot/lib/o.js/README.md,base-sample,md,248,9511,
wwi-app/wwwroot/lib/o.js/bower.json,base-sample,json,26,557,
wwi-app/wwwroot/lib/o.js/example/app.js,base-sample,js,78,2244,
wwi-app/wwwroot/lib/o.js/example/css/bootstrap-theme.css,base-sample,css,470,22474,
wwi-app/wwwroot/lib/o.js/example/css/bootstrap-theme.css.map,base-sample,map,1,43029,
wwi-app/wwwroot/lib/o.js/example/css/bootstrap-theme.min.css,base-sample,css,5,19835,
wwi-app/wwwroot/lib/o.js/example/css/bootstrap.css,base-sample,css,6332,137067,
wwi-app/wwwroot/lib/o.js/example/css/bootstrap.css.map,base-sample,map,1,366144,
wwi-app/wwwroot/lib/o.js/example/css/bootstrap.min.css,base-sample,css,5,113498,
wwi-app/wwwroot/lib/o.js/example/css/custom.css,base-sample,css,127,2036,
wwi-app/wwwroot/lib/o.js/example/fonts/glyphicons-halflings-regular.eot,base-sample,eot,109,20335,
wwi-app/wwwroot/lib/o.js/example/fonts/glyphicons-halflings-regular.svg,base-sample,svg,229,62926,
wwi-app/wwwroot/lib/o.js/example/fonts/glyphicons-halflings-regular.ttf,base-sample,ttf,268,41280,
wwi-app/wwwroot/lib/o.js/example/fonts/glyphicons-halflings-regular.woff,base-sample,woff,98,23320,
wwi-app/wwwroot/lib/o.js/example/img/ajax-loader.gif,base-sample,gif,60,4177,
wwi-app/wwwroot/lib/o.js/example/index.html,base-sample,html,133,5290,
wwi-app/wwwroot/lib/o.js/example/js/bootstrap.js,base-sample,js,2320,67155,
wwi-app/wwwroot/lib/o.js/example/js/bootstrap.min.js,base-sample,js,7,35601,
wwi-app/wwwroot/lib/o.js/example/js/knockout-3.2.0.js,base-sample,js,111,54129,
wwi-app/wwwroot/lib/o.js/example/js/ko.bindinghandler.currency.js,base-sample,js,85,2726,
wwi-app/wwwroot/lib/o.js/example/js/npm.js,base-sample,js,13,484,
wwi-app/wwwroot/lib/o.js/example/js/q.js,base-sample,js,1937,58893,
wwi-app/wwwroot/lib/o.js/o.js,base-sample,js,1629,61485,
wwi-app/wwwroot/lib/o.js/o.min.js,base-sample,js,1,15836,
wwi-app/wwwroot/lib/o.js/package-lock.json,base-sample,json,438,16684,
wwi-app/wwwroot/lib/o.js/package.json,base-sample,json,33,832,
wwi-app/wwwroot/lib/o.js/spec/browser/index.html,base-sample,html,28,743,
wwi-app/wwwroot/lib/o.js/spec/browser/q.js,base-sample,js,1937,58893,
wwi-app/wwwroot/lib/o.js/spec/browser/test.js,base-sample,js,396,12077,
wwi-app/wwwroot/lib/o.js/spec/o.spec.js,base-sample,js,255,8982,
wwi-app/wwwroot/lib/o.js/spec/support/jasmine.json,base-sample,json,11,171,
wwi-app/wwwroot/lib/q.js,base-sample,js,2076,64012,
wwi-app/wwwroot/lib/q/.bower.json,base-sample,json,15,354,
wwi-app/wwwroot/lib/q/.gitignore,base-sample,none,7,82,
wwi-app/wwwroot/lib/q/.jshintrc,base-sample,none,25,452,
wwi-app/wwwroot/lib/q/.mailmap,base-sample,none,2,81,
wwi-app/wwwroot/lib/q/.npmignore,base-sample,none,21,196,
wwi-app/wwwroot/lib/q/.travis.yml,base-sample,yml,12,501,
wwi-app/wwwroot/lib/q/CHANGES.md,base-sample,md,922,36687,
wwi-app/wwwroot/lib/q/CONTRIBUTING.md,base-sample,md,40,1729,
wwi-app/wwwroot/lib/q/Gruntfile.js,base-sample,js,99,2958,
wwi-app/wwwroot/lib/q/LICENSE,base-sample,none,18,1092,
wwi-app/wwwroot/lib/q/README.md,base-sample,md,916,28317,
wwi-app/wwwroot/lib/q/VERSIONS.md,base-sample,md,18,671,
wwi-app/wwwroot/lib/q/benchmark/compare-with-callbacks.js,base-sample,js,72,1902,
wwi-app/wwwroot/lib/q/benchmark/scenarios.js,base-sample,js,36,950,
wwi-app/wwwroot/lib/q/design/README.js,base-sample,js,1030,32818,
wwi-app/wwwroot/lib/q/design/q0.js,base-sample,js,22,523,
wwi-app/wwwroot/lib/q/design/q1.js,base-sample,js,26,682,
wwi-app/wwwroot/lib/q/design/q2.js,base-sample,js,33,737,
wwi-app/wwwroot/lib/q/design/q3.js,base-sample,js,30,739,
wwi-app/wwwroot/lib/q/design/q4.js,base-sample,js,48,1388,
wwi-app/wwwroot/lib/q/design/q5.js,base-sample,js,56,1503,
wwi-app/wwwroot/lib/q/design/q6.js,base-sample,js,64,1842,
wwi-app/wwwroot/lib/q/design/q7.js,base-sample,js,128,3361,
wwi-app/wwwroot/lib/q/examples/all.js,base-sample,js,21,306,
wwi-app/wwwroot/lib/q/examples/async-generators/0.html,base-sample,html,36,989,
wwi-app/wwwroot/lib/q/examples/async-generators/1-return.js,base-sample,js,19,415,
wwi-app/wwwroot/lib/q/examples/async-generators/2-error-propagation.js,base-sample,js,21,571,
wwi-app/wwwroot/lib/q/examples/async-generators/3-spawn.js,base-sample,js,21,296,
wwi-app/wwwroot/lib/q/examples/async-generators/4-flow-control.js,base-sample,js,42,935,
wwi-app/wwwroot/lib/q/examples/async-generators/README.md,base-sample,md,66,1891,
wwi-app/wwwroot/lib/q/examples/simple-calls.js,base-sample,js,27,680,
wwi-app/wwwroot/lib/q/package.json,base-sample,json,79,2083,
wwi-app/wwwroot/lib/q/q.js,base-sample,js,1803,54879,
wwi-app/wwwroot/lib/q/queue.js,base-sample,js,25,536,
wwi-app/wwwroot/lib/q/ref_send.md,base-sample,md,26,1202,
wwi-app/wwwroot/lib/q/test/aplus-adapter.js,base-sample,js,15,281,
wwi-app/wwwroot/lib/q/test/domain-test.js,base-sample,js,101,2592,
wwi-app/wwwroot/lib/q/test/eta-test.js,base-sample,js,348,12616,
wwi-app/wwwroot/lib/q/test/index.css,base-sample,css,16,175,
wwi-app/wwwroot/lib/q/test/index.html,base-sample,html,10,305,
wwi-app/wwwroot/lib/q/test/index.js,base-sample,js,27,727,
wwi-app/wwwroot/lib/q/test/never-again-test.js,base-sample,js,84,2188,
wwi-app/wwwroot/lib/q/test/node-test.js,base-sample,js,266,7998,
wwi-app/wwwroot/lib/q/test/pass-test.js,base-sample,js,32,939,
wwi-app/wwwroot/lib/q/test/q-test.js,base-sample,js,1574,44244,
wwi-app/wwwroot/lib/q/test/queue-test.js,base-sample,js,102,2444,
wwi-app/wwwroot/lib/q/test/traces-test.js,base-sample,js,37,825,
wwi-app/wwwroot/lib/toastr/.bower.json,base-sample,json,23,505,
wwi-app/wwwroot/lib/toastr/LICENSE,base-sample,none,21,1063,
wwi-app/wwwroot/lib/toastr/README.md,base-sample,md,229,7244,
wwi-app/wwwroot/lib/toastr/bower.json,base-sample,json,9,154,
wwi-app/wwwroot/lib/toastr/toastr.css,base-sample,css,228,7575,
wwi-app/wwwroot/lib/toastr/toastr.js,base-sample,js,476,17728,
wwi-app/wwwroot/lib/toastr/toastr.js.map,base-sample,map,1,25657,
wwi-app/wwwroot/lib/toastr/toastr.less,base-sample,less,302,7356,
wwi-app/wwwroot/lib/toastr/toastr.min.css,base-sample,css,1,6454,
wwi-app/wwwroot/lib/toastr/toastr.min.js,base-sample,js,2,5251,
wwi-app/wwwroot/lib/toastr/toastr.scss,base-sample,scss,201,6940,
wwi-app/wwwroot/lib/webcomponentsjs/.bower.json,base-sample,json,35,822,
wwi-app/wwwroot/lib/webcomponentsjs/.eslintrc.json,base-sample,json,11,166,
wwi-app/wwwroot/lib/webcomponentsjs/.gitattributes,base-sample,none,3,88,
wwi-app/wwwroot/lib/webcomponentsjs/.gitignore,base-sample,none,3,35,
wwi-app/wwwroot/lib/webcomponentsjs/.travis.yml,base-sample,yml,25,914,
wwi-app/wwwroot/lib/webcomponentsjs/CONTRIBUTING.md,base-sample,md,64,2501,
wwi-app/wwwroot/lib/webcomponentsjs/LICENSE.md,base-sample,md,19,1559,
wwi-app/wwwroot/lib/webcomponentsjs/README.md,base-sample,md,169,9491,
wwi-app/wwwroot/lib/webcomponentsjs/bower.json,base-sample,json,24,504,
wwi-app/wwwroot/lib/webcomponentsjs/custom-elements-es5-adapter.js,base-sample,js,16,1621,
wwi-app/wwwroot/lib/webcomponentsjs/entrypoints/custom-elements-es5-adapter-index.js,base-sample,js,16,656,
wwi-app/wwwroot/lib/webcomponentsjs/entrypoints/webcomponents-hi-ce-index.js,base-sample,js,21,855,
wwi-app/wwwroot/lib/webcomponentsjs/entrypoints/webcomponents-hi-index.js,base-sample,js,20,739,
wwi-app/wwwroot/lib/webcomponentsjs/entrypoints/webcomponents-hi-sd-ce-index.js,base-sample,js,22,1005,
wwi-app/wwwroot/lib/webcomponentsjs/entrypoints/webcomponents-hi-sd-ce-pf-index.js,base-sample,js,26,1229,
wwi-app/wwwroot/lib/webcomponentsjs/entrypoints/webcomponents-sd-ce-index.js,base-sample,js,42,1456,
wwi-app/wwwroot/lib/webcomponentsjs/externs/webcomponents.js,base-sample,js,25,767,
wwi-app/wwwroot/lib/webcomponentsjs/gulpfile.js,base-sample,js,176,4945,
wwi-app/wwwroot/lib/webcomponentsjs/package-lock.json,base-sample,json,18276,685528,
wwi-app/wwwroot/lib/webcomponentsjs/package.json,base-sample,json,56,1508,
wwi-app/wwwroot/lib/webcomponentsjs/src/post-polyfill.js,base-sample,js,63,2201,
wwi-app/wwwroot/lib/webcomponentsjs/src/pre-polyfill.js,base-sample,js,63,1877,
wwi-app/wwwroot/lib/webcomponentsjs/src/promise.js,base-sample,js,26,1144,
wwi-app/wwwroot/lib/webcomponentsjs/src/unresolved.js,base-sample,js,31,1376,
wwi-app/wwwroot/lib/webcomponentsjs/tests/ce-import-upgrade-async.html,base-sample,html,46,1554,
wwi-app/wwwroot/lib/webcomponentsjs/tests/ce-import-upgrade.html,base-sample,html,31,1152,
wwi-app/wwwroot/lib/webcomponentsjs/tests/ce-import.html,base-sample,html,38,1466,
wwi-app/wwwroot/lib/webcomponentsjs/tests/ce-upgrade-order.html,base-sample,html,36,1337,
wwi-app/wwwroot/lib/webcomponentsjs/tests/ce-upgradedocumenttree.html,base-sample,html,56,1819,
wwi-app/wwwroot/lib/webcomponentsjs/tests/dev-loader-swizzled.html,base-sample,html,32,1369,
wwi-app/wwwroot/lib/webcomponentsjs/tests/dev-loader.html,base-sample,html,32,1343,
wwi-app/wwwroot/lib/webcomponentsjs/tests/force-polyfills.html,base-sample,html,40,1259,
wwi-app/wwwroot/lib/webcomponentsjs/tests/imports/a1-define.html,base-sample,html,32,1032,
wwi-app/wwwroot/lib/webcomponentsjs/tests/imports/a1-import.html,base-sample,html,11,600,
wwi-app/wwwroot/lib/webcomponentsjs/tests/imports/a1-instance.html,base-sample,html,12,561,
wwi-app/wwwroot/lib/webcomponentsjs/tests/imports/a1-reference.html,base-sample,html,19,893,
wwi-app/wwwroot/lib/webcomponentsjs/tests/imports/csp-import-1.html,base-sample,html,11,626,
wwi-app/wwwroot/lib/webcomponentsjs/tests/imports/csp-import-2.html,base-sample,html,10,580,
wwi-app/wwwroot/lib/webcomponentsjs/tests/imports/csp-script-1.js,base-sample,js,11,587,
wwi-app/wwwroot/lib/webcomponentsjs/tests/imports/csp-script-2.js,base-sample,js,11,587,
wwi-app/wwwroot/lib/webcomponentsjs/tests/imports/current-script.js,base-sample,js,13,672,
wwi-app/wwwroot/lib/webcomponentsjs/tests/imports/element-import-a.html,base-sample,html,11,580,
wwi-app/wwwroot/lib/webcomponentsjs/tests/imports/element-import-b.html,base-sample,html,11,580,
wwi-app/wwwroot/lib/webcomponentsjs/tests/imports/element-import.html,base-sample,html,20,715,
wwi-app/wwwroot/lib/webcomponentsjs/tests/imports/import-file.html,base-sample,html,12,587,
wwi-app/wwwroot/lib/webcomponentsjs/tests/imports/import-upgrade-order.html,base-sample,html,10,541,
wwi-app/wwwroot/lib/webcomponentsjs/tests/imports/script-1.html,base-sample,html,16,805,
wwi-app/wwwroot/lib/webcomponentsjs/tests/imports/script-2.html,base-sample,html,15,768,
wwi-app/wwwroot/lib/webcomponentsjs/tests/imports/simple-element-es5.html,base-sample,html,54,2538,
wwi-app/wwwroot/lib/webcomponentsjs/tests/imports/simple-element.html,base-sample,html,42,1352,
wwi-app/wwwroot/lib/webcomponentsjs/tests/integration-es5.html,base-sample,html,62,2473,
wwi-app/wwwroot/lib/webcomponentsjs/tests/integration.html,base-sample,html,61,2403,
wwi-app/wwwroot/lib/webcomponentsjs/tests/load.html,base-sample,html,53,2017,
wwi-app/wwwroot/lib/webcomponentsjs/tests/promise.html,base-sample,html,45,1559,
wwi-app/wwwroot/lib/webcomponentsjs/tests/runner.html,base-sample,html,35,1255,
wwi-app/wwwroot/lib/webcomponentsjs/tests/smoke.html,base-sample,html,53,1839,
wwi-app/wwwroot/lib/webcomponentsjs/tests/template-and-CE.html,base-sample,html,67,1906,
wwi-app/wwwroot/lib/webcomponentsjs/tests/template-and-imports.html,base-sample,html,58,1993,
wwi-app/wwwroot/lib/webcomponentsjs/wct.conf.json,base-sample,json,6,93,
wwi-app/wwwroot/lib/webcomponentsjs/webcomponents-hi-ce.js,base-sample,js,71,24601,
wwi-app/wwwroot/lib/webcomponentsjs/webcomponents-hi-ce.js.map,base-sample,map,1,148081,
wwi-app/wwwroot/lib/webcomponentsjs/webcomponents-hi-sd-ce.js,base-sample,js,177,72651,
wwi-app/wwwroot/lib/webcomponentsjs/webcomponents-hi-sd-ce.js.map,base-sample,map,1,454548,
wwi-app/wwwroot/lib/webcomponentsjs/webcomponents-hi.js,base-sample,js,46,10343,
wwi-app/wwwroot/lib/webcomponentsjs/webcomponents-hi.js.map,base-sample,map,1,50838,
wwi-app/wwwroot/lib/webcomponentsjs/webcomponents-lite.js,base-sample,js,197,85427,
wwi-app/wwwroot/lib/webcomponentsjs/webcomponents-lite.js.map,base-sample,map,1,536348,
wwi-app/wwwroot/lib/webcomponentsjs/webcomponents-loader.js,base-sample,js,74,3154,
wwi-app/wwwroot/lib/webcomponentsjs/webcomponents-sd-ce.js,base-sample,js,151,63609,
wwi-app/wwwroot/lib/webcomponentsjs/webcomponents-sd-ce.js.map,base-sample,map,1,405773,
wwi-app/wwwroot/public/LICENSE,base-sample,none,22,1094,
wwi-app/wwwroot/public/README.md,base-sample,md,27,1556,
wwi-app/wwwroot/public/css/blog-post.css,base-sample,css,13,390,
wwi-app/wwwroot/public/css/bootstrap.css,base-sample,css,6757,146010,
wwi-app/wwwroot/public/css/bootstrap.min.css,base-sample,css,6,121200,
wwi-app/wwwroot/public/fonts/glyphicons-halflings-regular.eot,base-sample,eot,106,20127,
wwi-app/wwwroot/public/fonts/glyphicons-halflings-regular.svg,base-sample,svg,288,108738,
wwi-app/wwwroot/public/fonts/glyphicons-halflings-regular.ttf,base-sample,ttf,772,45386,
wwi-app/wwwroot/public/fonts/glyphicons-halflings-regular.woff,base-sample,woff,94,23424,
wwi-app/wwwroot/public/fonts/glyphicons-halflings-regular.woff2,base-sample,woff2,73,18028,
wwi-app/wwwroot/public/js/bootstrap.js,base-sample,js,2377,69707,
wwi-app/wwwroot/public/js/bootstrap.min.js,base-sample,js,7,37045,
wwi-app/wwwroot/public/js/jquery.js,base-sample,js,4,95785,
wwi-azure-functions/.gitignore,base-sample,none,264,4363,
wwi-azure-functions/ODataFunctions.cs,base-sample,cs,406,21682,
wwi-azure-functions/ODataFunctions.tt,base-sample,tt,51,1812,
wwi-azure-functions/host.json,base-sample,json,3,24,
wwi-azure-functions/wwi-azure-functions.csproj,base-sample,csproj,33,1131,
wwi-dw-ssdt/README.md,base-sample,md,78,3792,
wwi-dw-ssdt/WideWorldImportersDW.sln,base-sample,sln,24,1161,
wwi-dw-ssdt/wwi-dw-ssdt/Application/Stored Procedures/Configuration_ApplyPolybase.sql,base-sample,sql,67,1654,
wwi-dw-ssdt/wwi-dw-ssdt/Application/Stored Procedures/Configuration_PopulateLargeSaleTable.sql,base-sample,sql,162,6715,
wwi-dw-ssdt/wwi-dw-ssdt/Application/Stored Procedures/Configuration_ReseedETL.sql,base-sample,sql,78,3084,
wwi-dw-ssdt/wwi-dw-ssdt/Dimension/Tables/City.sql,base-sample,sql,87,5278,
wwi-dw-ssdt/wwi-dw-ssdt/Dimension/Tables/Customer.sql,base-sample,sql,72,4324,
wwi-dw-ssdt/wwi-dw-ssdt/Dimension/Tables/Date.sql,base-sample,sql,696,26398,
wwi-dw-ssdt/wwi-dw-ssdt/Dimension/Tables/Employee.sql,base-sample,sql,62,3678,
wwi-dw-ssdt/wwi-dw-ssdt/Dimension/Tables/Payment Method.sql,base-sample,sql,47,2921,
wwi-dw-ssdt/wwi-dw-ssdt/Dimension/Tables/Stock Item.sql,base-sample,sql,117,7599,
wwi-dw-ssdt/wwi-dw-ssdt/Dimension/Tables/Supplier.sql,base-sample,sql,72,4435,
wwi-dw-ssdt/wwi-dw-ssdt/Dimension/Tables/Transaction Type.sql,base-sample,sql,47,3019,
wwi-dw-ssdt/wwi-dw-ssdt/Fact/Tables/Movement.sql,base-sample,sql,111,5667,
wwi-dw-ssdt/wwi-dw-ssdt/Fact/Tables/Order.sql,base-sample,sql,165,8436,
wwi-dw-ssdt/wwi-dw-ssdt/Fact/Tables/Purchase.sql,base-sample,sql,91,4827,
wwi-dw-ssdt/wwi-dw-ssdt/Fact/Tables/Sale.sql,base-sample,sql,169,8988,
wwi-dw-ssdt/wwi-dw-ssdt/Fact/Tables/Stock Holding.sql,base-sample,sql,68,3985,
wwi-dw-ssdt/wwi-dw-ssdt/Fact/Tables/Transaction.sql,base-sample,sql,147,8313,
wwi-dw-ssdt/wwi-dw-ssdt/Integration/Functions/GenerateDateDimensionColumns.sql,base-sample,sql,215,12756,
wwi-dw-ssdt/wwi-dw-ssdt/Integration/Stored Procedures/GetLastETLCutoffTime.sql,base-sample,sql,22,431,
wwi-dw-ssdt/wwi-dw-ssdt/Integration/Stored Procedures/GetLineageKey.sql,base-sample,sql,23,553,
wwi-dw-ssdt/wwi-dw-ssdt/Integration/Stored Procedures/MigrateStagedCityData.sql,base-sample,sql,59,1885,
wwi-dw-ssdt/wwi-dw-ssdt/Integration/Stored Procedures/MigrateStagedCustomerData.sql,base-sample,sql,57,1849,
wwi-dw-ssdt/wwi-dw-ssdt/Integration/Stored Procedures/MigrateStagedEmployeeData.sql,base-sample,sql,54,1746,
wwi-dw-ssdt/wwi-dw-ssdt/Integration/Stored Procedures/MigrateStagedMovementData.sql,base-sample,sql,82,4152,
wwi-dw-ssdt/wwi-dw-ssdt/Integration/Stored Procedures/MigrateStagedOrderData.sql,base-sample,sql,86,4184,
wwi-dw-ssdt/wwi-dw-ssdt/Integration/Stored Procedures/MigrateStagedPaymentMethodData.sql,base-sample,sql,54,1764,
wwi-dw-ssdt/wwi-dw-ssdt/Integration/Stored Procedures/MigrateStagedPurchaseData.sql,base-sample,sql,64,2658,
wwi-dw-ssdt/wwi-dw-ssdt/Integration/Stored Procedures/MigrateStagedSaleData.sql,base-sample,sql,84,4335,
wwi-dw-ssdt/wwi-dw-ssdt/Integration/Stored Procedures/MigrateStagedStockHoldingData.sql,base-sample,sql,54,1920,
wwi-dw-ssdt/wwi-dw-ssdt/Integration/Stored Procedures/MigrateStagedStockItemData.sql,base-sample,sql,60,2183,
wwi-dw-ssdt/wwi-dw-ssdt/Integration/Stored Procedures/MigrateStagedSupplierData.sql,base-sample,sql,56,1848,
wwi-dw-ssdt/wwi-dw-ssdt/Integration/Stored Procedures/MigrateStagedTransactionData.sql,base-sample,sql,80,4387,
wwi-dw-ssdt/wwi-dw-ssdt/Integration/Stored Procedures/MigrateStagedTransactionTypeData.sql,base-sample,sql,54,1794,
wwi-dw-ssdt/wwi-dw-ssdt/Integration/Stored Procedures/PopulateDateDimensionForYear.sql,base-sample,sql,160,6719,
wwi-dw-ssdt/wwi-dw-ssdt/Integration/Tables/City_Staging.sql,base-sample,sql,82,5074,
wwi-dw-ssdt/wwi-dw-ssdt/Integration/Tables/Customer_Staging.sql,base-sample,sql,15,749,
wwi-dw-ssdt/wwi-dw-ssdt/Integration/Tables/ETL Cutoff.sql,base-sample,sql,18,933,
wwi-dw-ssdt/wwi-dw-ssdt/Integration/Tables/Employee_Staging.sql,base-sample,sql,13,649,
wwi-dw-ssdt/wwi-dw-ssdt/Integration/Tables/Lineage.sql,base-sample,sql,38,2444,
wwi-dw-ssdt/wwi-dw-ssdt/Integration/Tables/Movement_Staging.sql,base-sample,sql,20,1073,
wwi-dw-ssdt/wwi-dw-ssdt/Integration/Tables/Order_Staging.sql,base-sample,sql,30,1424,
wwi-dw-ssdt/wwi-dw-ssdt/Integration/Tables/PaymentMethod_Staging.sql,base-sample,sql,10,531,
wwi-dw-ssdt/wwi-dw-ssdt/Integration/Tables/Purchase_Staging.sql,base-sample,sql,18,857,
wwi-dw-ssdt/wwi-dw-ssdt/Integration/Tables/Sale_Staging.sql,base-sample,sql,31,1573,
wwi-dw-ssdt/wwi-dw-ssdt/Integration/Tables/StockHolding_Staging.sql,base-sample,sql,14,733,
wwi-dw-ssdt/wwi-dw-ssdt/Integration/Tables/StockItem_Staging.sql,base-sample,sql,24,1305,
wwi-dw-ssdt/wwi-dw-ssdt/Integration/Tables/Supplier_Staging.sql,base-sample,sql,15,745,
wwi-dw-ssdt/wwi-dw-ssdt/Integration/Tables/TransactionType_Staging.sql,base-sample,sql,10,547,
wwi-dw-ssdt/wwi-dw-ssdt/Integration/Tables/Transaction_Staging.sql,base-sample,sql,28,1530,
wwi-dw-ssdt/wwi-dw-ssdt/PostDeploymentScripts/Script.PostDeployment1.sql,base-sample,sql,132,5019,
wwi-dw-ssdt/wwi-dw-ssdt/Security/Application.sql,base-sample,sql,7,216,
wwi-dw-ssdt/wwi-dw-ssdt/Security/Dimension.sql,base-sample,sql,7,216,
wwi-dw-ssdt/wwi-dw-ssdt/Security/Fact.sql,base-sample,sql,7,201,
wwi-dw-ssdt/wwi-dw-ssdt/Security/Integration.sql,base-sample,sql,7,220,
wwi-dw-ssdt/wwi-dw-ssdt/Security/PowerBI.sql,base-sample,sql,7,268,
wwi-dw-ssdt/wwi-dw-ssdt/Security/Reports.sql,base-sample,sql,7,259,
wwi-dw-ssdt/wwi-dw-ssdt/Security/Sequences.sql,base-sample,sql,7,235,
wwi-dw-ssdt/wwi-dw-ssdt/Security/Website.sql,base-sample,sql,7,262,
wwi-dw-ssdt/wwi-dw-ssdt/Sequences/Sequences/CityKey.sql,base-sample,sql,5,90,
wwi-dw-ssdt/wwi-dw-ssdt/Sequences/Sequences/CustomerKey.sql,base-sample,sql,5,94,
wwi-dw-ssdt/wwi-dw-ssdt/Sequences/Sequences/EmployeeKey.sql,base-sample,sql,5,94,
wwi-dw-ssdt/wwi-dw-ssdt/Sequences/Sequences/LineageKey.sql,base-sample,sql,5,93,
wwi-dw-ssdt/wwi-dw-ssdt/Sequences/Sequences/PaymentMethodKey.sql,base-sample,sql,5,99,
wwi-dw-ssdt/wwi-dw-ssdt/Sequences/Sequences/StockItemKey.sql,base-sample,sql,5,95,
wwi-dw-ssdt/wwi-dw-ssdt/Sequences/Sequences/SupplierKey.sql,base-sample,sql,5,94,
wwi-dw-ssdt/wwi-dw-ssdt/Sequences/Sequences/TransactionTypeKey.sql,base-sample,sql,5,101,
wwi-dw-ssdt/wwi-dw-ssdt/Sequences/Stored Procedures/ReseedAllSequences.sql,base-sample,sql,15,1531,
wwi-dw-ssdt/wwi-dw-ssdt/Sequences/Stored Procedures/ReseedSequenceBeyondTableValues.sql,base-sample,sql,34,1378,
wwi-dw-ssdt/wwi-dw-ssdt/Storage/PF_Date.sql,base-sample,sql,4,220,
wwi-dw-ssdt/wwi-dw-ssdt/Storage/PS_Date.sql,base-sample,sql,4,170,
wwi-dw-ssdt/wwi-dw-ssdt/Storage/USERDATA.sql,base-sample,sql,3,67,
wwi-dw-ssdt/wwi-dw-ssdt/Storage/WWIDW_MemoryOptimized_Data.sql,base-sample,sql,3,116,
wwi-dw-ssdt/wwi-dw-ssdt/WideWorldImportersDW.publish.xml,base-sample,xml,12,764,
wwi-dw-ssdt/wwi-dw-ssdt/WideWorldImportersDW.sqlproj,base-sample,sqlproj,166,9356,
wwi-dw-ssdt/wwi-dw-ssdt/dbo/Tables/SampleVersion.sql,base-sample,sql,12,320,
wwi-sample.sln,repository,sln,74,5299,
wwi-ssasmd/README.md,base-sample,md,79,3428,
wwi-ssasmd/wwi-ssasmd.sln,base-sample,sln,20,931,
wwi-ssasmd/wwi-ssasmd/City.dim,base-sample,dim,531,25532,
wwi-ssasmd/wwi-ssasmd/Customer.dim,base-sample,dim,280,14077,
wwi-ssasmd/wwi-ssasmd/Date-DESKTOP-OS5I5AQ.dim,base-sample,dim,637,30243,
wwi-ssasmd/wwi-ssasmd/Date-ThinkerPad.dim,base-sample,dim,637,30243,
wwi-ssasmd/wwi-ssasmd/Date.dim,base-sample,dim,1200,57580,
wwi-ssasmd/wwi-ssasmd/Employee.dim,base-sample,dim,235,12182,
wwi-ssasmd/wwi-ssasmd/Payment Method.dim,base-sample,dim,123,7446,
wwi-ssasmd/wwi-ssasmd/Purchase Finalized.dim,base-sample,dim,125,7481,
wwi-ssasmd/wwi-ssasmd/Stock Item.dim,base-sample,dim,185,10408,
wwi-ssasmd/wwi-ssasmd/Supplier.dim,base-sample,dim,216,11138,
wwi-ssasmd/wwi-ssasmd/Transaction Finalized.dim,base-sample,dim,125,7481,
wwi-ssasmd/wwi-ssasmd/Transaction Type.dim,base-sample,dim,123,7474,
wwi-ssasmd/wwi-ssasmd/WWI-SSASMD.database,base-sample,database,17,1782,
wwi-ssasmd/wwi-ssasmd/Wide World Importers DW-DESKTOP-OS5I5AQ.ds,base-sample,ds,14,1878,
wwi-ssasmd/wwi-ssasmd/Wide World Importers DW-DESKTOP-OS5I5AQ.dsv,base-sample,dsv,1409,123590,
wwi-ssasmd/wwi-ssasmd/Wide World Importers DW-ThinkerPad.ds,base-sample,ds,14,1878,
wwi-ssasmd/wwi-ssasmd/Wide World Importers DW-ThinkerPad.dsv,base-sample,dsv,1409,123590,
wwi-ssasmd/wwi-ssasmd/Wide World Importers DW.dsv,base-sample,dsv,1564,136400,
wwi-ssasmd/wwi-ssasmd/Wide World Importers-DESKTOP-OS5I5AQ.cube,base-sample,cube,2500,133326,
wwi-ssasmd/wwi-ssasmd/Wide World Importers-ThinkerPad.cube,base-sample,cube,2500,133326,
wwi-ssasmd/wwi-ssasmd/Wide World Importers.cube,base-sample,cube,2671,142798,
wwi-ssasmd/wwi-ssasmd/Wide World Importers.partitions,base-sample,partitions,105,5737,
wwi-ssasmd/wwi-ssasmd/WideWorldImportersDW.ds,base-sample,ds,14,1873,
wwi-ssasmd/wwi-ssasmd/WideWorldImportersMultidimensionalCube.dwproj,base-sample,dwproj,103,5902,
wwi-ssdt/README.md,base-sample,md,98,6179,
wwi-ssdt/WideWorldImporters.sln,base-sample,sln,24,1154,
wwi-ssdt/wwi-ssdt/.gitignore,base-sample,none,2,11,
wwi-ssdt/wwi-ssdt/Application/Functions/DetermineCustomerAccess.sql,base-sample,sql,19,876,
wwi-ssdt/wwi-ssdt/Application/Stored Procedures/AddRoleMemberIfNonexistent.sql,base-sample,sql,35,1198,
wwi-ssdt/wwi-ssdt/Application/Stored Procedures/Configuration_ApplyAuditing.sql,base-sample,sql,77,2482,
wwi-ssdt/wwi-ssdt/Application/Stored Procedures/Configuration_ApplyColumnstoreIndexing.sql,base-sample,sql,94,3097,
wwi-ssdt/wwi-ssdt/Application/Stored Procedures/Configuration_ApplyFullTextIndexing.sql,base-sample,sql,190,6237,
wwi-ssdt/wwi-ssdt/Application/Stored Procedures/Configuration_ApplyPartitioning.sql,base-sample,sql,227,6273,
wwi-ssdt/wwi-ssdt/Application/Stored Procedures/Configuration_ApplyRowLevelSecurity.sql,base-sample,sql,55,1937,
wwi-ssdt/wwi-ssdt/Application/Stored Procedures/Configuration_ConfigureForEnterpriseEdition.sql,base-sample,sql,14,340,
wwi-ssdt/wwi-ssdt/Application/Stored Procedures/Configuration_DisableInMemory.sql,base-sample,sql,476,18292,
wwi-ssdt/wwi-ssdt/Application/Stored Procedures/Configuration_EnableInMemory.sql,base-sample,sql,493,19109,
wwi-ssdt/wwi-ssdt/Application/Stored Procedures/Configuration_PrepareForAzureStandard.sql,base-sample,sql,9,274,
wwi-ssdt/wwi-ssdt/Application/Stored Procedures/Configuration_RemoveAuditing.sql,base-sample,sql,51,1392,
wwi-ssdt/wwi-ssdt/Application/Stored Procedures/Configuration_RemoveColumnstoreIndexing.sql,base-sample,sql,91,3072,
wwi-ssdt/wwi-ssdt/Application/Stored Procedures/Configuration_RemoveRowLevelSecurity.sql,base-sample,sql,25,661,
wwi-ssdt/wwi-ssdt/Application/Stored Procedures/CreateRoleIfNonexistent.sql,base-sample,sql,25,594,
wwi-ssdt/wwi-ssdt/Application/Tables/Cities.sql,base-sample,sql,49,3364,
wwi-ssdt/wwi-ssdt/Application/Tables/Cities_Archive.sql,base-sample,sql,16,666,
wwi-ssdt/wwi-ssdt/Application/Tables/Countries.sql,base-sample,sql,71,5178,
wwi-ssdt/wwi-ssdt/Application/Tables/Countries_Archive.sql,base-sample,sql,22,1017,
wwi-ssdt/wwi-ssdt/Application/Tables/DeliveryMethods.sql,base-sample,sql,25,1988,
wwi-ssdt/wwi-ssdt/Application/Tables/DeliveryMethods_Archive.sql,base-sample,sql,13,474,
wwi-ssdt/wwi-ssdt/Application/Tables/Logs.sql,base-sample,sql,33,1749,
wwi-ssdt/wwi-ssdt/Application/Tables/PaymentMethods.sql,base-sample,sql,25,1951,
wwi-ssdt/wwi-ssdt/Application/Tables/PaymentMethods_Archive.sql,base-sample,sql,13,466,
wwi-ssdt/wwi-ssdt/Application/Tables/People.sql,base-sample,sql,143,9178,
wwi-ssdt/wwi-ssdt/Application/Tables/People_Archive.sql,base-sample,sql,29,1342,
wwi-ssdt/wwi-ssdt/Application/Tables/StateProvinces.sql,base-sample,sql,69,4876,
wwi-ssdt/wwi-ssdt/Application/Tables/StateProvinces_Archive.sql,base-sample,sql,18,808,
wwi-ssdt/wwi-ssdt/Application/Tables/SystemParameters.sql,base-sample,sql,86,5817,
wwi-ssdt/wwi-ssdt/Application/Tables/TransactionTypes.sql,base-sample,sql,25,1975,
wwi-ssdt/wwi-ssdt/Application/Tables/TransactionTypes_Archive.sql,base-sample,sql,13,482,
wwi-ssdt/wwi-ssdt/DataLoadSimulation/Functions/GetAreaCode.sql,base-sample,sql,30,587,
wwi-ssdt/wwi-ssdt/DataLoadSimulation/Functions/GetBogativePhoneNumber.sql,base-sample,sql,30,616,
wwi-ssdt/wwi-ssdt/DataLoadSimulation/Functions/GetCityLocation.sql,base-sample,sql,25,398,
wwi-ssdt/wwi-ssdt/DataLoadSimulation/Functions/GetCustomerCount.sql,base-sample,sql,26,563,
wwi-ssdt/wwi-ssdt/DataLoadSimulation/Functions/GetDeliveryMethodID.sql,base-sample,sql,25,577,
wwi-ssdt/wwi-ssdt/DataLoadSimulation/Functions/GetPaymentMethodID.sql,base-sample,sql,24,558,
wwi-ssdt/wwi-ssdt/DataLoadSimulation/Functions/GetPersonID.sql,base-sample,sql,25,472,
wwi-ssdt/wwi-ssdt/DataLoadSimulation/Functions/GetStateProvinceID.sql,base-sample,sql,23,528,
wwi-ssdt/wwi-ssdt/DataLoadSimulation/Functions/GetSupplierCategoryID.sql,base-sample,sql,27,596,
wwi-ssdt/wwi-ssdt/DataLoadSimulation/Functions/GetTransactionTypeID.sql,base-sample,sql,24,590,
wwi-ssdt/wwi-ssdt/DataLoadSimulation/Stored Procedures/ActivateWebsiteLogons.sql,base-sample,sql,58,1993,
wwi-ssdt/wwi-ssdt/DataLoadSimulation/Stored Procedures/AddCustomers.sql,base-sample,sql,173,7427,
wwi-ssdt/wwi-ssdt/DataLoadSimulation/Stored Procedures/AddSpecialDeals.sql,base-sample,sql,47,1735,
wwi-ssdt/wwi-ssdt/DataLoadSimulation/Stored Procedures/AddStockItems.sql,base-sample,sql,91,12246,
wwi-ssdt/wwi-ssdt/DataLoadSimulation/Stored Procedures/ChangePasswords.sql,base-sample,sql,55,1926,
wwi-ssdt/wwi-ssdt/DataLoadSimulation/Stored Procedures/CreateCustomerOrders.sql,base-sample,sql,114,4377,
wwi-ssdt/wwi-ssdt/DataLoadSimulation/Stored Procedures/DailyProcessToCreateHistory.sql,base-sample,sql,455,15800,
wwi-ssdt/wwi-ssdt/DataLoadSimulation/Stored Procedures/DeactivateTemporalTablesBeforeDataLoad.sql,base-sample,sql,705,50102,
wwi-ssdt/wwi-ssdt/DataLoadSimulation/Stored Procedures/GetBogativePostalCode.sql,base-sample,sql,48,1287,
wwi-ssdt/wwi-ssdt/DataLoadSimulation/Stored Procedures/GetBuyingGroupDomain.sql,base-sample,sql,79,6517,
wwi-ssdt/wwi-ssdt/DataLoadSimulation/Stored Procedures/GetFicticiousName.sql,base-sample,sql,47,1489,
wwi-ssdt/wwi-ssdt/DataLoadSimulation/Stored Procedures/GetRandomBuyingGroup.sql,base-sample,sql,29,785,
wwi-ssdt/wwi-ssdt/DataLoadSimulation/Stored Procedures/GetRandomBuyingGroupNotInUse.sql,base-sample,sql,84,3122,
wwi-ssdt/wwi-ssdt/DataLoadSimulation/Stored Procedures/GetRandomCity.sql,base-sample,sql,46,1526,
wwi-ssdt/wwi-ssdt/DataLoadSimulation/Stored Procedures/GetRandomCustomer.sql,base-sample,sql,36,931,
wwi-ssdt/wwi-ssdt/DataLoadSimulation/Stored Procedures/GetRandomCustomerCategory.sql,base-sample,sql,34,898,
wwi-ssdt/wwi-ssdt/DataLoadSimulation/Stored Procedures/GetRandomDeliveryMethod.sql,base-sample,sql,28,657,
wwi-ssdt/wwi-ssdt/DataLoadSimulation/Stored Procedures/GetRandomEmployeePerson.sql,base-sample,sql,32,669,
wwi-ssdt/wwi-ssdt/DataLoadSimulation/Stored Procedures/GetRandomPaymentDays.sql,base-sample,sql,34,1115,
wwi-ssdt/wwi-ssdt/DataLoadSimulation/Stored Procedures/GetRandomSalesPersonID.sql,base-sample,sql,31,666,
wwi-ssdt/wwi-ssdt/DataLoadSimulation/Stored Procedures/GetRandomSecondaryAddress.sql,base-sample,sql,59,1482,
wwi-ssdt/wwi-ssdt/DataLoadSimulation/Stored Procedures/GetRandomStockItemToAdjust.sql,base-sample,sql,31,715,
wwi-ssdt/wwi-ssdt/DataLoadSimulation/Stored Procedures/GetRandomStreet.sql,base-sample,sql,36,1095,
wwi-ssdt/wwi-ssdt/DataLoadSimulation/Stored Procedures/GetRandomStreetName.sql,base-sample,sql,90,1916,
wwi-ssdt/wwi-ssdt/DataLoadSimulation/Stored Procedures/GetRandomStreetSuffix.sql,base-sample,sql,43,1044,
wwi-ssdt/wwi-ssdt/DataLoadSimulation/Stored Procedures/InvoicePickedOrders.sql,base-sample,sql,207,9790,
wwi-ssdt/wwi-ssdt/DataLoadSimulation/Stored Procedures/MakeTemporalChanges.sql,base-sample,sql,167,5818,
wwi-ssdt/wwi-ssdt/DataLoadSimulation/Stored Procedures/PaySuppliers.sql,base-sample,sql,60,2200,
wwi-ssdt/wwi-ssdt/DataLoadSimulation/Stored Procedures/PerformStocktake.sql,base-sample,sql,67,2384,
wwi-ssdt/wwi-ssdt/DataLoadSimulation/Stored Procedures/PickStockForCustomerOrders.sql,base-sample,sql,121,4211,
wwi-ssdt/wwi-ssdt/DataLoadSimulation/Stored Procedures/PlaceSupplierOrders.sql,base-sample,sql,130,4976,
wwi-ssdt/wwi-ssdt/DataLoadSimulation/Stored Procedures/PopulateColdRoomTemperatures_temp.sql,base-sample,sql,40,1289,
wwi-ssdt/wwi-ssdt/DataLoadSimulation/Stored Procedures/PopulateDataTo180DaysAgo.sql,base-sample,sql,25,1062,
wwi-ssdt/wwi-ssdt/DataLoadSimulation/Stored Procedures/PopulateDataToCurrentDate.sql,base-sample,sql,26,1038,
wwi-ssdt/wwi-ssdt/DataLoadSimulation/Stored Procedures/PopulateOneDayOfHistory.sql,base-sample,sql,24,985,
wwi-ssdt/wwi-ssdt/DataLoadSimulation/Stored Procedures/ProcessCustomerPayments.sql,base-sample,sql,64,2260,
wwi-ssdt/wwi-ssdt/DataLoadSimulation/Stored Procedures/ReactivateTemporalTablesAfterDataLoad.sql,base-sample,sql,80,6102,
wwi-ssdt/wwi-ssdt/DataLoadSimulation/Stored Procedures/ReceivePurchaseOrders.sql,base-sample,sql,104,4479,
wwi-ssdt/wwi-ssdt/DataLoadSimulation/Stored Procedures/RecordColdRoomTemperatures.sql,base-sample,sql,82,2645,
wwi-ssdt/wwi-ssdt/DataLoadSimulation/Stored Procedures/RecordDeliveryVanTemperatures.sql,base-sample,sql,72,2753,
wwi-ssdt/wwi-ssdt/DataLoadSimulation/Stored Procedures/RecordInvoiceDeliveries.sql,base-sample,sql,94,3989,
wwi-ssdt/wwi-ssdt/DataLoadSimulation/Stored Procedures/UpdateCustomFields.sql,base-sample,sql,248,10868,
wwi-ssdt/wwi-ssdt/DataLoadSimulation/Tables/AreaCode.sql,base-sample,sql,5,120,
wwi-ssdt/wwi-ssdt/DataLoadSimulation/Tables/ColdRoomTemperatures_temp.sql,base-sample,sql,15,952,
wwi-ssdt/wwi-ssdt/DataLoadSimulation/Tables/FicticiousNamePool.sql,base-sample,sql,7,186,
wwi-ssdt/wwi-ssdt/DataLoadSimulation/Tables/SeasonVariation.sql,base-sample,sql,9,265,
wwi-ssdt/wwi-ssdt/Integration/Stored Procedures/GetCityUpdates.sql,base-sample,sql,181,6819,
wwi-ssdt/wwi-ssdt/Integration/Stored Procedures/GetCustomerUpdates.sql,base-sample,sql,196,7490,
wwi-ssdt/wwi-ssdt/Integration/Stored Procedures/GetEmployeeUpdates.sql,base-sample,sql,86,2683,
wwi-ssdt/wwi-ssdt/Integration/Stored Procedures/GetMovementUpdates.sql,base-sample,sql,27,947,
wwi-ssdt/wwi-ssdt/Integration/Stored Procedures/GetOrderUpdates.sql,base-sample,sql,42,1792,
wwi-ssdt/wwi-ssdt/Integration/Stored Procedures/GetPaymentMethodUpdates.sql,base-sample,sql,78,2516,
wwi-ssdt/wwi-ssdt/Integration/Stored Procedures/GetPurchaseUpdates.sql,base-sample,sql,34,1411,
wwi-ssdt/wwi-ssdt/Integration/Stored Procedures/GetSaleUpdates.sql,base-sample,sql,47,2029,
wwi-ssdt/wwi-ssdt/Integration/Stored Procedures/GetStockHoldingUpdates.sql,base-sample,sql,20,597,
wwi-ssdt/wwi-ssdt/Integration/Stored Procedures/GetStockItemUpdates.sql,base-sample,sql,112,4237,
wwi-ssdt/wwi-ssdt/Integration/Stored Procedures/GetSupplierUpdates.sql,base-sample,sql,135,5003,
wwi-ssdt/wwi-ssdt/Integration/Stored Procedures/GetTransactionTypeUpdates.sql,base-sample,sql,78,2588,
wwi-ssdt/wwi-ssdt/Integration/Stored Procedures/GetTransactionUpdates.sql,base-sample,sql,58,2476,
wwi-ssdt/wwi-ssdt/PostDeploymentScripts/Script.PostDeployment1.sql,base-sample,sql,205,7652,
wwi-ssdt/wwi-ssdt/PostDeploymentScripts/pds100-ins-app-people.sql,base-sample,sql,56,15519,
wwi-ssdt/wwi-ssdt/PostDeploymentScripts/pds105-ins-dls-ficticiousnamepool.sql,base-sample,sql,1404,78200,
wwi-ssdt/wwi-ssdt/PostDeploymentScripts/pds106-ins-dls-areacode.sql,base-sample,sql,359,6494,
wwi-ssdt/wwi-ssdt/PostDeploymentScripts/pds110-ins-app-countries.sql,base-sample,sql,201,2968090,
wwi-ssdt/wwi-ssdt/PostDeploymentScripts/pds120-ins-app-deliverymethods.sql,base-sample,sql,20,865,
wwi-ssdt/wwi-ssdt/PostDeploymentScripts/pds130-ins-app-paymentmethods.sql,base-sample,sql,14,479,
wwi-ssdt/wwi-ssdt/PostDeploymentScripts/pds140-ins-app-stateprovinces.sql,base-sample,sql,66,6021,
wwi-ssdt/wwi-ssdt/PostDeploymentScripts/pds142-upd-app-stateprovinces-borders.sql,base-sample,sql,2046,247090,
wwi-ssdt/wwi-ssdt/PostDeploymentScripts/pds150-ins-app-cities-a.sql,base-sample,sql,1636,249490,
wwi-ssdt/wwi-ssdt/PostDeploymentScripts/pds150-ins-app-cities-b.sql,base-sample,sql,3129,483093,
wwi-ssdt/wwi-ssdt/PostDeploymentScripts/pds150-ins-app-cities-c.sql,base-sample,sql,3484,540651,
wwi-ssdt/wwi-ssdt/PostDeploymentScripts/pds150-ins-app-cities-d.sql,base-sample,sql,1286,196201,
wwi-ssdt/wwi-ssdt/PostDeploymentScripts/pds150-ins-app-cities-e.sql,base-sample,sql,1335,205528,
wwi-ssdt/wwi-ssdt/PostDeploymentScripts/pds150-ins-app-cities-f.sql,base-sample,sql,1378,215284,
wwi-ssdt/wwi-ssdt/PostDeploymentScripts/pds150-ins-app-cities-g.sql,base-sample,sql,1700,264666,
wwi-ssdt/wwi-ssdt/PostDeploymentScripts/pds150-ins-app-cities-h.sql,base-sample,sql,2077,322828,
wwi-ssdt/wwi-ssdt/PostDeploymentScripts/pds150-ins-app-cities-i.sql,base-sample,sql,332,51102,
wwi-ssdt/wwi-ssdt/PostDeploymentScripts/pds150-ins-app-cities-j.sql,base-sample,sql,414,62581,
wwi-ssdt/wwi-ssdt/PostDeploymentScripts/pds150-ins-app-cities-k.sql,base-sample,sql,723,114066,
wwi-ssdt/wwi-ssdt/PostDeploymentScripts/pds150-ins-app-cities-l.sql,base-sample,sql,2302,371066,
wwi-ssdt/wwi-ssdt/PostDeploymentScripts/pds150-ins-app-cities-m.sql,base-sample,sql,3101,501417,
wwi-ssdt/wwi-ssdt/PostDeploymentScripts/pds150-ins-app-cities-n.sql,base-sample,sql,1320,214361,
wwi-ssdt/wwi-ssdt/PostDeploymentScripts/pds150-ins-app-cities-o.sql,base-sample,sql,913,145702,
wwi-ssdt/wwi-ssdt/PostDeploymentScripts/pds150-ins-app-cities-p.sql,base-sample,sql,2162,347961,
wwi-ssdt/wwi-ssdt/PostDeploymentScripts/pds150-ins-app-cities-q.sql,base-sample,sql,5,101,
wwi-ssdt/wwi-ssdt/PostDeploymentScripts/pds150-ins-app-cities-r.sql,base-sample,sql,1678,269244,
wwi-ssdt/wwi-ssdt/PostDeploymentScripts/pds150-ins-app-cities-s.sql,base-sample,sql,3553,575524,
wwi-ssdt/wwi-ssdt/PostDeploymentScripts/pds150-ins-app-cities-t.sql,base-sample,sql,1169,187433,
wwi-ssdt/wwi-ssdt/PostDeploymentScripts/pds150-ins-app-cities-u.sql,base-sample,sql,149,23056,
wwi-ssdt/wwi-ssdt/PostDeploymentScripts/pds150-ins-app-cities-v.sql,base-sample,sql,461,73891,
wwi-ssdt/wwi-ssdt/PostDeploymentScripts/pds150-ins-app-cities-w.sql,base-sample,sql,2392,387409,
wwi-ssdt/wwi-ssdt/PostDeploymentScripts/pds150-ins-app-cities-x.sql,base-sample,sql,4,89,
wwi-ssdt/wwi-ssdt/PostDeploymentScripts/pds150-ins-app-cities-y.sql,base-sample,sql,64,9042,
wwi-ssdt/wwi-ssdt/PostDeploymentScripts/pds150-ins-app-cities-z.sql,base-sample,sql,5,90,
wwi-ssdt/wwi-ssdt/PostDeploymentScripts/pds150-ins-app-cities.sql,base-sample,sql,2500,394189,
wwi-ssdt/wwi-ssdt/PostDeploymentScripts/pds151-ins-post-app-cities.sql,base-sample,sql,16,493,
wwi-ssdt/wwi-ssdt/PostDeploymentScripts/pds160-ins-app-transactiontypes.sql,base-sample,sql,22,1018,
wwi-ssdt/wwi-ssdt/PostDeploymentScripts/pds170-ins-purchasing-suppliercategories.sql,base-sample,sql,19,847,
wwi-ssdt/wwi-ssdt/PostDeploymentScripts/pds180-ins-sales-groups-categories.sql,base-sample,sql,43,1850,
wwi-ssdt/wwi-ssdt/PostDeploymentScripts/pds190-ins-warehouse-colors.sql,base-sample,sql,46,2010,
wwi-ssdt/wwi-ssdt/PostDeploymentScripts/pds200-ins-warehouse-packagetypes.sql,base-sample,sql,25,974,
wwi-ssdt/wwi-ssdt/PostDeploymentScripts/pds210-ins-warehouse-stockgroups.sql,base-sample,sql,20,803,
wwi-ssdt/wwi-ssdt/PostDeploymentScripts/pds220-ins-purchasing-suppliers.sql,base-sample,sql,569,22069,
wwi-ssdt/wwi-ssdt/PostDeploymentScripts/pds230-ins-sales-customers.sql,base-sample,sql,384,15929,
wwi-ssdt/wwi-ssdt/PostDeploymentScripts/pds240-ins-warehouse-stockitems.sql,base-sample,sql,281,54661,
wwi-ssdt/wwi-ssdt/PostDeploymentScripts/pds250-ins-warehouse-stockitemholdings.sql,base-sample,sql,229,10775,
wwi-ssdt/wwi-ssdt/PostDeploymentScripts/pds260-ins-warehouse-stockitemstockgroups.sql,base-sample,sql,226,52705,
wwi-ssdt/wwi-ssdt/PostDeploymentScripts/pds270-ins-app-systemparameters.sql,base-sample,sql,178,4341,
wwi-ssdt/wwi-ssdt/PostDeploymentScripts/pds400-ins-unkown-orderline.sql,base-sample,sql,18,830,
wwi-ssdt/wwi-ssdt/PostDeploymentScripts/pds410-update-archive-tables.sql,base-sample,sql,21,1160,
wwi-ssdt/wwi-ssdt/Purchasing/Tables/PurchaseOrderLines.sql,base-sample,sql,101,6972,
wwi-ssdt/wwi-ssdt/Purchasing/Tables/PurchaseOrders.sql,base-sample,sql,91,6179,
wwi-ssdt/wwi-ssdt/Purchasing/Tables/SupplierCategories.sql,base-sample,sql,25,2012,
wwi-ssdt/wwi-ssdt/Purchasing/Tables/SupplierCategories_Archive.sql,base-sample,sql,13,491,
wwi-ssdt/wwi-ssdt/Purchasing/Tables/SupplierTransactions.sql,base-sample,sql,136,9012,
wwi-ssdt/wwi-ssdt/Purchasing/Tables/Suppliers.sql,base-sample,sql,207,14444,
wwi-ssdt/wwi-ssdt/Purchasing/Tables/Suppliers_Archive.sql,base-sample,sql,37,2833,
wwi-ssdt/wwi-ssdt/Sales/Tables/BuyingGroups.sql,base-sample,sql,25,1853,
wwi-ssdt/wwi-ssdt/Sales/Tables/BuyingGroups_Archive.sql,base-sample,sql,13,438,
wwi-ssdt/wwi-ssdt/Sales/Tables/CustomerCategories.sql,base-sample,sql,25,1963,
wwi-ssdt/wwi-ssdt/Sales/Tables/CustomerCategories_Archive.sql,base-sample,sql,13,481,
wwi-ssdt/wwi-ssdt/Sales/Tables/CustomerTransactions.sql,base-sample,sql,131,8340,
wwi-ssdt/wwi-ssdt/Sales/Tables/Customers.sql,base-sample,sql,238,15942,
wwi-ssdt/wwi-ssdt/Sales/Tables/Customers_Archive.sql,base-sample,sql,39,2058,
wwi-ssdt/wwi-ssdt/Sales/Tables/InvoiceLines.sql,base-sample,sql,101,6057,
wwi-ssdt/wwi-ssdt/Sales/Tables/Invoices.sql,base-sample,sql,221,14124,
wwi-ssdt/wwi-ssdt/Sales/Tables/OrderLines.sql,base-sample,sql,117,6893,
wwi-ssdt/wwi-ssdt/Sales/Tables/Orders.sql,base-sample,sql,122,7664,
wwi-ssdt/wwi-ssdt/Sales/Tables/SpecialDeals.sql,base-sample,sql,131,8972,
wwi-ssdt/wwi-ssdt/Security/Application.sql,base-sample,sql,9,317,
wwi-ssdt/wwi-ssdt/Security/DataLoadSimulation.sql,base-sample,sql,9,274,
wwi-ssdt/wwi-ssdt/Security/External Sales.sql,base-sample,sql,3,58,
wwi-ssdt/wwi-ssdt/Security/Far West Sales.sql,base-sample,sql,3,58,
wwi-ssdt/wwi-ssdt/Security/FilterCustomersBySalesTerritoryRole.sql,base-sample,sql,5,327,
wwi-ssdt/wwi-ssdt/Security/Great Lakes Sales.sql,base-sample,sql,3,61,
wwi-ssdt/wwi-ssdt/Security/Integration.sql,base-sample,sql,7,256,
wwi-ssdt/wwi-ssdt/Security/Mideast Sales.sql,base-sample,sql,3,57,
wwi-ssdt/wwi-ssdt/Security/New England Sales.sql,base-sample,sql,3,61,
wwi-ssdt/wwi-ssdt/Security/Permissions.sql,base-sample,sql,24,465,
wwi-ssdt/wwi-ssdt/Security/Plains Sales.sql,base-sample,sql,3,56,
wwi-ssdt/wwi-ssdt/Security/PowerBI.sql,base-sample,sql,7,268,
wwi-ssdt/wwi-ssdt/Security/Purchasing.sql,base-sample,sql,9,239,
wwi-ssdt/wwi-ssdt/Security/Reports.sql,base-sample,sql,7,259,
wwi-ssdt/wwi-ssdt/Security/Rocky Mountain Sales.sql,base-sample,sql,3,64,
wwi-ssdt/wwi-ssdt/Security/Sales.sql,base-sample,sql,9,238,
wwi-ssdt/wwi-ssdt/Security/Sequences.sql,base-sample,sql,9,237,
wwi-ssdt/wwi-ssdt/Security/Southeast Sales.sql,base-sample,sql,3,59,
wwi-ssdt/wwi-ssdt/Security/Southwest Sales.sql,base-sample,sql,3,59,
wwi-ssdt/wwi-ssdt/Security/Warehouse.sql,base-sample,sql,9,239,
wwi-ssdt/wwi-ssdt/Security/WebApi.sql,base-sample,sql,9,262,
wwi-ssdt/wwi-ssdt/Security/Website.sql,base-sample,sql,9,264,
wwi-ssdt/wwi-ssdt/Sequences/Sequences/BuyingGroupID.sql,base-sample,sql,5,96,
wwi-ssdt/wwi-ssdt/Sequences/Sequences/CityID.sql,base-sample,sql,5,93,
wwi-ssdt/wwi-ssdt/Sequences/Sequences/ColorID.sql,base-sample,sql,5,91,
wwi-ssdt/wwi-ssdt/Sequences/Sequences/CountryID.sql,base-sample,sql,5,94,
wwi-ssdt/wwi-ssdt/Sequences/Sequences/CustomerCategoryID.sql,base-sample,sql,7,104,
wwi-ssdt/wwi-ssdt/Sequences/Sequences/CustomerID.sql,base-sample,sql,7,98,
wwi-ssdt/wwi-ssdt/Sequences/Sequences/DeliveryMethodID.sql,base-sample,sql,5,100,
wwi-ssdt/wwi-ssdt/Sequences/Sequences/InvoiceID.sql,base-sample,sql,7,99,
wwi-ssdt/wwi-ssdt/Sequences/Sequences/InvoiceLineID.sql,base-sample,sql,7,103,
wwi-ssdt/wwi-ssdt/Sequences/Sequences/OrderID.sql,base-sample,sql,7,97,
wwi-ssdt/wwi-ssdt/Sequences/Sequences/OrderLineID.sql,base-sample,sql,7,101,
wwi-ssdt/wwi-ssdt/Sequences/Sequences/PackageTypeID.sql,base-sample,sql,5,97,
wwi-ssdt/wwi-ssdt/Sequences/Sequences/PaymentMethodID.sql,base-sample,sql,5,98,
wwi-ssdt/wwi-ssdt/Sequences/Sequences/PersonID.sql,base-sample,sql,7,96,
wwi-ssdt/wwi-ssdt/Sequences/Sequences/PurchaseOrderID.sql,base-sample,sql,7,103,
wwi-ssdt/wwi-ssdt/Sequences/Sequences/PurchaseOrderLineID.sql,base-sample,sql,7,108,
wwi-ssdt/wwi-ssdt/Sequences/Sequences/SpecialDealID.sql,base-sample,sql,7,98,
wwi-ssdt/wwi-ssdt/Sequences/Sequences/StateProvinceID.sql,base-sample,sql,5,99,
wwi-ssdt/wwi-ssdt/Sequences/Sequences/StockGroupID.sql,base-sample,sql,5,96,
wwi-ssdt/wwi-ssdt/Sequences/Sequences/StockItemID.sql,base-sample,sql,5,96,
wwi-ssdt/wwi-ssdt/Sequences/Sequences/StockItemStockGroupID.sql,base-sample,sql,7,108,
wwi-ssdt/wwi-ssdt/Sequences/Sequences/SupplierCategoryID.sql,base-sample,sql,5,102,
wwi-ssdt/wwi-ssdt/Sequences/Sequences/SupplierID.sql,base-sample,sql,5,94,
wwi-ssdt/wwi-ssdt/Sequences/Sequences/SystemParameterID.sql,base-sample,sql,7,102,
wwi-ssdt/wwi-ssdt/Sequences/Sequences/TransactionID.sql,base-sample,sql,7,103,
wwi-ssdt/wwi-ssdt/Sequences/Sequences/TransactionTypeID.sql,base-sample,sql,7,103,
wwi-ssdt/wwi-ssdt/Sequences/Stored Procedures/ReseedAllSequences.sql,base-sample,sql,35,5007,
wwi-ssdt/wwi-ssdt/Sequences/Stored Procedures/ReseedSequenceBeyondTableValues.sql,base-sample,sql,34,1378,
wwi-ssdt/wwi-ssdt/Storage/PF_TransactionDate.sql,base-sample,sql,4,185,
wwi-ssdt/wwi-ssdt/Storage/PF_TransactionDateTime.sql,base-sample,sql,4,193,
wwi-ssdt/wwi-ssdt/Storage/PS_TransactionDate.sql,base-sample,sql,4,168,
wwi-ssdt/wwi-ssdt/Storage/PS_TransactionDateTime.sql,base-sample,sql,4,176,
wwi-ssdt/wwi-ssdt/Storage/USERDATA.sql,base-sample,sql,3,67,
wwi-ssdt/wwi-ssdt/Storage/WWI_MemoryOptimized_Data.sql,base-sample,sql,3,114,
wwi-ssdt/wwi-ssdt/Warehouse/Tables/ColdRoomTemperatures.sql,base-sample,sql,13,969,
wwi-ssdt/wwi-ssdt/Warehouse/Tables/ColdRoomTemperatures_Archive.sql,base-sample,sql,14,564,
wwi-ssdt/wwi-ssdt/Warehouse/Tables/Colors.sql,base-sample,sql,25,1736,
wwi-ssdt/wwi-ssdt/Warehouse/Tables/Colors_Archive.sql,base-sample,sql,13,413,
wwi-ssdt/wwi-ssdt/Warehouse/Tables/PackageTypes.sql,base-sample,sql,25,1905,
wwi-ssdt/wwi-ssdt/Warehouse/Tables/PackageTypes_Archive.sql,base-sample,sql,13,446,
wwi-ssdt/wwi-ssdt/Warehouse/Tables/StockGroups.sql,base-sample,sql,25,1862,
wwi-ssdt/wwi-ssdt/Warehouse/Tables/StockGroups_Archive.sql,base-sample,sql,13,438,
wwi-ssdt/wwi-ssdt/Warehouse/Tables/StockItemHoldings.sql,base-sample,sql,47,3326,
wwi-ssdt/wwi-ssdt/Warehouse/Tables/StockItemStockGroups.sql,base-sample,sql,38,3228,
wwi-ssdt/wwi-ssdt/Warehouse/Tables/StockItemTransactions.sql,base-sample,sql,121,7987,
wwi-ssdt/wwi-ssdt/Warehouse/Tables/StockItems.sql,base-sample,sql,167,11455,
wwi-ssdt/wwi-ssdt/Warehouse/Tables/StockItems_Archive.sql,base-sample,sql,33,1545,
wwi-ssdt/wwi-ssdt/Warehouse/Tables/VehicleTemperatures.sql,base-sample,sql,13,679,
wwi-ssdt/wwi-ssdt/WebApi/Stored Procedures/DeleteBuyingGroup.sql,base-sample,sql,6,168,
wwi-ssdt/wwi-ssdt/WebApi/Stored Procedures/DeleteCity.sql,base-sample,sql,6,140,
wwi-ssdt/wwi-ssdt/WebApi/Stored Procedures/DeleteColor.sql,base-sample,sql,6,142,
wwi-ssdt/wwi-ssdt/WebApi/Stored Procedures/DeleteCountry.sql,base-sample,sql,6,156,
wwi-ssdt/wwi-ssdt/WebApi/Stored Procedures/DeleteCustomer.sql,base-sample,sql,6,154,
wwi-ssdt/wwi-ssdt/WebApi/Stored Procedures/DeleteCustomerCategory.sql,base-sample,sql,6,194,
wwi-ssdt/wwi-ssdt/WebApi/Stored Procedures/DeleteDeliveryMethod.sql,base-sample,sql,6,189,
wwi-ssdt/wwi-ssdt/WebApi/Stored Procedures/DeletePackageType.sql,base-sample,sql,6,172,
wwi-ssdt/wwi-ssdt/WebApi/Stored Procedures/DeletePaymentMethod.sql,base-sample,sql,6,184,
wwi-ssdt/wwi-ssdt/WebApi/Stored Procedures/DeleteStateProvince.sql,base-sample,sql,6,186,
wwi-ssdt/wwi-ssdt/WebApi/Stored Procedures/DeleteStockGroup.sql,base-sample,sql,6,167,
wwi-ssdt/wwi-ssdt/WebApi/Stored Procedures/DeleteStockItem.sql,base-sample,sql,6,163,
wwi-ssdt/wwi-ssdt/WebApi/Stored Procedures/DeleteSupplier.sql,base-sample,sql,6,159,
wwi-ssdt/wwi-ssdt/WebApi/Stored Procedures/DeleteSupplierCategory.sql,base-sample,sql,6,199,
wwi-ssdt/wwi-ssdt/WebApi/Stored Procedures/DeleteTransactionType.sql,base-sample,sql,6,194,
wwi-ssdt/wwi-ssdt/WebApi/Stored Procedures/InsertBuyingGroupsFromJson.sql,base-sample,sql,9,336,
wwi-ssdt/wwi-ssdt/WebApi/Stored Procedures/InsertCitiesFromJson.sql,base-sample,sql,12,491,
wwi-ssdt/wwi-ssdt/WebApi/Stored Procedures/InsertColorsFromJson.sql,base-sample,sql,9,292,
wwi-ssdt/wwi-ssdt/WebApi/Stored Procedures/InsertCountriesFromJson.sql,base-sample,sql,18,855,
wwi-ssdt/wwi-ssdt/WebApi/Stored Procedures/InsertCustomerCategoriesFromJson.sql,base-sample,sql,9,380,
wwi-ssdt/wwi-ssdt/WebApi/Stored Procedures/InsertCustomersFromJson.sql,base-sample,sql,35,2419,
wwi-ssdt/wwi-ssdt/WebApi/Stored Procedures/InsertDeliveryMethodsFromJson.sql,base-sample,sql,9,366,
wwi-ssdt/wwi-ssdt/WebApi/Stored Procedures/InsertPackageTypesFromJson.sql,base-sample,sql,9,340,
wwi-ssdt/wwi-ssdt/WebApi/Stored Procedures/InsertPaymentMethodsFromJson.sql,base-sample,sql,9,358,
wwi-ssdt/wwi-ssdt/WebApi/Stored Procedures/InsertStateProvincesFromJson.sql,base-sample,sql,14,719,
wwi-ssdt/wwi-ssdt/WebApi/Stored Procedures/InsertStockGroupsFromJson.sql,base-sample,sql,9,332,
wwi-ssdt/wwi-ssdt/WebApi/Stored Procedures/InsertStockItemsFromJson.sql,base-sample,sql,28,1522,
wwi-ssdt/wwi-ssdt/WebApi/Stored Procedures/InsertSupplierCategoriesFromJson.sql,base-sample,sql,9,385,
wwi-ssdt/wwi-ssdt/WebApi/Stored Procedures/InsertSuppliersFromJson.sql,base-sample,sql,34,2241,
wwi-ssdt/wwi-ssdt/WebApi/Stored Procedures/InsertTransactionTypesFromJson.sql,base-sample,sql,9,374,
wwi-ssdt/wwi-ssdt/WebApi/Stored Procedures/Login.sql,base-sample,sql,10,397,
wwi-ssdt/wwi-ssdt/WebApi/Stored Procedures/SearchForStockItems.sql,base-sample,sql,43,1366,
wwi-ssdt/wwi-ssdt/WebApi/Stored Procedures/UpdateBuyingGroupFromJson.sql,base-sample,sql,11,384,
wwi-ssdt/wwi-ssdt/WebApi/Stored Procedures/UpdateCityFromJson.sql,base-sample,sql,17,537,
wwi-ssdt/wwi-ssdt/WebApi/Stored Procedures/UpdateColorFromJson.sql,base-sample,sql,12,328,
wwi-ssdt/wwi-ssdt/WebApi/Stored Procedures/UpdateCountryFromJson.sql,base-sample,sql,27,1026,
wwi-ssdt/wwi-ssdt/WebApi/Stored Procedures/UpdateCustomerCategoryFromJson.sql,base-sample,sql,11,442,
wwi-ssdt/wwi-ssdt/WebApi/Stored Procedures/UpdateCustomerFromJson.sql,base-sample,sql,62,3012,
wwi-ssdt/wwi-ssdt/WebApi/Stored Procedures/UpdateCustomerTransactionFromJson.sql,base-sample,sql,28,1305,
wwi-ssdt/wwi-ssdt/WebApi/Stored Procedures/UpdateDeliveryMethodFromJson.sql,base-sample,sql,12,430,
wwi-ssdt/wwi-ssdt/WebApi/Stored Procedures/UpdateInvoiceFromJson.sql,base-sample,sql,39,1749,
wwi-ssdt/wwi-ssdt/WebApi/Stored Procedures/UpdatePackageTypeFromJson.sql,base-sample,sql,12,393,
wwi-ssdt/wwi-ssdt/WebApi/Stored Procedures/UpdatePaymentMethodFromJson.sql,base-sample,sql,12,419,
wwi-ssdt/wwi-ssdt/WebApi/Stored Procedures/UpdatePurchaseOrderFromJson.sql,base-sample,sql,23,1058,
wwi-ssdt/wwi-ssdt/WebApi/Stored Procedures/UpdateSalesOrderFromJson.sql,base-sample,sql,28,1399,
wwi-ssdt/wwi-ssdt/WebApi/Stored Procedures/UpdateSpecialDealFromJson.sql,base-sample,sql,32,1162,
wwi-ssdt/wwi-ssdt/WebApi/Stored Procedures/UpdateStateProvinceFromJson.sql,base-sample,sql,21,844,
wwi-ssdt/wwi-ssdt/WebApi/Stored Procedures/UpdateStockGroupFromJson.sql,base-sample,sql,12,382,
wwi-ssdt/wwi-ssdt/WebApi/Stored Procedures/UpdateStockItemFromJson.sql,base-sample,sql,50,1941,
wwi-ssdt/wwi-ssdt/WebApi/Stored Procedures/UpdateSupplierCategoryFromJson.sql,base-sample,sql,12,453,
wwi-ssdt/wwi-ssdt/WebApi/Stored Procedures/UpdateSupplierFromJson.sql,base-sample,sql,59,3106,
wwi-ssdt/wwi-ssdt/WebApi/Stored Procedures/UpdateSupplierTransactionFromJson.sql,base-sample,sql,33,1720,
wwi-ssdt/wwi-ssdt/WebApi/Stored Procedures/UpdateTransactionTypeFromJson.sql,base-sample,sql,12,441,
wwi-ssdt/wwi-ssdt/WebApi/Views/BuyingGroups.sql,base-sample,sql,4,103,
wwi-ssdt/wwi-ssdt/WebApi/Views/Cities.sql,base-sample,sql,11,464,
wwi-ssdt/wwi-ssdt/WebApi/Views/Colors.sql,base-sample,sql,4,84,
wwi-ssdt/wwi-ssdt/WebApi/Views/Countries.sql,base-sample,sql,4,198,
wwi-ssdt/wwi-ssdt/WebApi/Views/CustomerCategories.sql,base-sample,sql,4,125,
wwi-ssdt/wwi-ssdt/WebApi/Views/CustomerTransactions.sql,base-sample,sql,10,752,
wwi-ssdt/wwi-ssdt/WebApi/Views/Customers.sql,base-sample,sql,52,1765,
wwi-ssdt/wwi-ssdt/WebApi/Views/DeliveryMethods.sql,base-sample,sql,4,123,
wwi-ssdt/wwi-ssdt/WebApi/Views/Invoices.sql,base-sample,sql,11,1091,
wwi-ssdt/wwi-ssdt/WebApi/Views/PackageTypes.sql,base-sample,sql,4,108,
wwi-ssdt/wwi-ssdt/WebApi/Views/PaymentMethods.sql,base-sample,sql,4,119,
wwi-ssdt/wwi-ssdt/WebApi/Views/PurchaseOrderLines.sql,base-sample,sql,12,551,
wwi-ssdt/wwi-ssdt/WebApi/Views/PurchaseOrders.sql,base-sample,sql,10,518,
wwi-ssdt/wwi-ssdt/WebApi/Views/SalesOrderLines.sql,base-sample,sql,13,493,
wwi-ssdt/wwi-ssdt/WebApi/Views/SalesOrders.sql,base-sample,sql,24,1119,
wwi-ssdt/wwi-ssdt/WebApi/Views/SpecialDeals.sql,base-sample,sql,12,756,
wwi-ssdt/wwi-ssdt/WebApi/Views/StateProvinces.sql,base-sample,sql,17,844,
wwi-ssdt/wwi-ssdt/WebApi/Views/StockGroups.sql,base-sample,sql,4,104,
wwi-ssdt/wwi-ssdt/WebApi/Views/StockItems.sql,base-sample,sql,15,1043,
wwi-ssdt/wwi-ssdt/WebApi/Views/SupplierCategories.sql,base-sample,sql,4,130,
wwi-ssdt/wwi-ssdt/WebApi/Views/SupplierTransactions.sql,base-sample,sql,9,982,
wwi-ssdt/wwi-ssdt/WebApi/Views/Suppliers.sql,base-sample,sql,44,1594,
wwi-ssdt/wwi-ssdt/WebApi/Views/TransactionTypes.sql,base-sample,sql,4,127,
wwi-ssdt/wwi-ssdt/Website/Functions/CalculateCustomerPrice.sql,base-sample,sql,86,4703,
wwi-ssdt/wwi-ssdt/Website/Stored Procedures/ActivateWebsiteLogon.sql,base-sample,sql,27,803,
wwi-ssdt/wwi-ssdt/Website/Stored Procedures/ChangePassword.sql,base-sample,sql,26,743,
wwi-ssdt/wwi-ssdt/Website/Stored Procedures/InsertCustomerOrders.sql,base-sample,sql,65,2363,
wwi-ssdt/wwi-ssdt/Website/Stored Procedures/InvoiceCustomerOrders.sql,base-sample,sql,155,7455,
wwi-ssdt/wwi-ssdt/Website/Stored Procedures/RecordColdRoomTemperatures.sql,base-sample,sql,51,1408,
wwi-ssdt/wwi-ssdt/Website/Stored Procedures/RecordVehicleTemperature.sql,base-sample,sql,59,2177,
wwi-ssdt/wwi-ssdt/Website/Stored Procedures/SearchForCustomers.sql,base-sample,sql,24,778,
wwi-ssdt/wwi-ssdt/Website/Stored Procedures/SearchForPeople.sql,base-sample,sql,28,1076,
wwi-ssdt/wwi-ssdt/Website/Stored Procedures/SearchForStockItems.sql,base-sample,sql,15,394,
wwi-ssdt/wwi-ssdt/Website/Stored Procedures/SearchForStockItemsByTags.sql,base-sample,sql,15,391,
wwi-ssdt/wwi-ssdt/Website/Stored Procedures/SearchForSuppliers.sql,base-sample,sql,23,759,
wwi-ssdt/wwi-ssdt/Website/User Defined Types/OrderIDList.sql,base-sample,sql,5,159,
wwi-ssdt/wwi-ssdt/Website/User Defined Types/OrderLineList.sql,base-sample,sql,8,312,
wwi-ssdt/wwi-ssdt/Website/User Defined Types/OrderList.sql,base-sample,sql,12,580,
wwi-ssdt/wwi-ssdt/Website/User Defined Types/SensorDataList.sql,base-sample,sql,8,359,
wwi-ssdt/wwi-ssdt/Website/Views/Customers.sql,base-sample,sql,32,999,
wwi-ssdt/wwi-ssdt/Website/Views/Suppliers.sql,base-sample,sql,28,887,
wwi-ssdt/wwi-ssdt/Website/Views/VehicleTemperatures.sql,base-sample,sql,12,408,
wwi-ssdt/wwi-ssdt/WideWorldImporters.sqlproj,base-sample,sqlproj,853,42773,
wwi-ssdt/wwi-ssdt/WideWorldImporters.xml,base-sample,xml,12,768,
wwi-ssdt/wwi-ssdt/dbo/Tables/SampleVersion.sql,base-sample,sql,12,320,
wwi-ssis/README.md,base-sample,md,94,4440,
wwi-ssis/wwi-ssis.sln,base-sample,sln,19,787,
wwi-ssis/wwi-ssis/Daily ETL.dtproj,base-sample,dtproj,262,15030,
wwi-ssis/wwi-ssis/DailyETLMain.dtsx,base-sample,dtsx,13083,879918,
wwi-ssis/wwi-ssis/Project.params,base-sample,params,2,87,
wwi-ssis/wwi-ssis/WWI-SSIS.database,base-sample,database,13,1681,
wwi-ssis/wwi-ssis/WWI_DW_Destination_DB.conmgr,base-sample,conmgr,10,452,
wwi-ssis/wwi-ssis/WWI_Source_DB.conmgr,base-sample,conmgr,10,442,
