package,folder,step_order,step_type,step_name,component,connection,direction,object,layer,system,declared,via
AGG_Publish_ReportingLayer,09_aggregates,2,Microsoft.ExecuteSQLTask,Log Package Start,,,exec,ETL.USP_LOGPACKAGESTART,etl-control,ETL control,False,direct
AGG_Publish_ReportingLayer,09_aggregates,4,Microsoft.ExecuteSQLTask,Check Aggregate Staleness,,,read,ETL.WATERMARK,etl-control,ETL control,True,direct
AGG_Publish_ReportingLayer,09_aggregates,6,Microsoft.ExecuteSQLTask,Build Publication Statements,,,read,INTEGRATION.REPORTINGPUBLICATION,dw-integration,SQL Server DW,False,direct
AGG_Publish_ReportingLayer,09_aggregates,8,Microsoft.ExecuteSQLTask,Stamp Publication Metadata,,,write,INTEGRATION.REPORTINGPUBLICATION,dw-integration,SQL Server DW,False,direct
AGG_Publish_ReportingLayer,09_aggregates,9,Microsoft.ExecuteSQLTask,Quarantine Stale Publications,,,read,ETL.WATERMARK,etl-control,ETL control,True,direct
AGG_Publish_ReportingLayer,09_aggregates,9,Microsoft.ExecuteSQLTask,Quarantine Stale Publications,,,write,ERR.REJECTEDCONSTRAINTVIOLATION,staging-err,SQL Server Staging,True,direct
AGG_Publish_ReportingLayer,09_aggregates,10,Microsoft.ExecuteSQLTask,Publish Reporting Layer,,,exec,INTEGRATION.PUBLISHREPORTINGLAYER,dw-integration,SQL Server DW,False,direct
AGG_Publish_ReportingLayer,09_aggregates,11,Microsoft.ExecuteSQLTask,Assert Reconciliation,,,exec,ETL.USP_ASSERTROWCOUNTRECONCILIATION,etl-control,ETL control,False,direct
AGG_Publish_ReportingLayer,09_aggregates,12,Microsoft.ExecuteSQLTask,Log Rejected Records,,,exec,ETL.USP_LOGREJECTEDRECORD,etl-control,ETL control,False,direct
AGG_Publish_ReportingLayer,09_aggregates,13,Microsoft.ExecuteSQLTask,Log Row Counts,,,exec,ETL.USP_LOGROWCOUNT,etl-control,ETL control,False,direct
AGG_Publish_ReportingLayer,09_aggregates,14,Microsoft.ExecuteSQLTask,Log Package Success,,,exec,ETL.USP_LOGPACKAGEEND,etl-control,ETL control,False,direct
AGG_Publish_ReportingLayer,09_aggregates,15,Microsoft.ExecuteSQLTask,Log Error,,,exec,ETL.USP_LOGERROR,etl-control,ETL control,False,direct
AGG_Publish_ReportingLayer,09_aggregates,16,Microsoft.ExecuteSQLTask,Mark Execution Failed,,,exec,ETL.USP_LOGPACKAGEEND,etl-control,ETL control,False,direct
AGG_Refresh_Customer360,09_aggregates,2,Microsoft.ExecuteSQLTask,Log Package Start,,,exec,ETL.USP_LOGPACKAGESTART,etl-control,ETL control,False,direct
AGG_Refresh_Customer360,09_aggregates,3,Microsoft.ExecuteSQLTask,Truncate Customer 360,,,write,AGGREGATE.CUSTOMER 360,dw-aggregate,SQL Server DW,True,direct
AGG_Refresh_Customer360,09_aggregates,4,Microsoft.Pipeline,Rebuild Customer 360,Customer Profile Source,WWI_DW_Destination_DB,read,AGGREGATE.CUSTOMER AR POSITION,dw-aggregate,SQL Server DW,False,direct
AGG_Refresh_Customer360,09_aggregates,4,Microsoft.Pipeline,Rebuild Customer 360,Customer Profile Source,WWI_DW_Destination_DB,read,AGGREGATE.CUSTOMER LOYALTY POSITION,dw-aggregate,SQL Server DW,False,direct
AGG_Refresh_Customer360,09_aggregates,4,Microsoft.Pipeline,Rebuild Customer 360,Customer Profile Source,WWI_DW_Destination_DB,read,AGGREGATE.CUSTOMER WEB POSITION,dw-aggregate,SQL Server DW,False,direct
AGG_Refresh_Customer360,09_aggregates,4,Microsoft.Pipeline,Rebuild Customer 360,Customer Profile Source,WWI_DW_Destination_DB,read,DIMENSION.CUSTOMER,dw-dimension,SQL Server DW,True,direct
AGG_Refresh_Customer360,09_aggregates,4,Microsoft.Pipeline,Rebuild Customer 360,Customer Profile Source,WWI_DW_Destination_DB,read,DIMENSION.DATE,dw-dimension,SQL Server DW,True,direct
AGG_Refresh_Customer360,09_aggregates,4,Microsoft.Pipeline,Rebuild Customer 360,Customer Profile Source,WWI_DW_Destination_DB,read,FACT.SALE,dw-fact,SQL Server DW,True,direct
AGG_Refresh_Customer360,09_aggregates,4,Microsoft.Pipeline,Rebuild Customer 360,Reject Source Errors,WWI_Staging_DB,write,ERR.REJECTEDCONSTRAINTVIOLATION,staging-err,SQL Server Staging,True,direct
AGG_Refresh_Customer360,09_aggregates,4,Microsoft.Pipeline,Rebuild Customer 360,Insert Active Customers,WWI_DW_Destination_DB,write,AGGREGATE.CUSTOMER 360,dw-aggregate,SQL Server DW,True,direct
AGG_Refresh_Customer360,09_aggregates,4,Microsoft.Pipeline,Rebuild Customer 360,Insert Erased Customers,WWI_DW_Destination_DB,write,AGGREGATE.CUSTOMER 360,dw-aggregate,SQL Server DW,True,direct
AGG_Refresh_Customer360,09_aggregates,4,Microsoft.Pipeline,Rebuild Customer 360,Insert No Purchase History,WWI_DW_Destination_DB,write,AGGREGATE.CUSTOMER 360,dw-aggregate,SQL Server DW,True,direct
AGG_Refresh_Customer360,09_aggregates,4,Microsoft.Pipeline,Rebuild Customer 360,Reject Inactive Customers,WWI_Staging_DB,write,ERR.REJECTEDCONSTRAINTVIOLATION,staging-err,SQL Server Staging,True,direct
AGG_Refresh_Customer360,09_aggregates,5,Microsoft.ExecuteSQLTask,Score Customer Profiles,,,exec,INTEGRATION.REFRESHAGGREGATECUSTOMER360,dw-integration,SQL Server DW,False,direct
AGG_Refresh_Customer360,09_aggregates,6,Microsoft.ExecuteSQLTask,Assert Reconciliation,,,exec,ETL.USP_ASSERTROWCOUNTRECONCILIATION,etl-control,ETL control,False,direct
AGG_Refresh_Customer360,09_aggregates,7,Microsoft.ExecuteSQLTask,Log Rejected Records,,,exec,ETL.USP_LOGREJECTEDRECORD,etl-control,ETL control,False,direct
AGG_Refresh_Customer360,09_aggregates,8,Microsoft.ExecuteSQLTask,Log Row Counts,,,exec,ETL.USP_LOGROWCOUNT,etl-control,ETL control,False,direct
AGG_Refresh_Customer360,09_aggregates,9,Microsoft.ExecuteSQLTask,Log Package Success,,,exec,ETL.USP_LOGPACKAGEEND,etl-control,ETL control,False,direct
AGG_Refresh_Customer360,09_aggregates,10,Microsoft.ExecuteSQLTask,Log Error,,,exec,ETL.USP_LOGERROR,etl-control,ETL control,False,direct
AGG_Refresh_Customer360,09_aggregates,11,Microsoft.ExecuteSQLTask,Mark Execution Failed,,,exec,ETL.USP_LOGPACKAGEEND,etl-control,ETL control,False,direct
AGG_Refresh_CustomerRolling12Month,09_aggregates,2,Microsoft.ExecuteSQLTask,Log Package Start,,,exec,ETL.USP_LOGPACKAGESTART,etl-control,ETL control,False,direct
AGG_Refresh_CustomerRolling12Month,09_aggregates,3,Microsoft.ExecuteSQLTask,Delete Rolling Window Periods,,,read,AGGREGATE.CUSTOMER ROLLING 12 MONTH,dw-aggregate,SQL Server DW,True,direct
AGG_Refresh_CustomerRolling12Month,09_aggregates,3,Microsoft.ExecuteSQLTask,Delete Rolling Window Periods,,,write,AGGREGATE.CUSTOMER ROLLING 12 MONTH,dw-aggregate,SQL Server DW,True,direct
AGG_Refresh_CustomerRolling12Month,09_aggregates,4,Microsoft.Pipeline,Rebuild Rolling 12 Month,Rolling Window Source,WWI_DW_Destination_DB,read,AGGREGATE.CUSTOMER RETURN POSITION,dw-aggregate,SQL Server DW,False,direct
AGG_Refresh_CustomerRolling12Month,09_aggregates,4,Microsoft.Pipeline,Rebuild Rolling 12 Month,Rolling Window Source,WWI_DW_Destination_DB,read,AGGREGATE.CUSTOMER ROLLING 12 MONTH,dw-aggregate,SQL Server DW,True,direct
AGG_Refresh_CustomerRolling12Month,09_aggregates,4,Microsoft.Pipeline,Rebuild Rolling 12 Month,Rolling Window Source,WWI_DW_Destination_DB,read,AGGREGATE.PERIOD CALENDAR,dw-aggregate,SQL Server DW,False,direct
AGG_Refresh_CustomerRolling12Month,09_aggregates,4,Microsoft.Pipeline,Rebuild Rolling 12 Month,Rolling Window Source,WWI_DW_Destination_DB,read,DIMENSION.CUSTOMER,dw-dimension,SQL Server DW,True,direct
AGG_Refresh_CustomerRolling12Month,09_aggregates,4,Microsoft.Pipeline,Rebuild Rolling 12 Month,Rolling Window Source,WWI_DW_Destination_DB,read,DIMENSION.DATE,dw-dimension,SQL Server DW,True,direct
AGG_Refresh_CustomerRolling12Month,09_aggregates,4,Microsoft.Pipeline,Rebuild Rolling 12 Month,Rolling Window Source,WWI_DW_Destination_DB,read,FACT.SALE,dw-fact,SQL Server DW,True,direct
AGG_Refresh_CustomerRolling12Month,09_aggregates,4,Microsoft.Pipeline,Rebuild Rolling 12 Month,Reject Source Errors,WWI_Staging_DB,write,ERR.REJECTEDCONSTRAINTVIOLATION,staging-err,SQL Server Staging,True,direct
AGG_Refresh_CustomerRolling12Month,09_aggregates,4,Microsoft.Pipeline,Rebuild Rolling 12 Month,Insert Established Customers,WWI_DW_Destination_DB,write,AGGREGATE.CUSTOMER ROLLING 12 MONTH,dw-aggregate,SQL Server DW,True,direct
AGG_Refresh_CustomerRolling12Month,09_aggregates,4,Microsoft.Pipeline,Rebuild Rolling 12 Month,Insert New Customers,WWI_DW_Destination_DB,write,AGGREGATE.CUSTOMER ROLLING 12 MONTH,dw-aggregate,SQL Server DW,True,direct
AGG_Refresh_CustomerRolling12Month,09_aggregates,4,Microsoft.Pipeline,Rebuild Rolling 12 Month,Insert Churn Risk,WWI_DW_Destination_DB,write,AGGREGATE.CUSTOMER ROLLING 12 MONTH,dw-aggregate,SQL Server DW,True,direct
AGG_Refresh_CustomerRolling12Month,09_aggregates,5,Microsoft.ExecuteSQLTask,Refresh Rolling Customer Scores,,,exec,INTEGRATION.REFRESHAGGREGATECUSTOMER360,dw-integration,SQL Server DW,False,direct
AGG_Refresh_CustomerRolling12Month,09_aggregates,6,Microsoft.ExecuteSQLTask,Assert Reconciliation,,,exec,ETL.USP_ASSERTROWCOUNTRECONCILIATION,etl-control,ETL control,False,direct
AGG_Refresh_CustomerRolling12Month,09_aggregates,7,Microsoft.ExecuteSQLTask,Log Rejected Records,,,exec,ETL.USP_LOGREJECTEDRECORD,etl-control,ETL control,False,direct
AGG_Refresh_CustomerRolling12Month,09_aggregates,8,Microsoft.ExecuteSQLTask,Log Row Counts,,,exec,ETL.USP_LOGROWCOUNT,etl-control,ETL control,False,direct
AGG_Refresh_CustomerRolling12Month,09_aggregates,9,Microsoft.ExecuteSQLTask,Log Package Success,,,exec,ETL.USP_LOGPACKAGEEND,etl-control,ETL control,False,direct
AGG_Refresh_CustomerRolling12Month,09_aggregates,10,Microsoft.ExecuteSQLTask,Log Error,,,exec,ETL.USP_LOGERROR,etl-control,ETL control,False,direct
AGG_Refresh_CustomerRolling12Month,09_aggregates,11,Microsoft.ExecuteSQLTask,Mark Execution Failed,,,exec,ETL.USP_LOGPACKAGEEND,etl-control,ETL control,False,direct
AGG_Refresh_DailyInventoryHealth,09_aggregates,2,Microsoft.ExecuteSQLTask,Log Package Start,,,exec,ETL.USP_LOGPACKAGESTART,etl-control,ETL control,False,direct
AGG_Refresh_DailyInventoryHealth,09_aggregates,3,Microsoft.ExecuteSQLTask,Delete Refresh Window,,,read,AGGREGATE.DAILY INVENTORY HEALTH,dw-aggregate,SQL Server DW,True,direct
AGG_Refresh_DailyInventoryHealth,09_aggregates,3,Microsoft.ExecuteSQLTask,Delete Refresh Window,,,read,DIMENSION.DATE,dw-dimension,SQL Server DW,True,direct
AGG_Refresh_DailyInventoryHealth,09_aggregates,3,Microsoft.ExecuteSQLTask,Delete Refresh Window,,,write,AGGREGATE.DAILY INVENTORY HEALTH,dw-aggregate,SQL Server DW,True,direct
AGG_Refresh_DailyInventoryHealth,09_aggregates,4,Microsoft.Pipeline,Rebuild Inventory Health,Fact Daily Inventory Snapshot Window,WWI_DW_Destination_DB,read,DIMENSION.DATE,dw-dimension,SQL Server DW,True,direct
AGG_Refresh_DailyInventoryHealth,09_aggregates,4,Microsoft.Pipeline,Rebuild Inventory Health,Fact Daily Inventory Snapshot Window,WWI_DW_Destination_DB,read,DIMENSION.STOCK ITEM,dw-dimension,SQL Server DW,True,direct
AGG_Refresh_DailyInventoryHealth,09_aggregates,4,Microsoft.Pipeline,Rebuild Inventory Health,Fact Daily Inventory Snapshot Window,WWI_DW_Destination_DB,read,FACT.DAILY INVENTORY SNAPSHOT,dw-fact,SQL Server DW,True,direct
AGG_Refresh_DailyInventoryHealth,09_aggregates,4,Microsoft.Pipeline,Rebuild Inventory Health,Reject Source Errors,WWI_Staging_DB,write,ERR.REJECTEDCONSTRAINTVIOLATION,staging-err,SQL Server Staging,True,direct
AGG_Refresh_DailyInventoryHealth,09_aggregates,4,Microsoft.Pipeline,Rebuild Inventory Health,Insert Standard Rows,WWI_DW_Destination_DB,write,AGGREGATE.DAILY INVENTORY HEALTH,dw-aggregate,SQL Server DW,True,direct
AGG_Refresh_DailyInventoryHealth,09_aggregates,4,Microsoft.Pipeline,Rebuild Inventory Health,Insert Red Rated Rows,WWI_DW_Destination_DB,write,AGGREGATE.DAILY INVENTORY HEALTH,dw-aggregate,SQL Server DW,True,direct
AGG_Refresh_DailyInventoryHealth,09_aggregates,4,Microsoft.Pipeline,Rebuild Inventory Health,Reject Empty Warehouses,WWI_Staging_DB,write,ERR.REJECTEDCONSTRAINTVIOLATION,staging-err,SQL Server Staging,True,direct
AGG_Refresh_DailyInventoryHealth,09_aggregates,5,Microsoft.ExecuteSQLTask,Refresh Inventory Health Bands,,,exec,INTEGRATION.REFRESHAGGREGATEINVENTORYHEALTH,dw-integration,SQL Server DW,False,direct
AGG_Refresh_DailyInventoryHealth,09_aggregates,6,Microsoft.ExecuteSQLTask,Assert Reconciliation,,,exec,ETL.USP_ASSERTROWCOUNTRECONCILIATION,etl-control,ETL control,False,direct
AGG_Refresh_DailyInventoryHealth,09_aggregates,7,Microsoft.ExecuteSQLTask,Log Rejected Records,,,exec,ETL.USP_LOGREJECTEDRECORD,etl-control,ETL control,False,direct
AGG_Refresh_DailyInventoryHealth,09_aggregates,8,Microsoft.ExecuteSQLTask,Log Row Counts,,,exec,ETL.USP_LOGROWCOUNT,etl-control,ETL control,False,direct
AGG_Refresh_DailyInventoryHealth,09_aggregates,9,Microsoft.ExecuteSQLTask,Log Package Success,,,exec,ETL.USP_LOGPACKAGEEND,etl-control,ETL control,False,direct
AGG_Refresh_DailyInventoryHealth,09_aggregates,10,Microsoft.ExecuteSQLTask,Log Error,,,exec,ETL.USP_LOGERROR,etl-control,ETL control,False,direct
AGG_Refresh_DailyInventoryHealth,09_aggregates,11,Microsoft.ExecuteSQLTask,Mark Execution Failed,,,exec,ETL.USP_LOGPACKAGEEND,etl-control,ETL control,False,direct
AGG_Refresh_DailySalesSummary,09_aggregates,2,Microsoft.ExecuteSQLTask,Log Package Start,,,exec,ETL.USP_LOGPACKAGESTART,etl-control,ETL control,False,direct
AGG_Refresh_DailySalesSummary,09_aggregates,3,Microsoft.ExecuteSQLTask,Delete Refresh Window,,,read,AGGREGATE.DAILY SALES SUMMARY,dw-aggregate,SQL Server DW,True,direct
AGG_Refresh_DailySalesSummary,09_aggregates,3,Microsoft.ExecuteSQLTask,Delete Refresh Window,,,read,DIMENSION.DATE,dw-dimension,SQL Server DW,True,direct
AGG_Refresh_DailySalesSummary,09_aggregates,3,Microsoft.ExecuteSQLTask,Delete Refresh Window,,,write,AGGREGATE.DAILY SALES SUMMARY,dw-aggregate,SQL Server DW,True,direct
AGG_Refresh_DailySalesSummary,09_aggregates,4,Microsoft.Pipeline,Rebuild Daily Sales Summary,Fact Sale Window,WWI_DW_Destination_DB,read,DIMENSION.CUSTOMER,dw-dimension,SQL Server DW,True,direct
AGG_Refresh_DailySalesSummary,09_aggregates,4,Microsoft.Pipeline,Rebuild Daily Sales Summary,Fact Sale Window,WWI_DW_Destination_DB,read,DIMENSION.DATE,dw-dimension,SQL Server DW,True,direct
AGG_Refresh_DailySalesSummary,09_aggregates,4,Microsoft.Pipeline,Rebuild Daily Sales Summary,Fact Sale Window,WWI_DW_Destination_DB,read,FACT.SALE,dw-fact,SQL Server DW,True,direct
AGG_Refresh_DailySalesSummary,09_aggregates,4,Microsoft.Pipeline,Rebuild Daily Sales Summary,Reject Source Errors,WWI_Staging_DB,write,ERR.REJECTEDCONSTRAINTVIOLATION,staging-err,SQL Server Staging,True,direct
AGG_Refresh_DailySalesSummary,09_aggregates,4,Microsoft.Pipeline,Rebuild Daily Sales Summary,Insert Publishable Rows,WWI_DW_Destination_DB,write,AGGREGATE.DAILY SALES SUMMARY,dw-aggregate,SQL Server DW,True,direct
AGG_Refresh_DailySalesSummary,09_aggregates,4,Microsoft.Pipeline,Rebuild Daily Sales Summary,Insert Loss Making Days,WWI_DW_Destination_DB,write,AGGREGATE.DAILY SALES SUMMARY,dw-aggregate,SQL Server DW,True,direct
AGG_Refresh_DailySalesSummary,09_aggregates,4,Microsoft.Pipeline,Rebuild Daily Sales Summary,Reject Suppressed Cells,WWI_Staging_DB,write,ERR.REJECTEDCONSTRAINTVIOLATION,staging-err,SQL Server Staging,True,direct
AGG_Refresh_DailySalesSummary,09_aggregates,5,Microsoft.ExecuteSQLTask,Refresh Derived Sales Measures,,,exec,INTEGRATION.REFRESHAGGREGATEDAILYSALES,dw-integration,SQL Server DW,False,direct
AGG_Refresh_DailySalesSummary,09_aggregates,6,Microsoft.ExecuteSQLTask,Assert Reconciliation,,,exec,ETL.USP_ASSERTROWCOUNTRECONCILIATION,etl-control,ETL control,False,direct
AGG_Refresh_DailySalesSummary,09_aggregates,7,Microsoft.ExecuteSQLTask,Log Rejected Records,,,exec,ETL.USP_LOGREJECTEDRECORD,etl-control,ETL control,False,direct
AGG_Refresh_DailySalesSummary,09_aggregates,8,Microsoft.ExecuteSQLTask,Log Row Counts,,,exec,ETL.USP_LOGROWCOUNT,etl-control,ETL control,False,direct
AGG_Refresh_DailySalesSummary,09_aggregates,9,Microsoft.ExecuteSQLTask,Log Package Success,,,exec,ETL.USP_LOGPACKAGEEND,etl-control,ETL control,False,direct
AGG_Refresh_DailySalesSummary,09_aggregates,10,Microsoft.ExecuteSQLTask,Log Error,,,exec,ETL.USP_LOGERROR,etl-control,ETL control,False,direct
AGG_Refresh_DailySalesSummary,09_aggregates,11,Microsoft.ExecuteSQLTask,Mark Execution Failed,,,exec,ETL.USP_LOGPACKAGEEND,etl-control,ETL control,False,direct
AGG_Refresh_DeliveryPerformanceSummary,09_aggregates,2,Microsoft.ExecuteSQLTask,Log Package Start,,,exec,ETL.USP_LOGPACKAGESTART,etl-control,ETL control,False,direct
AGG_Refresh_DeliveryPerformanceSummary,09_aggregates,3,Microsoft.ExecuteSQLTask,Delete Refresh Window,,,read,AGGREGATE.DELIVERY PERFORMANCE SUMMARY,dw-aggregate,SQL Server DW,True,direct
AGG_Refresh_DeliveryPerformanceSummary,09_aggregates,3,Microsoft.ExecuteSQLTask,Delete Refresh Window,,,read,DIMENSION.DATE,dw-dimension,SQL Server DW,True,direct
AGG_Refresh_DeliveryPerformanceSummary,09_aggregates,3,Microsoft.ExecuteSQLTask,Delete Refresh Window,,,write,AGGREGATE.DELIVERY PERFORMANCE SUMMARY,dw-aggregate,SQL Server DW,True,direct
AGG_Refresh_DeliveryPerformanceSummary,09_aggregates,4,Microsoft.Pipeline,Rebuild Delivery Performance,Fact Shipment Window,WWI_DW_Destination_DB,read,DIMENSION.DATE,dw-dimension,SQL Server DW,True,direct
AGG_Refresh_DeliveryPerformanceSummary,09_aggregates,4,Microsoft.Pipeline,Rebuild Delivery Performance,Fact Shipment Window,WWI_DW_Destination_DB,read,FACT.SHIPMENT,dw-fact,SQL Server DW,True,direct
AGG_Refresh_DeliveryPerformanceSummary,09_aggregates,4,Microsoft.Pipeline,Rebuild Delivery Performance,Reject Source Errors,WWI_Staging_DB,write,ERR.REJECTEDSHIPMENT,staging-err,SQL Server Staging,True,direct
AGG_Refresh_DeliveryPerformanceSummary,09_aggregates,4,Microsoft.Pipeline,Rebuild Delivery Performance,Insert Domestic Lanes,WWI_DW_Destination_DB,write,AGGREGATE.DELIVERY PERFORMANCE SUMMARY,dw-aggregate,SQL Server DW,True,direct
AGG_Refresh_DeliveryPerformanceSummary,09_aggregates,4,Microsoft.Pipeline,Rebuild Delivery Performance,Insert Cross Border Lanes,WWI_DW_Destination_DB,write,AGGREGATE.DELIVERY PERFORMANCE SUMMARY,dw-aggregate,SQL Server DW,True,direct
AGG_Refresh_DeliveryPerformanceSummary,09_aggregates,4,Microsoft.Pipeline,Rebuild Delivery Performance,Reject Thin Sample,WWI_Staging_DB,write,ERR.REJECTEDCONSTRAINTVIOLATION,staging-err,SQL Server Staging,True,direct
AGG_Refresh_DeliveryPerformanceSummary,09_aggregates,5,Microsoft.ExecuteSQLTask,Refresh Carrier Scorecards,,,exec,INTEGRATION.REFRESHAGGREGATEDELIVERYPERFORMANCE,dw-integration,SQL Server DW,False,direct
AGG_Refresh_DeliveryPerformanceSummary,09_aggregates,6,Microsoft.ExecuteSQLTask,Assert Reconciliation,,,exec,ETL.USP_ASSERTROWCOUNTRECONCILIATION,etl-control,ETL control,False,direct
AGG_Refresh_DeliveryPerformanceSummary,09_aggregates,7,Microsoft.ExecuteSQLTask,Log Rejected Records,,,exec,ETL.USP_LOGREJECTEDRECORD,etl-control,ETL control,False,direct
AGG_Refresh_DeliveryPerformanceSummary,09_aggregates,8,Microsoft.ExecuteSQLTask,Log Row Counts,,,exec,ETL.USP_LOGROWCOUNT,etl-control,ETL control,False,direct
AGG_Refresh_DeliveryPerformanceSummary,09_aggregates,9,Microsoft.ExecuteSQLTask,Log Package Success,,,exec,ETL.USP_LOGPACKAGEEND,etl-control,ETL control,False,direct
AGG_Refresh_DeliveryPerformanceSummary,09_aggregates,10,Microsoft.ExecuteSQLTask,Log Error,,,exec,ETL.USP_LOGERROR,etl-control,ETL control,False,direct
AGG_Refresh_DeliveryPerformanceSummary,09_aggregates,11,Microsoft.ExecuteSQLTask,Mark Execution Failed,,,exec,ETL.USP_LOGPACKAGEEND,etl-control,ETL control,False,direct
AGG_Refresh_FinanceCloseSummary,09_aggregates,2,Microsoft.ExecuteSQLTask,Log Package Start,,,exec,ETL.USP_LOGPACKAGESTART,etl-control,ETL control,False,direct
AGG_Refresh_FinanceCloseSummary,09_aggregates,3,Microsoft.ExecuteSQLTask,Delete Period Rows,,,read,AGGREGATE.FINANCE CLOSE SUMMARY,dw-aggregate,SQL Server DW,True,direct
AGG_Refresh_FinanceCloseSummary,09_aggregates,3,Microsoft.ExecuteSQLTask,Delete Period Rows,,,write,AGGREGATE.FINANCE CLOSE SUMMARY,dw-aggregate,SQL Server DW,True,direct
AGG_Refresh_FinanceCloseSummary,09_aggregates,4,Microsoft.Pipeline,Rebuild Finance Close Summary,GL Close Source,WWI_DW_Destination_DB,read,AGGREGATE.SUB LEDGER CONTROL TOTAL,dw-aggregate,SQL Server DW,False,direct
AGG_Refresh_FinanceCloseSummary,09_aggregates,4,Microsoft.Pipeline,Rebuild Finance Close Summary,GL Close Source,WWI_DW_Destination_DB,read,DIMENSION.GL ACCOUNT,dw-dimension,SQL Server DW,False,direct
AGG_Refresh_FinanceCloseSummary,09_aggregates,4,Microsoft.Pipeline,Rebuild Finance Close Summary,GL Close Source,WWI_DW_Destination_DB,read,FACT.GL POSTING,dw-fact,SQL Server DW,True,direct
AGG_Refresh_FinanceCloseSummary,09_aggregates,4,Microsoft.Pipeline,Rebuild Finance Close Summary,Reject Source Errors,WWI_Staging_DB,write,ERR.REJECTEDCONSTRAINTVIOLATION,staging-err,SQL Server Staging,True,direct
AGG_Refresh_FinanceCloseSummary,09_aggregates,4,Microsoft.Pipeline,Rebuild Finance Close Summary,Insert Tied Rows,WWI_DW_Destination_DB,write,AGGREGATE.FINANCE CLOSE SUMMARY,dw-aggregate,SQL Server DW,True,direct
AGG_Refresh_FinanceCloseSummary,09_aggregates,4,Microsoft.Pipeline,Rebuild Finance Close Summary,Insert High Manual Share,WWI_DW_Destination_DB,write,AGGREGATE.FINANCE CLOSE SUMMARY,dw-aggregate,SQL Server DW,True,direct
AGG_Refresh_FinanceCloseSummary,09_aggregates,4,Microsoft.Pipeline,Rebuild Finance Close Summary,Reject Control Variances,WWI_Staging_DB,write,ERR.REJECTEDCONSTRAINTVIOLATION,staging-err,SQL Server Staging,True,direct
AGG_Refresh_FinanceCloseSummary,09_aggregates,5,Microsoft.ExecuteSQLTask,Refresh Finance Close Positions,,,exec,INTEGRATION.REFRESHAGGREGATEFINANCECLOSE,dw-integration,SQL Server DW,False,direct
AGG_Refresh_FinanceCloseSummary,09_aggregates,6,Microsoft.ExecuteSQLTask,Assert Reconciliation,,,exec,ETL.USP_ASSERTROWCOUNTRECONCILIATION,etl-control,ETL control,False,direct
AGG_Refresh_FinanceCloseSummary,09_aggregates,7,Microsoft.ExecuteSQLTask,Log Rejected Records,,,exec,ETL.USP_LOGREJECTEDRECORD,etl-control,ETL control,False,direct
AGG_Refresh_FinanceCloseSummary,09_aggregates,8,Microsoft.ExecuteSQLTask,Log Row Counts,,,exec,ETL.USP_LOGROWCOUNT,etl-control,ETL control,False,direct
AGG_Refresh_FinanceCloseSummary,09_aggregates,9,Microsoft.ExecuteSQLTask,Log Package Success,,,exec,ETL.USP_LOGPACKAGEEND,etl-control,ETL control,False,direct
AGG_Refresh_FinanceCloseSummary,09_aggregates,10,Microsoft.ExecuteSQLTask,Log Error,,,exec,ETL.USP_LOGERROR,etl-control,ETL control,False,direct
AGG_Refresh_FinanceCloseSummary,09_aggregates,11,Microsoft.ExecuteSQLTask,Mark Execution Failed,,,exec,ETL.USP_LOGPACKAGEEND,etl-control,ETL control,False,direct
AGG_Refresh_MonthlyMarginAnalysis,09_aggregates,2,Microsoft.ExecuteSQLTask,Log Package Start,,,exec,ETL.USP_LOGPACKAGESTART,etl-control,ETL control,False,direct
AGG_Refresh_MonthlyMarginAnalysis,09_aggregates,3,Microsoft.ExecuteSQLTask,Delete Period Rows,,,read,AGGREGATE.MONTHLY MARGIN ANALYSIS,dw-aggregate,SQL Server DW,True,direct
AGG_Refresh_MonthlyMarginAnalysis,09_aggregates,3,Microsoft.ExecuteSQLTask,Delete Period Rows,,,write,AGGREGATE.MONTHLY MARGIN ANALYSIS,dw-aggregate,SQL Server DW,True,direct
AGG_Refresh_MonthlyMarginAnalysis,09_aggregates,4,Microsoft.Pipeline,Rebuild Margin Analysis,Fact Sale Margin Period,WWI_DW_Destination_DB,read,DIMENSION.DATE,dw-dimension,SQL Server DW,True,direct
AGG_Refresh_MonthlyMarginAnalysis,09_aggregates,4,Microsoft.Pipeline,Rebuild Margin Analysis,Fact Sale Margin Period,WWI_DW_Destination_DB,read,DIMENSION.STOCK ITEM,dw-dimension,SQL Server DW,True,direct
AGG_Refresh_MonthlyMarginAnalysis,09_aggregates,4,Microsoft.Pipeline,Rebuild Margin Analysis,Fact Sale Margin Period,WWI_DW_Destination_DB,read,FACT.SALE,dw-fact,SQL Server DW,True,direct
AGG_Refresh_MonthlyMarginAnalysis,09_aggregates,4,Microsoft.Pipeline,Rebuild Margin Analysis,Reject Source Errors,WWI_Staging_DB,write,ERR.REJECTEDCONSTRAINTVIOLATION,staging-err,SQL Server Staging,True,direct
AGG_Refresh_MonthlyMarginAnalysis,09_aggregates,4,Microsoft.Pipeline,Rebuild Margin Analysis,Insert Standard Rows,WWI_DW_Destination_DB,write,AGGREGATE.MONTHLY MARGIN ANALYSIS,dw-aggregate,SQL Server DW,True,direct
AGG_Refresh_MonthlyMarginAnalysis,09_aggregates,4,Microsoft.Pipeline,Rebuild Margin Analysis,Insert Negative Margin Rows,WWI_DW_Destination_DB,write,AGGREGATE.MONTHLY MARGIN ANALYSIS,dw-aggregate,SQL Server DW,True,direct
AGG_Refresh_MonthlyMarginAnalysis,09_aggregates,4,Microsoft.Pipeline,Rebuild Margin Analysis,Reject Missing Standard Cost,WWI_Staging_DB,write,ERR.REJECTEDCONSTRAINTVIOLATION,staging-err,SQL Server Staging,True,direct
AGG_Refresh_MonthlyMarginAnalysis,09_aggregates,5,Microsoft.ExecuteSQLTask,Apportion Purchase Price Variance,,,exec,INTEGRATION.REFRESHAGGREGATEMARGINANALYSIS,dw-integration,SQL Server DW,False,direct
AGG_Refresh_MonthlyMarginAnalysis,09_aggregates,6,Microsoft.ExecuteSQLTask,Assert Reconciliation,,,exec,ETL.USP_ASSERTROWCOUNTRECONCILIATION,etl-control,ETL control,False,direct
AGG_Refresh_MonthlyMarginAnalysis,09_aggregates,7,Microsoft.ExecuteSQLTask,Log Rejected Records,,,exec,ETL.USP_LOGREJECTEDRECORD,etl-control,ETL control,False,direct
AGG_Refresh_MonthlyMarginAnalysis,09_aggregates,8,Microsoft.ExecuteSQLTask,Log Row Counts,,,exec,ETL.USP_LOGROWCOUNT,etl-control,ETL control,False,direct
AGG_Refresh_MonthlyMarginAnalysis,09_aggregates,9,Microsoft.ExecuteSQLTask,Log Package Success,,,exec,ETL.USP_LOGPACKAGEEND,etl-control,ETL control,False,direct
AGG_Refresh_MonthlyMarginAnalysis,09_aggregates,10,Microsoft.ExecuteSQLTask,Log Error,,,exec,ETL.USP_LOGERROR,etl-control,ETL control,False,direct
AGG_Refresh_MonthlyMarginAnalysis,09_aggregates,11,Microsoft.ExecuteSQLTask,Mark Execution Failed,,,exec,ETL.USP_LOGPACKAGEEND,etl-control,ETL control,False,direct
AGG_Refresh_MonthlySalesSummary,09_aggregates,2,Microsoft.ExecuteSQLTask,Log Package Start,,,exec,ETL.USP_LOGPACKAGESTART,etl-control,ETL control,False,direct
AGG_Refresh_MonthlySalesSummary,09_aggregates,3,Microsoft.ExecuteSQLTask,Delete Period Rows,,,read,AGGREGATE.MONTHLY SALES SUMMARY,dw-aggregate,SQL Server DW,True,direct
AGG_Refresh_MonthlySalesSummary,09_aggregates,3,Microsoft.ExecuteSQLTask,Delete Period Rows,,,write,AGGREGATE.MONTHLY SALES SUMMARY,dw-aggregate,SQL Server DW,True,direct
AGG_Refresh_MonthlySalesSummary,09_aggregates,4,Microsoft.Pipeline,Rebuild Monthly Sales Summary,Fact Sale Period,WWI_DW_Destination_DB,read,DIMENSION.CUSTOMER,dw-dimension,SQL Server DW,True,direct
AGG_Refresh_MonthlySalesSummary,09_aggregates,4,Microsoft.Pipeline,Rebuild Monthly Sales Summary,Fact Sale Period,WWI_DW_Destination_DB,read,DIMENSION.DATE,dw-dimension,SQL Server DW,True,direct
AGG_Refresh_MonthlySalesSummary,09_aggregates,4,Microsoft.Pipeline,Rebuild Monthly Sales Summary,Fact Sale Period,WWI_DW_Destination_DB,read,FACT.SALE,dw-fact,SQL Server DW,True,direct
AGG_Refresh_MonthlySalesSummary,09_aggregates,4,Microsoft.Pipeline,Rebuild Monthly Sales Summary,Reject Source Errors,WWI_Staging_DB,write,ERR.REJECTEDINVOICELINE,staging-err,SQL Server Staging,True,direct
AGG_Refresh_MonthlySalesSummary,09_aggregates,4,Microsoft.Pipeline,Rebuild Monthly Sales Summary,Insert Standard Rows,WWI_DW_Destination_DB,write,AGGREGATE.MONTHLY SALES SUMMARY,dw-aggregate,SQL Server DW,True,direct
AGG_Refresh_MonthlySalesSummary,09_aggregates,4,Microsoft.Pipeline,Rebuild Monthly Sales Summary,Insert Loss Making Periods,WWI_DW_Destination_DB,write,AGGREGATE.MONTHLY SALES SUMMARY,dw-aggregate,SQL Server DW,True,direct
AGG_Refresh_MonthlySalesSummary,09_aggregates,4,Microsoft.Pipeline,Rebuild Monthly Sales Summary,Reject Empty Periods,WWI_Staging_DB,write,ERR.REJECTEDCONSTRAINTVIOLATION,staging-err,SQL Server Staging,True,direct
AGG_Refresh_MonthlySalesSummary,09_aggregates,5,Microsoft.ExecuteSQLTask,Refresh Monthly Sales Derivations,,,exec,INTEGRATION.REFRESHAGGREGATEMONTHLYSALES,dw-integration,SQL Server DW,False,direct
AGG_Refresh_MonthlySalesSummary,09_aggregates,6,Microsoft.ExecuteSQLTask,Assert Reconciliation,,,exec,ETL.USP_ASSERTROWCOUNTRECONCILIATION,etl-control,ETL control,False,direct
AGG_Refresh_MonthlySalesSummary,09_aggregates,7,Microsoft.ExecuteSQLTask,Log Rejected Records,,,exec,ETL.USP_LOGREJECTEDRECORD,etl-control,ETL control,False,direct
AGG_Refresh_MonthlySalesSummary,09_aggregates,8,Microsoft.ExecuteSQLTask,Log Row Counts,,,exec,ETL.USP_LOGROWCOUNT,etl-control,ETL control,False,direct
AGG_Refresh_MonthlySalesSummary,09_aggregates,9,Microsoft.ExecuteSQLTask,Log Package Success,,,exec,ETL.USP_LOGPACKAGEEND,etl-control,ETL control,False,direct
AGG_Refresh_MonthlySalesSummary,09_aggregates,10,Microsoft.ExecuteSQLTask,Log Error,,,exec,ETL.USP_LOGERROR,etl-control,ETL control,False,direct
AGG_Refresh_MonthlySalesSummary,09_aggregates,11,Microsoft.ExecuteSQLTask,Mark Execution Failed,,,exec,ETL.USP_LOGPACKAGEEND,etl-control,ETL control,False,direct
AGG_Refresh_ProductPerformance,09_aggregates,2,Microsoft.ExecuteSQLTask,Log Package Start,,,exec,ETL.USP_LOGPACKAGESTART,etl-control,ETL control,False,direct
AGG_Refresh_ProductPerformance,09_aggregates,3,Microsoft.ExecuteSQLTask,Delete Period Rows,,,read,AGGREGATE.PRODUCT PERFORMANCE,dw-aggregate,SQL Server DW,True,direct
AGG_Refresh_ProductPerformance,09_aggregates,3,Microsoft.ExecuteSQLTask,Delete Period Rows,,,write,AGGREGATE.PRODUCT PERFORMANCE,dw-aggregate,SQL Server DW,True,direct
AGG_Refresh_ProductPerformance,09_aggregates,4,Microsoft.Pipeline,Rebuild Product Performance,Product Performance Source,WWI_DW_Destination_DB,read,DIMENSION.DATE,dw-dimension,SQL Server DW,True,direct
AGG_Refresh_ProductPerformance,09_aggregates,4,Microsoft.Pipeline,Rebuild Product Performance,Product Performance Source,WWI_DW_Destination_DB,read,DIMENSION.STOCK ITEM,dw-dimension,SQL Server DW,True,direct
AGG_Refresh_ProductPerformance,09_aggregates,4,Microsoft.Pipeline,Rebuild Product Performance,Product Performance Source,WWI_DW_Destination_DB,read,FACT.DAILY INVENTORY SNAPSHOT,dw-fact,SQL Server DW,True,direct
AGG_Refresh_ProductPerformance,09_aggregates,4,Microsoft.Pipeline,Rebuild Product Performance,Product Performance Source,WWI_DW_Destination_DB,read,FACT.RETURN,dw-fact,SQL Server DW,True,direct
AGG_Refresh_ProductPerformance,09_aggregates,4,Microsoft.Pipeline,Rebuild Product Performance,Product Performance Source,WWI_DW_Destination_DB,read,FACT.SALE,dw-fact,SQL Server DW,True,direct
AGG_Refresh_ProductPerformance,09_aggregates,4,Microsoft.Pipeline,Rebuild Product Performance,Reject Source Errors,WWI_Staging_DB,write,ERR.REJECTEDCONSTRAINTVIOLATION,staging-err,SQL Server Staging,True,direct
AGG_Refresh_ProductPerformance,09_aggregates,4,Microsoft.Pipeline,Rebuild Product Performance,Insert Standard Rows,WWI_DW_Destination_DB,write,AGGREGATE.PRODUCT PERFORMANCE,dw-aggregate,SQL Server DW,True,direct
AGG_Refresh_ProductPerformance,09_aggregates,4,Microsoft.Pipeline,Rebuild Product Performance,Insert High Return Rate,WWI_DW_Destination_DB,write,AGGREGATE.PRODUCT PERFORMANCE,dw-aggregate,SQL Server DW,True,direct
AGG_Refresh_ProductPerformance,09_aggregates,4,Microsoft.Pipeline,Rebuild Product Performance,Reject Non Moving,WWI_Staging_DB,write,ERR.REJECTEDCONSTRAINTVIOLATION,staging-err,SQL Server Staging,True,direct
AGG_Refresh_ProductPerformance,09_aggregates,5,Microsoft.ExecuteSQLTask,Recalculate ABC Classification,,,read,AGGREGATE.PRODUCT PERFORMANCE,dw-aggregate,SQL Server DW,True,direct
AGG_Refresh_ProductPerformance,09_aggregates,5,Microsoft.ExecuteSQLTask,Recalculate ABC Classification,,,write,AGGREGATE.PRODUCT PERFORMANCE,dw-aggregate,SQL Server DW,True,direct
AGG_Refresh_ProductPerformance,09_aggregates,6,Microsoft.ExecuteSQLTask,Refresh Product Performance Derivations,,,exec,INTEGRATION.REFRESHAGGREGATEPRODUCTPERFORMANCE,dw-integration,SQL Server DW,False,direct
AGG_Refresh_ProductPerformance,09_aggregates,7,Microsoft.ExecuteSQLTask,Assert Reconciliation,,,exec,ETL.USP_ASSERTROWCOUNTRECONCILIATION,etl-control,ETL control,False,direct
AGG_Refresh_ProductPerformance,09_aggregates,8,Microsoft.ExecuteSQLTask,Log Rejected Records,,,exec,ETL.USP_LOGREJECTEDRECORD,etl-control,ETL control,False,direct
AGG_Refresh_ProductPerformance,09_aggregates,9,Microsoft.ExecuteSQLTask,Log Row Counts,,,exec,ETL.USP_LOGROWCOUNT,etl-control,ETL control,False,direct
AGG_Refresh_ProductPerformance,09_aggregates,10,Microsoft.ExecuteSQLTask,Log Package Success,,,exec,ETL.USP_LOGPACKAGEEND,etl-control,ETL control,False,direct
AGG_Refresh_ProductPerformance,09_aggregates,11,Microsoft.ExecuteSQLTask,Log Error,,,exec,ETL.USP_LOGERROR,etl-control,ETL control,False,direct
AGG_Refresh_ProductPerformance,09_aggregates,12,Microsoft.ExecuteSQLTask,Mark Execution Failed,,,exec,ETL.USP_LOGPACKAGEEND,etl-control,ETL control,False,direct
AGG_Refresh_PromotionEffectiveness,09_aggregates,2,Microsoft.ExecuteSQLTask,Log Package Start,,,exec,ETL.USP_LOGPACKAGESTART,etl-control,ETL control,False,direct
AGG_Refresh_PromotionEffectiveness,09_aggregates,3,Microsoft.ExecuteSQLTask,Delete Period Rows,,,read,AGGREGATE.PROMOTION EFFECTIVENESS,dw-aggregate,SQL Server DW,True,direct
AGG_Refresh_PromotionEffectiveness,09_aggregates,3,Microsoft.ExecuteSQLTask,Delete Period Rows,,,write,AGGREGATE.PROMOTION EFFECTIVENESS,dw-aggregate,SQL Server DW,True,direct
AGG_Refresh_PromotionEffectiveness,09_aggregates,4,Microsoft.Pipeline,Rebuild Promotion Effectiveness,Promotion Source,WWI_DW_Destination_DB,read,AGGREGATE.PROMOTION BASELINE,dw-aggregate,SQL Server DW,False,direct
AGG_Refresh_PromotionEffectiveness,09_aggregates,4,Microsoft.Pipeline,Rebuild Promotion Effectiveness,Promotion Source,WWI_DW_Destination_DB,read,AGGREGATE.PROMOTION ELIGIBILITY,dw-aggregate,SQL Server DW,False,direct
AGG_Refresh_PromotionEffectiveness,09_aggregates,4,Microsoft.Pipeline,Rebuild Promotion Effectiveness,Promotion Source,WWI_DW_Destination_DB,read,DIMENSION.CUSTOMER,dw-dimension,SQL Server DW,True,direct
AGG_Refresh_PromotionEffectiveness,09_aggregates,4,Microsoft.Pipeline,Rebuild Promotion Effectiveness,Promotion Source,WWI_DW_Destination_DB,read,DIMENSION.DATE,dw-dimension,SQL Server DW,True,direct
AGG_Refresh_PromotionEffectiveness,09_aggregates,4,Microsoft.Pipeline,Rebuild Promotion Effectiveness,Promotion Source,WWI_DW_Destination_DB,read,FACT.SALE,dw-fact,SQL Server DW,True,direct
AGG_Refresh_PromotionEffectiveness,09_aggregates,4,Microsoft.Pipeline,Rebuild Promotion Effectiveness,Reject Source Errors,WWI_Staging_DB,write,ERR.REJECTEDINVOICELINE,staging-err,SQL Server Staging,True,direct
AGG_Refresh_PromotionEffectiveness,09_aggregates,4,Microsoft.Pipeline,Rebuild Promotion Effectiveness,Insert Standard Rows,WWI_DW_Destination_DB,write,AGGREGATE.PROMOTION EFFECTIVENESS,dw-aggregate,SQL Server DW,True,direct
AGG_Refresh_PromotionEffectiveness,09_aggregates,4,Microsoft.Pipeline,Rebuild Promotion Effectiveness,Insert Value Destroying,WWI_DW_Destination_DB,write,AGGREGATE.PROMOTION EFFECTIVENESS,dw-aggregate,SQL Server DW,True,direct
AGG_Refresh_PromotionEffectiveness,09_aggregates,4,Microsoft.Pipeline,Rebuild Promotion Effectiveness,Reject No Baseline,WWI_Staging_DB,write,ERR.REJECTEDCONSTRAINTVIOLATION,staging-err,SQL Server Staging,True,direct
AGG_Refresh_PromotionEffectiveness,09_aggregates,5,Microsoft.ExecuteSQLTask,Refresh Promotion Scores,,,exec,INTEGRATION.REFRESHAGGREGATEPROMOTIONEFFECTIVENESS,dw-integration,SQL Server DW,False,direct
AGG_Refresh_PromotionEffectiveness,09_aggregates,6,Microsoft.ExecuteSQLTask,Assert Reconciliation,,,exec,ETL.USP_ASSERTROWCOUNTRECONCILIATION,etl-control,ETL control,False,direct
AGG_Refresh_PromotionEffectiveness,09_aggregates,7,Microsoft.ExecuteSQLTask,Log Rejected Records,,,exec,ETL.USP_LOGREJECTEDRECORD,etl-control,ETL control,False,direct
AGG_Refresh_PromotionEffectiveness,09_aggregates,8,Microsoft.ExecuteSQLTask,Log Row Counts,,,exec,ETL.USP_LOGROWCOUNT,etl-control,ETL control,False,direct
AGG_Refresh_PromotionEffectiveness,09_aggregates,9,Microsoft.ExecuteSQLTask,Log Package Success,,,exec,ETL.USP_LOGPACKAGEEND,etl-control,ETL control,False,direct
AGG_Refresh_PromotionEffectiveness,09_aggregates,10,Microsoft.ExecuteSQLTask,Log Error,,,exec,ETL.USP_LOGERROR,etl-control,ETL control,False,direct
AGG_Refresh_PromotionEffectiveness,09_aggregates,11,Microsoft.ExecuteSQLTask,Mark Execution Failed,,,exec,ETL.USP_LOGPACKAGEEND,etl-control,ETL control,False,direct
AGG_Refresh_RegionalSalesPerformance,09_aggregates,2,Microsoft.ExecuteSQLTask,Log Package Start,,,exec,ETL.USP_LOGPACKAGESTART,etl-control,ETL control,False,direct
AGG_Refresh_RegionalSalesPerformance,09_aggregates,3,Microsoft.ExecuteSQLTask,Delete Period Rows,,,read,AGGREGATE.REGIONAL SALES PERFORMANCE,dw-aggregate,SQL Server DW,True,direct
AGG_Refresh_RegionalSalesPerformance,09_aggregates,3,Microsoft.ExecuteSQLTask,Delete Period Rows,,,write,AGGREGATE.REGIONAL SALES PERFORMANCE,dw-aggregate,SQL Server DW,True,direct
AGG_Refresh_RegionalSalesPerformance,09_aggregates,4,Microsoft.Pipeline,Rebuild Regional Sales Performance,Regional Sales Source,WWI_DW_Destination_DB,read,AGGREGATE.TERRITORY QUOTA,dw-aggregate,SQL Server DW,False,direct
AGG_Refresh_RegionalSalesPerformance,09_aggregates,4,Microsoft.Pipeline,Rebuild Regional Sales Performance,Regional Sales Source,WWI_DW_Destination_DB,read,DIMENSION.CUSTOMER,dw-dimension,SQL Server DW,True,direct
AGG_Refresh_RegionalSalesPerformance,09_aggregates,4,Microsoft.Pipeline,Rebuild Regional Sales Performance,Regional Sales Source,WWI_DW_Destination_DB,read,DIMENSION.DATE,dw-dimension,SQL Server DW,True,direct
AGG_Refresh_RegionalSalesPerformance,09_aggregates,4,Microsoft.Pipeline,Rebuild Regional Sales Performance,Regional Sales Source,WWI_DW_Destination_DB,read,DIMENSION.SALES TERRITORY,dw-dimension,SQL Server DW,True,direct
AGG_Refresh_RegionalSalesPerformance,09_aggregates,4,Microsoft.Pipeline,Rebuild Regional Sales Performance,Regional Sales Source,WWI_DW_Destination_DB,read,FACT.SALE,dw-fact,SQL Server DW,True,direct
AGG_Refresh_RegionalSalesPerformance,09_aggregates,4,Microsoft.Pipeline,Rebuild Regional Sales Performance,Reject Source Errors,WWI_Staging_DB,write,ERR.REJECTEDINVOICELINE,staging-err,SQL Server Staging,True,direct
AGG_Refresh_RegionalSalesPerformance,09_aggregates,4,Microsoft.Pipeline,Rebuild Regional Sales Performance,Insert NA Territories,WWI_DW_Destination_DB,write,AGGREGATE.REGIONAL SALES PERFORMANCE,dw-aggregate,SQL Server DW,True,direct
AGG_Refresh_RegionalSalesPerformance,09_aggregates,4,Microsoft.Pipeline,Rebuild Regional Sales Performance,Insert EU Territories,WWI_DW_Destination_DB,write,AGGREGATE.REGIONAL SALES PERFORMANCE,dw-aggregate,SQL Server DW,True,direct
AGG_Refresh_RegionalSalesPerformance,09_aggregates,4,Microsoft.Pipeline,Rebuild Regional Sales Performance,Insert APAC Territories,WWI_DW_Destination_DB,write,AGGREGATE.REGIONAL SALES PERFORMANCE,dw-aggregate,SQL Server DW,True,direct
AGG_Refresh_RegionalSalesPerformance,09_aggregates,4,Microsoft.Pipeline,Rebuild Regional Sales Performance,Reject Unassigned Territories,WWI_Staging_DB,write,ERR.REJECTEDCONSTRAINTVIOLATION,staging-err,SQL Server Staging,True,direct
AGG_Refresh_RegionalSalesPerformance,09_aggregates,6,Microsoft.ExecuteSQLTask,Apply NA State Tax Restatement,,,write,AGGREGATE.REGIONAL SALES PERFORMANCE,dw-aggregate,SQL Server DW,True,direct
AGG_Refresh_RegionalSalesPerformance,09_aggregates,7,Microsoft.ExecuteSQLTask,Apply EU Reverse Charge Restatement,,,write,AGGREGATE.REGIONAL SALES PERFORMANCE,dw-aggregate,SQL Server DW,True,direct
AGG_Refresh_RegionalSalesPerformance,09_aggregates,8,Microsoft.ExecuteSQLTask,Apply APAC GST Extraction,,,write,AGGREGATE.REGIONAL SALES PERFORMANCE,dw-aggregate,SQL Server DW,True,direct
AGG_Refresh_RegionalSalesPerformance,09_aggregates,9,Microsoft.ExecuteSQLTask,Refresh Regional Rankings,,,exec,INTEGRATION.REFRESHAGGREGATEREGIONALSALES,dw-integration,SQL Server DW,False,direct
AGG_Refresh_RegionalSalesPerformance,09_aggregates,10,Microsoft.ExecuteSQLTask,Assert Reconciliation,,,exec,ETL.USP_ASSERTROWCOUNTRECONCILIATION,etl-control,ETL control,False,direct
AGG_Refresh_RegionalSalesPerformance,09_aggregates,11,Microsoft.ExecuteSQLTask,Log Rejected Records,,,exec,ETL.USP_LOGREJECTEDRECORD,etl-control,ETL control,False,direct
AGG_Refresh_RegionalSalesPerformance,09_aggregates,12,Microsoft.ExecuteSQLTask,Log Row Counts,,,exec,ETL.USP_LOGROWCOUNT,etl-control,ETL control,False,direct
AGG_Refresh_RegionalSalesPerformance,09_aggregates,13,Microsoft.ExecuteSQLTask,Log Package Success,,,exec,ETL.USP_LOGPACKAGEEND,etl-control,ETL control,False,direct
AGG_Refresh_RegionalSalesPerformance,09_aggregates,14,Microsoft.ExecuteSQLTask,Log Error,,,exec,ETL.USP_LOGERROR,etl-control,ETL control,False,direct
AGG_Refresh_RegionalSalesPerformance,09_aggregates,15,Microsoft.ExecuteSQLTask,Mark Execution Failed,,,exec,ETL.USP_LOGPACKAGEEND,etl-control,ETL control,False,direct
AGG_Refresh_SupplierPerformance,09_aggregates,2,Microsoft.ExecuteSQLTask,Log Package Start,,,exec,ETL.USP_LOGPACKAGESTART,etl-control,ETL control,False,direct
AGG_Refresh_SupplierPerformance,09_aggregates,3,Microsoft.ExecuteSQLTask,Delete Period Rows,,,read,AGGREGATE.SUPPLIER PERFORMANCE,dw-aggregate,SQL Server DW,True,direct
AGG_Refresh_SupplierPerformance,09_aggregates,3,Microsoft.ExecuteSQLTask,Delete Period Rows,,,write,AGGREGATE.SUPPLIER PERFORMANCE,dw-aggregate,SQL Server DW,True,direct
AGG_Refresh_SupplierPerformance,09_aggregates,4,Microsoft.Pipeline,Rebuild Supplier Performance,Supplier Performance Source,WWI_DW_Destination_DB,read,AGGREGATE.SUPPLIER QUALITY POSITION,dw-aggregate,SQL Server DW,False,direct
AGG_Refresh_SupplierPerformance,09_aggregates,4,Microsoft.Pipeline,Rebuild Supplier Performance,Supplier Performance Source,WWI_DW_Destination_DB,read,DIMENSION.DATE,dw-dimension,SQL Server DW,True,direct
AGG_Refresh_SupplierPerformance,09_aggregates,4,Microsoft.Pipeline,Rebuild Supplier Performance,Supplier Performance Source,WWI_DW_Destination_DB,read,DIMENSION.SUPPLIER,dw-dimension,SQL Server DW,True,direct
AGG_Refresh_SupplierPerformance,09_aggregates,4,Microsoft.Pipeline,Rebuild Supplier Performance,Supplier Performance Source,WWI_DW_Destination_DB,read,FACT.PURCHASE RECEIPT,dw-fact,SQL Server DW,True,direct
AGG_Refresh_SupplierPerformance,09_aggregates,4,Microsoft.Pipeline,Rebuild Supplier Performance,Supplier Performance Source,WWI_DW_Destination_DB,read,FACT.SUPPLIER PAYMENT,dw-fact,SQL Server DW,True,direct
AGG_Refresh_SupplierPerformance,09_aggregates,4,Microsoft.Pipeline,Rebuild Supplier Performance,Reject Source Errors,WWI_Staging_DB,write,ERR.REJECTEDCONSTRAINTVIOLATION,staging-err,SQL Server Staging,True,direct
AGG_Refresh_SupplierPerformance,09_aggregates,4,Microsoft.Pipeline,Rebuild Supplier Performance,Insert Standard Rows,WWI_DW_Destination_DB,write,AGGREGATE.SUPPLIER PERFORMANCE,dw-aggregate,SQL Server DW,True,direct
AGG_Refresh_SupplierPerformance,09_aggregates,4,Microsoft.Pipeline,Rebuild Supplier Performance,Insert Under Review,WWI_DW_Destination_DB,write,AGGREGATE.SUPPLIER PERFORMANCE,dw-aggregate,SQL Server DW,True,direct
AGG_Refresh_SupplierPerformance,09_aggregates,4,Microsoft.Pipeline,Rebuild Supplier Performance,Reject No Receipts,WWI_Staging_DB,write,ERR.REJECTEDCONSTRAINTVIOLATION,staging-err,SQL Server Staging,True,direct
AGG_Refresh_SupplierPerformance,09_aggregates,5,Microsoft.ExecuteSQLTask,Refresh Supplier Scorecards,,,exec,INTEGRATION.REFRESHAGGREGATESUPPLIERPERFORMANCE,dw-integration,SQL Server DW,False,direct
AGG_Refresh_SupplierPerformance,09_aggregates,6,Microsoft.ExecuteSQLTask,Assert Reconciliation,,,exec,ETL.USP_ASSERTROWCOUNTRECONCILIATION,etl-control,ETL control,False,direct
AGG_Refresh_SupplierPerformance,09_aggregates,7,Microsoft.ExecuteSQLTask,Log Rejected Records,,,exec,ETL.USP_LOGREJECTEDRECORD,etl-control,ETL control,False,direct
AGG_Refresh_SupplierPerformance,09_aggregates,8,Microsoft.ExecuteSQLTask,Log Row Counts,,,exec,ETL.USP_LOGROWCOUNT,etl-control,ETL control,False,direct
AGG_Refresh_SupplierPerformance,09_aggregates,9,Microsoft.ExecuteSQLTask,Log Package Success,,,exec,ETL.USP_LOGPACKAGEEND,etl-control,ETL control,False,direct
AGG_Refresh_SupplierPerformance,09_aggregates,10,Microsoft.ExecuteSQLTask,Log Error,,,exec,ETL.USP_LOGERROR,etl-control,ETL control,False,direct
AGG_Refresh_SupplierPerformance,09_aggregates,11,Microsoft.ExecuteSQLTask,Mark Execution Failed,,,exec,ETL.USP_LOGPACKAGEEND,etl-control,ETL control,False,direct
C360_Build_ChurnFlags,14_customer_360,1,Microsoft.ExecuteSQLTask,Log Package Start,,,exec,ETL.USP_LOGPACKAGESTART,etl-control,ETL control,False,direct
C360_Build_ChurnFlags,14_customer_360,2,Microsoft.ExecuteSQLTask,Truncate work_CustomerChurnFlag,,,write,WORK.CUSTOMERCHURNFLAG,staging-work,SQL Server Staging,False,direct
C360_Build_ChurnFlags,14_customer_360,3,Microsoft.Pipeline,Score Churn Risk,work ChurnFeatureSet,WWI_Staging_DB,read,WORK.CHURNFEATURESET,staging-work,SQL Server Staging,False,direct
C360_Build_ChurnFlags,14_customer_360,3,Microsoft.Pipeline,Score Churn Risk,work ChurnFeatureSet,WWI_Staging_DB,read,WORK.LOYALTYOVERLAY,staging-work,SQL Server Staging,False,direct
C360_Build_ChurnFlags,14_customer_360,3,Microsoft.Pipeline,Score Churn Risk,work ChurnHighRisk,WWI_Staging_DB,write,WORK.CUSTOMERCHURNHIGHRISK,staging-work,SQL Server Staging,False,direct
C360_Build_ChurnFlags,14_customer_360,3,Microsoft.Pipeline,Score Churn Risk,Customer360 ChurnFlag,WWI_DW_Destination_DB,write,CUSTOMER360.CUSTOMERCHURNFLAG,customer360,SQL Server DW,False,direct
C360_Build_ChurnFlags,14_customer_360,4,Microsoft.ExecuteSQLTask,Count High Risk Customers,,,read,WORK.CUSTOMERCHURNHIGHRISK,staging-work,SQL Server Staging,False,direct
C360_Build_ChurnFlags,14_customer_360,5,Microsoft.ExecuteSQLTask,Queue High Risk For Outreach,,,read,WORK.CUSTOMERCHURNHIGHRISK,staging-work,SQL Server Staging,False,direct
C360_Build_ChurnFlags,14_customer_360,5,Microsoft.ExecuteSQLTask,Queue High Risk For Outreach,,,read,WORK.CUSTOMEROUTREACHQUEUE,staging-work,SQL Server Staging,False,direct
C360_Build_ChurnFlags,14_customer_360,5,Microsoft.ExecuteSQLTask,Queue High Risk For Outreach,,,write,WORK.CUSTOMEROUTREACHQUEUE,staging-work,SQL Server Staging,False,direct
C360_Build_ChurnFlags,14_customer_360,6,Microsoft.ExecuteSQLTask,Log Row Counts,,,exec,ETL.USP_LOGROWCOUNT,etl-control,ETL control,False,direct
C360_Build_ChurnFlags,14_customer_360,7,Microsoft.ExecuteSQLTask,Log Package Success,,,exec,ETL.USP_LOGPACKAGEEND,etl-control,ETL control,False,direct
C360_Build_ChurnFlags,14_customer_360,8,Microsoft.ExecuteSQLTask,Log Error,,,exec,ETL.USP_LOGERROR,etl-control,ETL control,False,direct
C360_Build_ChurnFlags,14_customer_360,9,Microsoft.ExecuteSQLTask,Mark Execution Failed,,,exec,ETL.USP_LOGPACKAGEEND,etl-control,ETL control,False,direct
C360_Build_CustomerProfile,14_customer_360,1,Microsoft.ExecuteSQLTask,Log Package Start,,,exec,ETL.USP_LOGPACKAGESTART,etl-control,ETL control,False,direct
C360_Build_CustomerProfile,14_customer_360,2,Microsoft.ExecuteSQLTask,Truncate work_CustomerProfile,,,write,WORK.CUSTOMERPROFILE,staging-work,SQL Server Staging,False,direct
C360_Build_CustomerProfile,14_customer_360,3,Microsoft.ExecuteSQLTask,Standardise Addresses,,,write,WORK.CUSTOMERADDRESSSTANDARDISED,staging-work,SQL Server Staging,False,direct
C360_Build_CustomerProfile,14_customer_360,4,Microsoft.ExecuteSQLTask,Resolve Identity Graph,,,read,WORK.CUSTOMERADDRESSSTANDARDISED,staging-work,SQL Server Staging,False,direct
C360_Build_CustomerProfile,14_customer_360,4,Microsoft.ExecuteSQLTask,Resolve Identity Graph,,,write,WORK.CUSTOMERIDENTITYGRAPH,staging-work,SQL Server Staging,False,direct
C360_Build_CustomerProfile,14_customer_360,5,Microsoft.Pipeline,Build Customer Profile,Dimension Customer,WWI_DW_Destination_DB,read,DIMENSION.CUSTOMER,dw-dimension,SQL Server DW,True,direct
C360_Build_CustomerProfile,14_customer_360,5,Microsoft.Pipeline,Build Customer Profile,Dimension Customer,WWI_DW_Destination_DB,read,WORK.CUSTOMERPAYMENTSUMMARY,staging-work,SQL Server Staging,False,direct
C360_Build_CustomerProfile,14_customer_360,5,Microsoft.Pipeline,Build Customer Profile,Dimension Customer,WWI_DW_Destination_DB,read,WORK.CUSTOMERSALESSUMMARY,staging-work,SQL Server Staging,False,direct
C360_Build_CustomerProfile,14_customer_360,5,Microsoft.Pipeline,Build Customer Profile,Lookup Surviving Identity,WWI_Staging_DB,read,WORK.CUSTOMERIDENTITYGRAPH,staging-work,SQL Server Staging,False,direct
C360_Build_CustomerProfile,14_customer_360,5,Microsoft.Pipeline,Build Customer Profile,Lookup Surviving Identity,WWI_Staging_DB,lookup,WORK.CUSTOMERIDENTITYGRAPH,staging-work,SQL Server Staging,False,direct
C360_Build_CustomerProfile,14_customer_360,5,Microsoft.Pipeline,Build Customer Profile,work CustomerProfile,WWI_Staging_DB,write,WORK.CUSTOMERPROFILE,staging-work,SQL Server Staging,False,direct
C360_Build_CustomerProfile,14_customer_360,6,Microsoft.ExecuteSQLTask,Assign Households,,,read,WORK.CUSTOMERADDRESSSTANDARDISED,staging-work,SQL Server Staging,False,direct
C360_Build_CustomerProfile,14_customer_360,6,Microsoft.ExecuteSQLTask,Assign Households,,,read,WORK.CUSTOMERPROFILE,staging-work,SQL Server Staging,False,direct
C360_Build_CustomerProfile,14_customer_360,6,Microsoft.ExecuteSQLTask,Assign Households,,,write,WORK.CUSTOMERPROFILE,staging-work,SQL Server Staging,False,direct
C360_Build_CustomerProfile,14_customer_360,7,Microsoft.ExecuteSQLTask,Publish Customer 360 Profile,,,exec,INTEGRATION.USP_PUBLISHCUSTOMER360PROFILE,dw-integration,SQL Server DW,False,direct
C360_Build_CustomerProfile,14_customer_360,8,Microsoft.ExecuteSQLTask,Count Duplicate Clusters,,,read,WORK.CUSTOMERIDENTITYGRAPH,staging-work,SQL Server Staging,False,direct
C360_Build_CustomerProfile,14_customer_360,9,Microsoft.ExecuteSQLTask,Log Row Counts,,,exec,ETL.USP_LOGROWCOUNT,etl-control,ETL control,False,direct
C360_Build_CustomerProfile,14_customer_360,10,Microsoft.ExecuteSQLTask,Log Package Success,,,exec,ETL.USP_LOGPACKAGEEND,etl-control,ETL control,False,direct
C360_Build_CustomerProfile,14_customer_360,11,Microsoft.ExecuteSQLTask,Log Error,,,exec,ETL.USP_LOGERROR,etl-control,ETL control,False,direct
C360_Build_CustomerProfile,14_customer_360,12,Microsoft.ExecuteSQLTask,Mark Execution Failed,,,exec,ETL.USP_LOGPACKAGEEND,etl-control,ETL control,False,direct
C360_Build_LoyaltyOverlay,14_customer_360,1,Microsoft.ExecuteSQLTask,Log Package Start,,,exec,ETL.USP_LOGPACKAGESTART,etl-control,ETL control,False,direct
C360_Build_LoyaltyOverlay,14_customer_360,2,Microsoft.ExecuteSQLTask,Truncate work_LoyaltyOverlay,,,write,WORK.LOYALTYOVERLAY,staging-work,SQL Server Staging,False,direct
C360_Build_LoyaltyOverlay,14_customer_360,3,Microsoft.ExecuteSQLTask,Expire Aged Points,,,write,WORK.LOYALTYPOINTLEDGER,staging-work,SQL Server Staging,False,direct
C360_Build_LoyaltyOverlay,14_customer_360,4,Microsoft.ExecuteSQLTask,Accrue Points,,,read,WORK.LOYALTYPOINTLEDGER,staging-work,SQL Server Staging,False,direct
C360_Build_LoyaltyOverlay,14_customer_360,4,Microsoft.ExecuteSQLTask,Accrue Points,,,read,WORK.LOYALTYQUALIFYINGSALE,staging-work,SQL Server Staging,False,direct
C360_Build_LoyaltyOverlay,14_customer_360,4,Microsoft.ExecuteSQLTask,Accrue Points,,,write,WORK.LOYALTYPOINTLEDGER,staging-work,SQL Server Staging,False,direct
C360_Build_LoyaltyOverlay,14_customer_360,5,Microsoft.ExecuteSQLTask,Recalculate Tier Ladders,,,read,WORK.LOYALTYOVERLAYCURRENT,staging-work,SQL Server Staging,False,direct
C360_Build_LoyaltyOverlay,14_customer_360,5,Microsoft.ExecuteSQLTask,Recalculate Tier Ladders,,,read,WORK.LOYALTYPOINTLEDGER,staging-work,SQL Server Staging,False,direct
C360_Build_LoyaltyOverlay,14_customer_360,5,Microsoft.ExecuteSQLTask,Recalculate Tier Ladders,,,write,WORK.LOYALTYOVERLAY,staging-work,SQL Server Staging,False,direct
C360_Build_LoyaltyOverlay,14_customer_360,6,Microsoft.ExecuteSQLTask,Measure Tier Movement,,,read,WORK.LOYALTYOVERLAY,staging-work,SQL Server Staging,False,direct
C360_Build_LoyaltyOverlay,14_customer_360,7,Microsoft.Pipeline,Publish Loyalty Overlay,work LoyaltyOverlay,WWI_Staging_DB,read,WORK.LOYALTYOVERLAY,staging-work,SQL Server Staging,False,direct
C360_Build_LoyaltyOverlay,14_customer_360,7,Microsoft.Pipeline,Publish Loyalty Overlay,Customer360 LoyaltyOverlay,WWI_DW_Destination_DB,write,CUSTOMER360.LOYALTYOVERLAY,customer360,SQL Server DW,False,direct
C360_Build_LoyaltyOverlay,14_customer_360,8,Microsoft.ExecuteSQLTask,Log Row Counts,,,exec,ETL.USP_LOGROWCOUNT,etl-control,ETL control,False,direct
C360_Build_LoyaltyOverlay,14_customer_360,9,Microsoft.ExecuteSQLTask,Log Package Success,,,exec,ETL.USP_LOGPACKAGEEND,etl-control,ETL control,False,direct
C360_Build_LoyaltyOverlay,14_customer_360,10,Microsoft.ExecuteSQLTask,Log Error,,,exec,ETL.USP_LOGERROR,etl-control,ETL control,False,direct
C360_Build_LoyaltyOverlay,14_customer_360,11,Microsoft.ExecuteSQLTask,Mark Execution Failed,,,exec,ETL.USP_LOGPACKAGEEND,etl-control,ETL control,False,direct
C360_Build_RollingMetrics,14_customer_360,1,Microsoft.ExecuteSQLTask,Log Package Start,,,exec,ETL.USP_LOGPACKAGESTART,etl-control,ETL control,False,direct
C360_Build_RollingMetrics,14_customer_360,2,Microsoft.ExecuteSQLTask,Truncate work_CustomerRollingMetric,,,write,WORK.CUSTOMERROLLINGMETRIC,staging-work,SQL Server Staging,False,direct
C360_Build_RollingMetrics,14_customer_360,3,Microsoft.ExecuteSQLTask,Aggregate Rolling Window,,,read,DIMENSION.CUSTOMER,dw-dimension,SQL Server DW,True,direct
C360_Build_RollingMetrics,14_customer_360,3,Microsoft.ExecuteSQLTask,Aggregate Rolling Window,,,read,FACT.SALE,dw-fact,SQL Server DW,True,direct
C360_Build_RollingMetrics,14_customer_360,3,Microsoft.ExecuteSQLTask,Aggregate Rolling Window,,,write,WORK.CUSTOMERROLLINGMETRIC,staging-work,SQL Server Staging,False,direct
C360_Build_RollingMetrics,14_customer_360,4,Microsoft.ExecuteSQLTask,Realign APAC Window To 445,,,read,STG.FISCALCALENDAR445PERIOD,staging-stg,SQL Server Staging,False,direct
C360_Build_RollingMetrics,14_customer_360,4,Microsoft.ExecuteSQLTask,Realign APAC Window To 445,,,read,WORK.CUSTOMERROLLINGMETRIC,staging-work,SQL Server Staging,False,direct
C360_Build_RollingMetrics,14_customer_360,4,Microsoft.ExecuteSQLTask,Realign APAC Window To 445,,,write,WORK.CUSTOMERROLLINGMETRIC,staging-work,SQL Server Staging,False,direct
C360_Build_RollingMetrics,14_customer_360,5,Microsoft.Pipeline,Derive Rolling Metrics,work CustomerRollingMetric,WWI_Staging_DB,read,WORK.CUSTOMERROLLINGMETRIC,staging-work,SQL Server Staging,False,direct
C360_Build_RollingMetrics,14_customer_360,5,Microsoft.Pipeline,Derive Rolling Metrics,Customer360 RollingMetric,WWI_DW_Destination_DB,write,CUSTOMER360.CUSTOMERROLLINGMETRIC,customer360,SQL Server DW,False,direct
C360_Build_RollingMetrics,14_customer_360,6,Microsoft.ExecuteSQLTask,Assign RFM Deciles,,,read,CUSTOMER360.CUSTOMERROLLINGMETRIC,customer360,SQL Server DW,False,direct
C360_Build_RollingMetrics,14_customer_360,6,Microsoft.ExecuteSQLTask,Assign RFM Deciles,,,write,CUSTOMER360.CUSTOMERROLLINGMETRIC,customer360,SQL Server DW,False,direct
C360_Build_RollingMetrics,14_customer_360,7,Microsoft.ExecuteSQLTask,Count Inactive Customers,,,read,CUSTOMER360.CUSTOMERROLLINGMETRIC,customer360,SQL Server DW,False,direct
C360_Build_RollingMetrics,14_customer_360,8,Microsoft.ExecuteSQLTask,Log Row Counts,,,exec,ETL.USP_LOGROWCOUNT,etl-control,ETL control,False,direct
C360_Build_RollingMetrics,14_customer_360,9,Microsoft.ExecuteSQLTask,Log Package Success,,,exec,ETL.USP_LOGPACKAGEEND,etl-control,ETL control,False,direct
C360_Build_RollingMetrics,14_customer_360,10,Microsoft.ExecuteSQLTask,Log Error,,,exec,ETL.USP_LOGERROR,etl-control,ETL control,False,direct
C360_Build_RollingMetrics,14_customer_360,11,Microsoft.ExecuteSQLTask,Mark Execution Failed,,,exec,ETL.USP_LOGPACKAGEEND,etl-control,ETL control,False,direct
C360_Publish_Segments,14_customer_360,1,Microsoft.ExecuteSQLTask,Log Package Start,,,exec,ETL.USP_LOGPACKAGESTART,etl-control,ETL control,False,direct
C360_Publish_Segments,14_customer_360,2,Microsoft.ExecuteSQLTask,Snapshot Previous Segments,,,read,WORK.CUSTOMERSEGMENT,staging-work,SQL Server Staging,False,direct
C360_Publish_Segments,14_customer_360,2,Microsoft.ExecuteSQLTask,Snapshot Previous Segments,,,write,WORK.CUSTOMERSEGMENTPREVIOUS,staging-work,SQL Server Staging,False,direct
C360_Publish_Segments,14_customer_360,3,Microsoft.ExecuteSQLTask,Truncate work_CustomerSegment,,,write,WORK.CUSTOMERSEGMENT,staging-work,SQL Server Staging,False,direct
C360_Publish_Segments,14_customer_360,4,Microsoft.ExecuteSQLTask,Assign Segments,,,read,CUSTOMER360.CUSTOMERCHURNFLAG,customer360,SQL Server DW,False,direct
C360_Publish_Segments,14_customer_360,4,Microsoft.ExecuteSQLTask,Assign Segments,,,read,CUSTOMER360.CUSTOMERPROFILE,customer360,SQL Server DW,False,direct
C360_Publish_Segments,14_customer_360,4,Microsoft.ExecuteSQLTask,Assign Segments,,,read,CUSTOMER360.CUSTOMERROLLINGMETRIC,customer360,SQL Server DW,False,direct
C360_Publish_Segments,14_customer_360,4,Microsoft.ExecuteSQLTask,Assign Segments,,,read,CUSTOMER360.LOYALTYOVERLAY,customer360,SQL Server DW,False,direct
C360_Publish_Segments,14_customer_360,4,Microsoft.ExecuteSQLTask,Assign Segments,,,write,WORK.CUSTOMERSEGMENT,staging-work,SQL Server Staging,False,direct
C360_Publish_Segments,14_customer_360,5,Microsoft.ExecuteSQLTask,Drop Suppressed Rows,,,read,WORK.CUSTOMERSEGMENT,staging-work,SQL Server Staging,False,direct
C360_Publish_Segments,14_customer_360,5,Microsoft.ExecuteSQLTask,Drop Suppressed Rows,,,write,WORK.CUSTOMERSEGMENT,staging-work,SQL Server Staging,False,direct
C360_Publish_Segments,14_customer_360,6,Microsoft.ExecuteSQLTask,Measure Segment Migration,,,read,WORK.CUSTOMERSEGMENT,staging-work,SQL Server Staging,False,direct
C360_Publish_Segments,14_customer_360,6,Microsoft.ExecuteSQLTask,Measure Segment Migration,,,read,WORK.CUSTOMERSEGMENTPREVIOUS,staging-work,SQL Server Staging,False,direct
C360_Publish_Segments,14_customer_360,7,Microsoft.Pipeline,Publish Segments,work CustomerSegment,WWI_Staging_DB,read,WORK.CUSTOMERSEGMENT,staging-work,SQL Server Staging,False,direct
C360_Publish_Segments,14_customer_360,7,Microsoft.Pipeline,Publish Segments,Lookup Previous Segment,WWI_Staging_DB,read,WORK.CUSTOMERSEGMENTPREVIOUS,staging-work,SQL Server Staging,False,direct
C360_Publish_Segments,14_customer_360,7,Microsoft.Pipeline,Publish Segments,Lookup Previous Segment,WWI_Staging_DB,lookup,WORK.CUSTOMERSEGMENTPREVIOUS,staging-work,SQL Server Staging,False,direct
C360_Publish_Segments,14_customer_360,7,Microsoft.Pipeline,Publish Segments,Customer360 CustomerSegment,WWI_DW_Destination_DB,write,CUSTOMER360.CUSTOMERSEGMENT,customer360,SQL Server DW,False,direct
C360_Publish_Segments,14_customer_360,8,Microsoft.ExecuteSQLTask,Log Row Counts,,,exec,ETL.USP_LOGROWCOUNT,etl-control,ETL control,False,direct
C360_Publish_Segments,14_customer_360,9,Microsoft.ExecuteSQLTask,Log Package Success,,,exec,ETL.USP_LOGPACKAGEEND,etl-control,ETL control,False,direct
C360_Publish_Segments,14_customer_360,10,Microsoft.ExecuteSQLTask,Log Error,,,exec,ETL.USP_LOGERROR,etl-control,ETL control,False,direct
C360_Publish_Segments,14_customer_360,11,Microsoft.ExecuteSQLTask,Mark Execution Failed,,,exec,ETL.USP_LOGPACKAGEEND,etl-control,ETL control,False,direct
DIM_APAC_Load_Customer,07_dimensions,2,Microsoft.ExecuteSQLTask,Log Package Start,,,exec,ETL.USP_LOGPACKAGESTART,etl-control,ETL control,False,direct
DIM_APAC_Load_Customer,07_dimensions,3,Microsoft.ExecuteSQLTask,Ensure Unknown Member,,,exec,INTEGRATION.ENSUREUNKNOWNMEMBERS,dw-integration,SQL Server DW,False,direct
DIM_APAC_Load_Customer,07_dimensions,4,Microsoft.Pipeline,Load Customer APAC Versions,stg Customer APAC,WWI_Staging_DB,read,STG.CUSTOMER,staging-stg,SQL Server Staging,True,direct
DIM_APAC_Load_Customer,07_dimensions,4,Microsoft.Pipeline,Load Customer APAC Versions,Lookup Current Customer Version,WWI_DW_Destination_DB,read,DIMENSION.CUSTOMER,dw-dimension,SQL Server DW,True,direct
DIM_APAC_Load_Customer,07_dimensions,4,Microsoft.Pipeline,Load Customer APAC Versions,Lookup Current Customer Version,WWI_DW_Destination_DB,lookup,DIMENSION.CUSTOMER,dw-dimension,SQL Server DW,True,direct
DIM_APAC_Load_Customer,07_dimensions,4,Microsoft.Pipeline,Load Customer APAC Versions,Reject Source Errors,WWI_Staging_DB,write,ERR.REJECTEDCUSTOMER,staging-err,SQL Server Staging,True,direct
DIM_APAC_Load_Customer,07_dimensions,4,Microsoft.Pipeline,Load Customer APAC Versions,Insert New Customer Version,WWI_DW_Destination_DB,write,DIMENSION.CUSTOMER,dw-dimension,SQL Server DW,True,direct
DIM_APAC_Load_Customer,07_dimensions,4,Microsoft.Pipeline,Load Customer APAC Versions,Insert Type 2 Version,WWI_DW_Destination_DB,write,DIMENSION.CUSTOMER,dw-dimension,SQL Server DW,True,direct
DIM_APAC_Load_Customer,07_dimensions,4,Microsoft.Pipeline,Load Customer APAC Versions,Reject Invalid Registration,WWI_Staging_DB,write,ERR.REJECTEDCUSTOMER,staging-err,SQL Server Staging,True,direct
DIM_APAC_Load_Customer,07_dimensions,4,Microsoft.Pipeline,Load Customer APAC Versions,Reject Missing Postal Code,WWI_Staging_DB,write,ERR.REJECTEDCUSTOMER,staging-err,SQL Server Staging,True,direct
DIM_APAC_Load_Customer,07_dimensions,5,Microsoft.ExecuteSQLTask,Close Out Superseded Versions,,,read,DIMENSION.CUSTOMER,dw-dimension,SQL Server DW,True,direct
DIM_APAC_Load_Customer,07_dimensions,5,Microsoft.ExecuteSQLTask,Close Out Superseded Versions,,,write,DIMENSION.CUSTOMER,dw-dimension,SQL Server DW,True,direct
DIM_APAC_Load_Customer,07_dimensions,6,Microsoft.ExecuteSQLTask,Recalculate Distributor Tier,,,exec,INTEGRATION.MIGRATESTAGEDCUSTOMERDATAV2,dw-integration,SQL Server DW,False,direct
DIM_APAC_Load_Customer,07_dimensions,7,Microsoft.ExecuteSQLTask,Log Rejected Records,,,exec,ETL.USP_LOGREJECTEDRECORD,etl-control,ETL control,False,direct
DIM_APAC_Load_Customer,07_dimensions,8,Microsoft.ExecuteSQLTask,Log Row Counts,,,exec,ETL.USP_LOGROWCOUNT,etl-control,ETL control,False,direct
DIM_APAC_Load_Customer,07_dimensions,9,Microsoft.ExecuteSQLTask,Log Package Success,,,exec,ETL.USP_LOGPACKAGEEND,etl-control,ETL control,False,direct
DIM_APAC_Load_Customer,07_dimensions,10,Microsoft.ExecuteSQLTask,Log Error,,,exec,ETL.USP_LOGERROR,etl-control,ETL control,False,direct
DIM_APAC_Load_Customer,07_dimensions,11,Microsoft.ExecuteSQLTask,Mark Execution Failed,,,exec,ETL.USP_LOGPACKAGEEND,etl-control,ETL control,False,direct
DIM_EU_Load_Customer,07_dimensions,2,Microsoft.ExecuteSQLTask,Log Package Start,,,exec,ETL.USP_LOGPACKAGESTART,etl-control,ETL control,False,direct
DIM_EU_Load_Customer,07_dimensions,3,Microsoft.ExecuteSQLTask,Ensure Unknown Member,,,exec,INTEGRATION.ENSUREUNKNOWNMEMBERS,dw-integration,SQL Server DW,False,direct
DIM_EU_Load_Customer,07_dimensions,4,Microsoft.ExecuteSQLTask,Clear Customer Work Table,,,write,WORK.CUSTOMERDEDUP,staging-work,SQL Server Staging,True,direct
DIM_EU_Load_Customer,07_dimensions,5,Microsoft.Pipeline,Load Customer EU Versions,stg Customer EU,WWI_Staging_DB,read,STG.CUSTOMER,staging-stg,SQL Server Staging,True,direct
DIM_EU_Load_Customer,07_dimensions,5,Microsoft.Pipeline,Load Customer EU Versions,Lookup Current Customer Version,WWI_DW_Destination_DB,read,DIMENSION.CUSTOMER,dw-dimension,SQL Server DW,True,direct
DIM_EU_Load_Customer,07_dimensions,5,Microsoft.Pipeline,Load Customer EU Versions,Lookup Current Customer Version,WWI_DW_Destination_DB,lookup,DIMENSION.CUSTOMER,dw-dimension,SQL Server DW,True,direct
DIM_EU_Load_Customer,07_dimensions,5,Microsoft.Pipeline,Load Customer EU Versions,Reject Source Errors,WWI_Staging_DB,write,ERR.REJECTEDCUSTOMER,staging-err,SQL Server Staging,True,direct
DIM_EU_Load_Customer,07_dimensions,5,Microsoft.Pipeline,Load Customer EU Versions,Lookup Country VAT Regime,WWI_Staging_DB,read,STG.TAXRATE,staging-stg,SQL Server Staging,True,direct
DIM_EU_Load_Customer,07_dimensions,5,Microsoft.Pipeline,Load Customer EU Versions,Lookup Country VAT Regime,WWI_Staging_DB,lookup,STG.TAXRATE,staging-stg,SQL Server Staging,True,direct
DIM_EU_Load_Customer,07_dimensions,5,Microsoft.Pipeline,Load Customer EU Versions,Insert New Customer Version,WWI_DW_Destination_DB,write,DIMENSION.CUSTOMER,dw-dimension,SQL Server DW,True,direct
DIM_EU_Load_Customer,07_dimensions,5,Microsoft.Pipeline,Load Customer EU Versions,Insert Type 2 Version,WWI_DW_Destination_DB,write,DIMENSION.CUSTOMER,dw-dimension,SQL Server DW,True,direct
DIM_EU_Load_Customer,07_dimensions,5,Microsoft.Pipeline,Load Customer EU Versions,Stage Pseudonymisation,WWI_Staging_DB,write,WORK.CUSTOMERDEDUP,staging-work,SQL Server Staging,True,direct
DIM_EU_Load_Customer,07_dimensions,5,Microsoft.Pipeline,Load Customer EU Versions,Reject Invalid VAT Number,WWI_Staging_DB,write,ERR.REJECTEDCUSTOMER,staging-err,SQL Server Staging,True,direct
DIM_EU_Load_Customer,07_dimensions,6,Microsoft.ExecuteSQLTask,Close Out Superseded Versions,,,read,DIMENSION.CUSTOMER,dw-dimension,SQL Server DW,True,direct
DIM_EU_Load_Customer,07_dimensions,6,Microsoft.ExecuteSQLTask,Close Out Superseded Versions,,,write,DIMENSION.CUSTOMER,dw-dimension,SQL Server DW,True,direct
DIM_EU_Load_Customer,07_dimensions,7,Microsoft.ExecuteSQLTask,Apply Erasure And Retention,,,exec,INTEGRATION.MIGRATESTAGEDCUSTOMERDATAV2,dw-integration,SQL Server DW,False,direct
DIM_EU_Load_Customer,07_dimensions,8,Microsoft.ExecuteSQLTask,Log Rejected Records,,,exec,ETL.USP_LOGREJECTEDRECORD,etl-control,ETL control,False,direct
DIM_EU_Load_Customer,07_dimensions,9,Microsoft.ExecuteSQLTask,Log Row Counts,,,exec,ETL.USP_LOGROWCOUNT,etl-control,ETL control,False,direct
DIM_EU_Load_Customer,07_dimensions,10,Microsoft.ExecuteSQLTask,Log Package Success,,,exec,ETL.USP_LOGPACKAGEEND,etl-control,ETL control,False,direct
DIM_EU_Load_Customer,07_dimensions,11,Microsoft.ExecuteSQLTask,Log Error,,,exec,ETL.USP_LOGERROR,etl-control,ETL control,False,direct
DIM_EU_Load_Customer,07_dimensions,12,Microsoft.ExecuteSQLTask,Mark Execution Failed,,,exec,ETL.USP_LOGPACKAGEEND,etl-control,ETL control,False,direct
DIM_Load_City,07_dimensions,2,Microsoft.ExecuteSQLTask,Log Package Start,,,exec,ETL.USP_LOGPACKAGESTART,etl-control,ETL control,False,direct
DIM_Load_City,07_dimensions,3,Microsoft.ExecuteSQLTask,Ensure Unknown Member,,,exec,INTEGRATION.ENSUREUNKNOWNMEMBERS,dw-integration,SQL Server DW,False,direct
DIM_Load_City,07_dimensions,4,Microsoft.ExecuteSQLTask,Clear Address Work Table,,,write,WORK.CUSTOMERADDRESSSTANDARDIZED,staging-work,SQL Server Staging,True,direct
DIM_Load_City,07_dimensions,5,Microsoft.Pipeline,Load City Versions,stg City,WWI_Staging_DB,read,STG.GEOGRAPHY,staging-stg,SQL Server Staging,True,direct
DIM_Load_City,07_dimensions,5,Microsoft.Pipeline,Load City Versions,Lookup Current City Version,WWI_DW_Destination_DB,read,DIMENSION.CITY,dw-dimension,SQL Server DW,True,direct
DIM_Load_City,07_dimensions,5,Microsoft.Pipeline,Load City Versions,Lookup Current City Version,WWI_DW_Destination_DB,lookup,DIMENSION.CITY,dw-dimension,SQL Server DW,True,direct
DIM_Load_City,07_dimensions,5,Microsoft.Pipeline,Load City Versions,Reject Source Errors,WWI_Staging_DB,write,ERR.REJECTEDCONSTRAINTVIOLATION,staging-err,SQL Server Staging,True,direct
DIM_Load_City,07_dimensions,5,Microsoft.Pipeline,Load City Versions,Insert New City,WWI_DW_Destination_DB,write,DIMENSION.CITY,dw-dimension,SQL Server DW,True,direct
DIM_Load_City,07_dimensions,5,Microsoft.Pipeline,Load City Versions,Insert Type 2 Version,WWI_DW_Destination_DB,write,DIMENSION.CITY,dw-dimension,SQL Server DW,True,direct
DIM_Load_City,07_dimensions,5,Microsoft.Pipeline,Load City Versions,Stage Minor Correction,WWI_Staging_DB,write,WORK.CUSTOMERADDRESSSTANDARDIZED,staging-work,SQL Server Staging,True,direct
DIM_Load_City,07_dimensions,5,Microsoft.Pipeline,Load City Versions,Stage Inferred Promotion,WWI_Staging_DB,write,WORK.LATEARRIVINGDIMENSIONQUEUE,staging-work,SQL Server Staging,True,direct
DIM_Load_City,07_dimensions,6,Microsoft.ExecuteSQLTask,Close Out Superseded Versions,,,read,DIMENSION.CITY,dw-dimension,SQL Server DW,True,direct
DIM_Load_City,07_dimensions,6,Microsoft.ExecuteSQLTask,Close Out Superseded Versions,,,write,DIMENSION.CITY,dw-dimension,SQL Server DW,True,direct
DIM_Load_City,07_dimensions,7,Microsoft.ExecuteSQLTask,Promote Inferred Cities,,,exec,INTEGRATION.MIGRATESTAGEDCITYDATA,dw-integration,SQL Server DW,False,direct
DIM_Load_City,07_dimensions,8,Microsoft.ExecuteSQLTask,Log Row Counts,,,exec,ETL.USP_LOGROWCOUNT,etl-control,ETL control,False,direct
DIM_Load_City,07_dimensions,9,Microsoft.ExecuteSQLTask,Log Package Success,,,exec,ETL.USP_LOGPACKAGEEND,etl-control,ETL control,False,direct
DIM_Load_City,07_dimensions,10,Microsoft.ExecuteSQLTask,Log Error,,,exec,ETL.USP_LOGERROR,etl-control,ETL control,False,direct
DIM_Load_City,07_dimensions,11,Microsoft.ExecuteSQLTask,Mark Execution Failed,,,exec,ETL.USP_LOGPACKAGEEND,etl-control,ETL control,False,direct
DIM_Load_CustomerCategory,07_dimensions,2,Microsoft.ExecuteSQLTask,Log Package Start,,,exec,ETL.USP_LOGPACKAGESTART,etl-control,ETL control,False,direct
DIM_Load_CustomerCategory,07_dimensions,3,Microsoft.ExecuteSQLTask,Ensure Unknown Member,,,exec,INTEGRATION.ENSUREUNKNOWNMEMBERS,dw-integration,SQL Server DW,False,direct
DIM_Load_CustomerCategory,07_dimensions,4,Microsoft.ExecuteSQLTask,Clear Category Work Table,,,write,WORK.CUSTOMERDEDUP,staging-work,SQL Server Staging,True,direct
DIM_Load_CustomerCategory,07_dimensions,5,Microsoft.Pipeline,Load Customer Category,stg CustomerCategory,WWI_Staging_DB,read,STG.CUSTOMERCATEGORY,staging-stg,SQL Server Staging,False,direct
DIM_Load_CustomerCategory,07_dimensions,5,Microsoft.Pipeline,Load Customer Category,Lookup Existing Category,WWI_DW_Destination_DB,read,DIMENSION.CUSTOMER CATEGORY,dw-dimension,SQL Server DW,True,direct
DIM_Load_CustomerCategory,07_dimensions,5,Microsoft.Pipeline,Load Customer Category,Lookup Existing Category,WWI_DW_Destination_DB,lookup,DIMENSION.CUSTOMER CATEGORY,dw-dimension,SQL Server DW,True,direct
DIM_Load_CustomerCategory,07_dimensions,5,Microsoft.Pipeline,Load Customer Category,Reject Source Errors,WWI_Staging_DB,write,ERR.REJECTEDCUSTOMER,staging-err,SQL Server Staging,True,direct
DIM_Load_CustomerCategory,07_dimensions,5,Microsoft.Pipeline,Load Customer Category,Insert New Category,WWI_DW_Destination_DB,write,DIMENSION.CUSTOMER CATEGORY,dw-dimension,SQL Server DW,True,direct
DIM_Load_CustomerCategory,07_dimensions,5,Microsoft.Pipeline,Load Customer Category,Stage Type 1 Overwrite,WWI_Staging_DB,write,WORK.CUSTOMERDEDUP,staging-work,SQL Server Staging,True,direct
DIM_Load_CustomerCategory,07_dimensions,6,Microsoft.ExecuteSQLTask,Apply Type 1 Overwrite,,,exec,INTEGRATION.MIGRATESTAGEDCUSTOMERCATEGORYDATA,dw-integration,SQL Server DW,False,direct
DIM_Load_CustomerCategory,07_dimensions,7,Microsoft.ExecuteSQLTask,Log Row Counts,,,exec,ETL.USP_LOGROWCOUNT,etl-control,ETL control,False,direct
DIM_Load_CustomerCategory,07_dimensions,8,Microsoft.ExecuteSQLTask,Log Package Success,,,exec,ETL.USP_LOGPACKAGEEND,etl-control,ETL control,False,direct
DIM_Load_CustomerCategory,07_dimensions,9,Microsoft.ExecuteSQLTask,Log Error,,,exec,ETL.USP_LOGERROR,etl-control,ETL control,False,direct
DIM_Load_CustomerCategory,07_dimensions,10,Microsoft.ExecuteSQLTask,Mark Execution Failed,,,exec,ETL.USP_LOGPACKAGEEND,etl-control,ETL control,False,direct
DIM_Load_CustomerSegment,07_dimensions,2,Microsoft.ExecuteSQLTask,Log Package Start,,,exec,ETL.USP_LOGPACKAGESTART,etl-control,ETL control,False,direct
DIM_Load_CustomerSegment,07_dimensions,3,Microsoft.Pipeline,Load Customer Segment Versions,stg CustomerSegment,WWI_Staging_DB,read,STG.CUSTOMERSEGMENT,staging-stg,SQL Server Staging,False,direct
DIM_Load_CustomerSegment,07_dimensions,3,Microsoft.Pipeline,Load Customer Segment Versions,Lookup Current Segment Version,WWI_DW_Destination_DB,read,DIMENSION.CUSTOMER SEGMENT,dw-dimension,SQL Server DW,True,direct
DIM_Load_CustomerSegment,07_dimensions,3,Microsoft.Pipeline,Load Customer Segment Versions,Lookup Current Segment Version,WWI_DW_Destination_DB,lookup,DIMENSION.CUSTOMER SEGMENT,dw-dimension,SQL Server DW,True,direct
DIM_Load_CustomerSegment,07_dimensions,3,Microsoft.Pipeline,Load Customer Segment Versions,Reject Source Errors,WWI_Staging_DB,write,ERR.REJECTEDCONSTRAINTVIOLATION,staging-err,SQL Server Staging,True,direct
DIM_Load_CustomerSegment,07_dimensions,3,Microsoft.Pipeline,Load Customer Segment Versions,Insert New Segment,WWI_DW_Destination_DB,write,DIMENSION.CUSTOMER SEGMENT,dw-dimension,SQL Server DW,True,direct
DIM_Load_CustomerSegment,07_dimensions,3,Microsoft.Pipeline,Load Customer Segment Versions,Insert Redefined Segment,WWI_DW_Destination_DB,write,DIMENSION.CUSTOMER SEGMENT,dw-dimension,SQL Server DW,True,direct
DIM_Load_CustomerSegment,07_dimensions,4,Microsoft.ExecuteSQLTask,Close Out Superseded Versions,,,read,DIMENSION.CUSTOMER SEGMENT,dw-dimension,SQL Server DW,True,direct
DIM_Load_CustomerSegment,07_dimensions,4,Microsoft.ExecuteSQLTask,Close Out Superseded Versions,,,write,DIMENSION.CUSTOMER SEGMENT,dw-dimension,SQL Server DW,True,direct
DIM_Load_CustomerSegment,07_dimensions,5,Microsoft.ExecuteSQLTask,Reassign Customers To Segments,,,exec,INTEGRATION.MIGRATESTAGEDCUSTOMERSEGMENTDATA,dw-integration,SQL Server DW,False,direct
DIM_Load_CustomerSegment,07_dimensions,6,Microsoft.ExecuteSQLTask,Log Row Counts,,,exec,ETL.USP_LOGROWCOUNT,etl-control,ETL control,False,direct
DIM_Load_CustomerSegment,07_dimensions,7,Microsoft.ExecuteSQLTask,Log Package Success,,,exec,ETL.USP_LOGPACKAGEEND,etl-control,ETL control,False,direct
DIM_Load_CustomerSegment,07_dimensions,8,Microsoft.ExecuteSQLTask,Log Error,,,exec,ETL.USP_LOGERROR,etl-control,ETL control,False,direct
DIM_Load_CustomerSegment,07_dimensions,9,Microsoft.ExecuteSQLTask,Mark Execution Failed,,,exec,ETL.USP_LOGPACKAGEEND,etl-control,ETL control,False,direct
DIM_Load_Employee,07_dimensions,2,Microsoft.ExecuteSQLTask,Log Package Start,,,exec,ETL.USP_LOGPACKAGESTART,etl-control,ETL control,False,direct
DIM_Load_Employee,07_dimensions,3,Microsoft.ExecuteSQLTask,Ensure Unknown Member,,,exec,INTEGRATION.ENSUREUNKNOWNMEMBERS,dw-integration,SQL Server DW,False,direct
DIM_Load_Employee,07_dimensions,4,Microsoft.Pipeline,Load Employee Versions,stg Employee,WWI_Staging_DB,read,STG.EMPLOYEE,staging-stg,SQL Server Staging,True,direct
DIM_Load_Employee,07_dimensions,4,Microsoft.Pipeline,Load Employee Versions,Lookup Current Employee Version,WWI_DW_Destination_DB,read,DIMENSION.EMPLOYEE,dw-dimension,SQL Server DW,True,direct
DIM_Load_Employee,07_dimensions,4,Microsoft.Pipeline,Load Employee Versions,Lookup Current Employee Version,WWI_DW_Destination_DB,lookup,DIMENSION.EMPLOYEE,dw-dimension,SQL Server DW,True,direct
DIM_Load_Employee,07_dimensions,4,Microsoft.Pipeline,Load Employee Versions,Reject Source Errors,WWI_Staging_DB,write,ERR.REJECTEDCONSTRAINTVIOLATION,staging-err,SQL Server Staging,True,direct
DIM_Load_Employee,07_dimensions,4,Microsoft.Pipeline,Load Employee Versions,Lookup Manager Key,WWI_DW_Destination_DB,read,DIMENSION.EMPLOYEE,dw-dimension,SQL Server DW,True,direct
DIM_Load_Employee,07_dimensions,4,Microsoft.Pipeline,Load Employee Versions,Lookup Manager Key,WWI_DW_Destination_DB,lookup,DIMENSION.EMPLOYEE,dw-dimension,SQL Server DW,True,direct
DIM_Load_Employee,07_dimensions,4,Microsoft.Pipeline,Load Employee Versions,Insert New Employee,WWI_DW_Destination_DB,write,DIMENSION.EMPLOYEE,dw-dimension,SQL Server DW,True,direct
DIM_Load_Employee,07_dimensions,4,Microsoft.Pipeline,Load Employee Versions,Insert Type 2 Version,WWI_DW_Destination_DB,write,DIMENSION.EMPLOYEE,dw-dimension,SQL Server DW,True,direct
DIM_Load_Employee,07_dimensions,5,Microsoft.ExecuteSQLTask,Close Out Superseded Versions,,,read,DIMENSION.EMPLOYEE,dw-dimension,SQL Server DW,True,direct
DIM_Load_Employee,07_dimensions,5,Microsoft.ExecuteSQLTask,Close Out Superseded Versions,,,write,DIMENSION.EMPLOYEE,dw-dimension,SQL Server DW,True,direct
DIM_Load_Employee,07_dimensions,6,Microsoft.ExecuteSQLTask,Repair Manager Keys,,,read,DIMENSION.EMPLOYEE,dw-dimension,SQL Server DW,True,direct
DIM_Load_Employee,07_dimensions,6,Microsoft.ExecuteSQLTask,Repair Manager Keys,,,write,DIMENSION.EMPLOYEE,dw-dimension,SQL Server DW,True,direct
DIM_Load_Employee,07_dimensions,7,Microsoft.ExecuteSQLTask,Rebuild Reporting Depth,,,read,DIMENSION.EMPLOYEE,dw-dimension,SQL Server DW,True,direct
DIM_Load_Employee,07_dimensions,7,Microsoft.ExecuteSQLTask,Rebuild Reporting Depth,,,write,DIMENSION.EMPLOYEE,dw-dimension,SQL Server DW,True,direct
DIM_Load_Employee,07_dimensions,8,Microsoft.ExecuteSQLTask,Log Row Counts,,,exec,ETL.USP_LOGROWCOUNT,etl-control,ETL control,False,direct
DIM_Load_Employee,07_dimensions,9,Microsoft.ExecuteSQLTask,Log Package Success,,,exec,ETL.USP_LOGPACKAGEEND,etl-control,ETL control,False,direct
DIM_Load_Employee,07_dimensions,10,Microsoft.ExecuteSQLTask,Log Error,,,exec,ETL.USP_LOGERROR,etl-control,ETL control,False,direct
DIM_Load_Employee,07_dimensions,11,Microsoft.ExecuteSQLTask,Mark Execution Failed,,,exec,ETL.USP_LOGPACKAGEEND,etl-control,ETL control,False,direct
DIM_Load_ProductCategory,07_dimensions,2,Microsoft.ExecuteSQLTask,Log Package Start,,,exec,ETL.USP_LOGPACKAGESTART,etl-control,ETL control,False,direct
DIM_Load_ProductCategory,07_dimensions,3,Microsoft.ExecuteSQLTask,Ensure Unknown Member,,,exec,INTEGRATION.ENSUREUNKNOWNMEMBERS,dw-integration,SQL Server DW,False,direct
DIM_Load_ProductCategory,07_dimensions,4,Microsoft.Pipeline,Load Product Category,stg ProductCategory,WWI_Staging_DB,read,STG.PRODUCTCATEGORY,staging-stg,SQL Server Staging,False,direct
DIM_Load_ProductCategory,07_dimensions,4,Microsoft.Pipeline,Load Product Category,Lookup Parent Category Key,WWI_DW_Destination_DB,read,DIMENSION.PRODUCT CATEGORY,dw-dimension,SQL Server DW,True,direct
DIM_Load_ProductCategory,07_dimensions,4,Microsoft.Pipeline,Load Product Category,Lookup Parent Category Key,WWI_DW_Destination_DB,lookup,DIMENSION.PRODUCT CATEGORY,dw-dimension,SQL Server DW,True,direct
DIM_Load_ProductCategory,07_dimensions,4,Microsoft.Pipeline,Load Product Category,Reject Source Errors,WWI_Staging_DB,write,ERR.REJECTEDPRODUCT,staging-err,SQL Server Staging,True,direct
DIM_Load_ProductCategory,07_dimensions,4,Microsoft.Pipeline,Load Product Category,Insert Leaf Category,WWI_DW_Destination_DB,write,DIMENSION.PRODUCT CATEGORY,dw-dimension,SQL Server DW,True,direct
DIM_Load_ProductCategory,07_dimensions,4,Microsoft.Pipeline,Load Product Category,Insert Rollup Category,WWI_DW_Destination_DB,write,DIMENSION.PRODUCT CATEGORY,dw-dimension,SQL Server DW,True,direct
DIM_Load_ProductCategory,07_dimensions,4,Microsoft.Pipeline,Load Product Category,Insert Root Category,WWI_DW_Destination_DB,write,DIMENSION.PRODUCT CATEGORY,dw-dimension,SQL Server DW,True,direct
DIM_Load_ProductCategory,07_dimensions,5,Microsoft.ExecuteSQLTask,Apply Type 1 Overwrite,,,exec,INTEGRATION.MIGRATESTAGEDPRODUCTCATEGORYDATA,dw-integration,SQL Server DW,False,direct
DIM_Load_ProductCategory,07_dimensions,6,Microsoft.ExecuteSQLTask,Maintain Stock Item Category Bridge,,,read,DIMENSION.PRODUCT CATEGORY,dw-dimension,SQL Server DW,True,direct
DIM_Load_ProductCategory,07_dimensions,6,Microsoft.ExecuteSQLTask,Maintain Stock Item Category Bridge,,,read,DIMENSION.STOCK ITEM,dw-dimension,SQL Server DW,True,direct
DIM_Load_ProductCategory,07_dimensions,6,Microsoft.ExecuteSQLTask,Maintain Stock Item Category Bridge,,,read,DIMENSION.STOCK ITEM CATEGORY BRIDGE,dw-dimension,SQL Server DW,False,direct
DIM_Load_ProductCategory,07_dimensions,6,Microsoft.ExecuteSQLTask,Maintain Stock Item Category Bridge,,,write,DIMENSION.STOCK ITEM CATEGORY BRIDGE,dw-dimension,SQL Server DW,False,direct
DIM_Load_ProductCategory,07_dimensions,7,Microsoft.ExecuteSQLTask,Log Row Counts,,,exec,ETL.USP_LOGROWCOUNT,etl-control,ETL control,False,direct
DIM_Load_ProductCategory,07_dimensions,8,Microsoft.ExecuteSQLTask,Log Package Success,,,exec,ETL.USP_LOGPACKAGEEND,etl-control,ETL control,False,direct
DIM_Load_ProductCategory,07_dimensions,9,Microsoft.ExecuteSQLTask,Log Error,,,exec,ETL.USP_LOGERROR,etl-control,ETL control,False,direct
DIM_Load_ProductCategory,07_dimensions,10,Microsoft.ExecuteSQLTask,Mark Execution Failed,,,exec,ETL.USP_LOGPACKAGEEND,etl-control,ETL control,False,direct
DIM_Load_Promotion,07_dimensions,2,Microsoft.ExecuteSQLTask,Log Package Start,,,exec,ETL.USP_LOGPACKAGESTART,etl-control,ETL control,False,direct
DIM_Load_Promotion,07_dimensions,3,Microsoft.ExecuteSQLTask,Ensure Unknown Member,,,exec,INTEGRATION.ENSUREUNKNOWNMEMBERS,dw-integration,SQL Server DW,False,direct
DIM_Load_Promotion,07_dimensions,4,Microsoft.Pipeline,Load Promotion Versions,stg Promotion,WWI_Staging_DB,read,STG.PROMOTION,staging-stg,SQL Server Staging,True,direct
DIM_Load_Promotion,07_dimensions,4,Microsoft.Pipeline,Load Promotion Versions,Lookup Current Promotion Version,WWI_DW_Destination_DB,read,DIMENSION.PROMOTION,dw-dimension,SQL Server DW,True,direct
DIM_Load_Promotion,07_dimensions,4,Microsoft.Pipeline,Load Promotion Versions,Lookup Current Promotion Version,WWI_DW_Destination_DB,lookup,DIMENSION.PROMOTION,dw-dimension,SQL Server DW,True,direct
DIM_Load_Promotion,07_dimensions,4,Microsoft.Pipeline,Load Promotion Versions,Reject Source Errors,WWI_Staging_DB,write,ERR.REJECTEDCONSTRAINTVIOLATION,staging-err,SQL Server Staging,True,direct
DIM_Load_Promotion,07_dimensions,4,Microsoft.Pipeline,Load Promotion Versions,Insert New Promotion,WWI_DW_Destination_DB,write,DIMENSION.PROMOTION,dw-dimension,SQL Server DW,True,direct
DIM_Load_Promotion,07_dimensions,4,Microsoft.Pipeline,Load Promotion Versions,Insert Amended Promotion,WWI_DW_Destination_DB,write,DIMENSION.PROMOTION,dw-dimension,SQL Server DW,True,direct
DIM_Load_Promotion,07_dimensions,4,Microsoft.Pipeline,Load Promotion Versions,Reject Invalid Window,WWI_Staging_DB,write,ERR.REJECTEDCONSTRAINTVIOLATION,staging-err,SQL Server Staging,True,direct
DIM_Load_Promotion,07_dimensions,5,Microsoft.ExecuteSQLTask,Flag Overlapping Campaigns,,,read,DIMENSION.PROMOTION,dw-dimension,SQL Server DW,True,direct
DIM_Load_Promotion,07_dimensions,5,Microsoft.ExecuteSQLTask,Flag Overlapping Campaigns,,,write,DIMENSION.PROMOTION,dw-dimension,SQL Server DW,True,direct
DIM_Load_Promotion,07_dimensions,6,Microsoft.ExecuteSQLTask,Apply Promotion Attribute Overwrites,,,exec,INTEGRATION.MIGRATESTAGEDPROMOTIONDATA,dw-integration,SQL Server DW,False,direct
DIM_Load_Promotion,07_dimensions,7,Microsoft.ExecuteSQLTask,Log Rejected Records,,,exec,ETL.USP_LOGREJECTEDRECORD,etl-control,ETL control,False,direct
DIM_Load_Promotion,07_dimensions,8,Microsoft.ExecuteSQLTask,Log Row Counts,,,exec,ETL.USP_LOGROWCOUNT,etl-control,ETL control,False,direct
DIM_Load_Promotion,07_dimensions,9,Microsoft.ExecuteSQLTask,Log Package Success,,,exec,ETL.USP_LOGPACKAGEEND,etl-control,ETL control,False,direct
DIM_Load_Promotion,07_dimensions,10,Microsoft.ExecuteSQLTask,Log Error,,,exec,ETL.USP_LOGERROR,etl-control,ETL control,False,direct
DIM_Load_Promotion,07_dimensions,11,Microsoft.ExecuteSQLTask,Mark Execution Failed,,,exec,ETL.USP_LOGPACKAGEEND,etl-control,ETL control,False,direct
DIM_Load_SalesTerritory,07_dimensions,2,Microsoft.ExecuteSQLTask,Log Package Start,,,exec,ETL.USP_LOGPACKAGESTART,etl-control,ETL control,False,direct
DIM_Load_SalesTerritory,07_dimensions,3,Microsoft.ExecuteSQLTask,Clear Hierarchy Work Table,,,write,WORK.PRODUCTCROSSWALK,staging-work,SQL Server Staging,True,direct
DIM_Load_SalesTerritory,07_dimensions,4,Microsoft.Pipeline,Load Sales Territory,stg SalesTerritory,WWI_Staging_DB,read,STG.SALESTERRITORY,staging-stg,SQL Server Staging,True,direct
DIM_Load_SalesTerritory,07_dimensions,4,Microsoft.Pipeline,Load Sales Territory,Lookup Existing Territory,WWI_DW_Destination_DB,read,DIMENSION.SALES TERRITORY,dw-dimension,SQL Server DW,True,direct
DIM_Load_SalesTerritory,07_dimensions,4,Microsoft.Pipeline,Load Sales Territory,Lookup Existing Territory,WWI_DW_Destination_DB,lookup,DIMENSION.SALES TERRITORY,dw-dimension,SQL Server DW,True,direct
DIM_Load_SalesTerritory,07_dimensions,4,Microsoft.Pipeline,Load Sales Territory,Reject Source Errors,WWI_Staging_DB,write,ERR.REJECTEDCONSTRAINTVIOLATION,staging-err,SQL Server Staging,True,direct
DIM_Load_SalesTerritory,07_dimensions,4,Microsoft.Pipeline,Load Sales Territory,Insert New Territory,WWI_DW_Destination_DB,write,DIMENSION.SALES TERRITORY,dw-dimension,SQL Server DW,True,direct
DIM_Load_SalesTerritory,07_dimensions,4,Microsoft.Pipeline,Load Sales Territory,Stage Hierarchy Move,WWI_Staging_DB,write,WORK.PRODUCTCROSSWALK,staging-work,SQL Server Staging,True,direct
DIM_Load_SalesTerritory,07_dimensions,5,Microsoft.ExecuteSQLTask,Rebuild Territory Hierarchy,,,exec,INTEGRATION.MIGRATESTAGEDSALESTERRITORYDATA,dw-integration,SQL Server DW,False,direct
DIM_Load_SalesTerritory,07_dimensions,6,Microsoft.ExecuteSQLTask,Reparent Orphaned Territories,,,read,DIMENSION.SALES TERRITORY,dw-dimension,SQL Server DW,True,direct
DIM_Load_SalesTerritory,07_dimensions,6,Microsoft.ExecuteSQLTask,Reparent Orphaned Territories,,,write,DIMENSION.SALES TERRITORY,dw-dimension,SQL Server DW,True,direct
DIM_Load_SalesTerritory,07_dimensions,7,Microsoft.ExecuteSQLTask,Log Row Counts,,,exec,ETL.USP_LOGROWCOUNT,etl-control,ETL control,False,direct
DIM_Load_SalesTerritory,07_dimensions,8,Microsoft.ExecuteSQLTask,Log Package Success,,,exec,ETL.USP_LOGPACKAGEEND,etl-control,ETL control,False,direct
DIM_Load_SalesTerritory,07_dimensions,9,Microsoft.ExecuteSQLTask,Log Error,,,exec,ETL.USP_LOGERROR,etl-control,ETL control,False,direct
DIM_Load_SalesTerritory,07_dimensions,10,Microsoft.ExecuteSQLTask,Mark Execution Failed,,,exec,ETL.USP_LOGPACKAGEEND,etl-control,ETL control,False,direct
DIM_Load_Salesperson,07_dimensions,2,Microsoft.ExecuteSQLTask,Log Package Start,,,exec,ETL.USP_LOGPACKAGESTART,etl-control,ETL control,False,direct
DIM_Load_Salesperson,07_dimensions,3,Microsoft.ExecuteSQLTask,Ensure Unknown Member,,,exec,INTEGRATION.ENSUREUNKNOWNMEMBERS,dw-integration,SQL Server DW,False,direct
DIM_Load_Salesperson,07_dimensions,4,Microsoft.Pipeline,Load Salesperson Versions,stg Salesperson,WWI_Staging_DB,read,STG.SALESPERSON,staging-stg,SQL Server Staging,True,direct
DIM_Load_Salesperson,07_dimensions,4,Microsoft.Pipeline,Load Salesperson Versions,Lookup Current Salesperson Version,WWI_DW_Destination_DB,read,DIMENSION.SALESPERSON,dw-dimension,SQL Server DW,True,direct
DIM_Load_Salesperson,07_dimensions,4,Microsoft.Pipeline,Load Salesperson Versions,Lookup Current Salesperson Version,WWI_DW_Destination_DB,lookup,DIMENSION.SALESPERSON,dw-dimension,SQL Server DW,True,direct
DIM_Load_Salesperson,07_dimensions,4,Microsoft.Pipeline,Load Salesperson Versions,Reject Source Errors,WWI_Staging_DB,write,ERR.REJECTEDCONSTRAINTVIOLATION,staging-err,SQL Server Staging,True,direct
DIM_Load_Salesperson,07_dimensions,4,Microsoft.Pipeline,Load Salesperson Versions,Lookup Territory Key,WWI_DW_Destination_DB,read,DIMENSION.SALES TERRITORY,dw-dimension,SQL Server DW,True,direct
DIM_Load_Salesperson,07_dimensions,4,Microsoft.Pipeline,Load Salesperson Versions,Lookup Territory Key,WWI_DW_Destination_DB,lookup,DIMENSION.SALES TERRITORY,dw-dimension,SQL Server DW,True,direct
DIM_Load_Salesperson,07_dimensions,4,Microsoft.Pipeline,Load Salesperson Versions,Insert New Salesperson,WWI_DW_Destination_DB,write,DIMENSION.SALESPERSON,dw-dimension,SQL Server DW,True,direct
DIM_Load_Salesperson,07_dimensions,4,Microsoft.Pipeline,Load Salesperson Versions,Insert Type 2 Version,WWI_DW_Destination_DB,write,DIMENSION.SALESPERSON,dw-dimension,SQL Server DW,True,direct
DIM_Load_Salesperson,07_dimensions,4,Microsoft.Pipeline,Load Salesperson Versions,Reject Unknown Territory,WWI_Staging_DB,write,ERR.REJECTEDLOOKUPFAILURE,staging-err,SQL Server Staging,True,direct
DIM_Load_Salesperson,07_dimensions,5,Microsoft.ExecuteSQLTask,Close Out Superseded Versions,,,read,DIMENSION.SALESPERSON,dw-dimension,SQL Server DW,True,direct
DIM_Load_Salesperson,07_dimensions,5,Microsoft.ExecuteSQLTask,Close Out Superseded Versions,,,write,DIMENSION.SALESPERSON,dw-dimension,SQL Server DW,True,direct
DIM_Load_Salesperson,07_dimensions,6,Microsoft.ExecuteSQLTask,Maintain Salesperson Territory Bridge,,,read,DIMENSION.SALES TERRITORY,dw-dimension,SQL Server DW,True,direct
DIM_Load_Salesperson,07_dimensions,6,Microsoft.ExecuteSQLTask,Maintain Salesperson Territory Bridge,,,read,DIMENSION.SALESPERSON,dw-dimension,SQL Server DW,True,direct
DIM_Load_Salesperson,07_dimensions,6,Microsoft.ExecuteSQLTask,Maintain Salesperson Territory Bridge,,,read,DIMENSION.SALESPERSON TERRITORY BRIDGE,dw-dimension,SQL Server DW,False,direct
DIM_Load_Salesperson,07_dimensions,6,Microsoft.ExecuteSQLTask,Maintain Salesperson Territory Bridge,,,write,DIMENSION.SALESPERSON TERRITORY BRIDGE,dw-dimension,SQL Server DW,False,direct
DIM_Load_Salesperson,07_dimensions,7,Microsoft.ExecuteSQLTask,Log Rejected Records,,,exec,ETL.USP_LOGREJECTEDRECORD,etl-control,ETL control,False,direct
DIM_Load_Salesperson,07_dimensions,8,Microsoft.ExecuteSQLTask,Log Row Counts,,,exec,ETL.USP_LOGROWCOUNT,etl-control,ETL control,False,direct
DIM_Load_Salesperson,07_dimensions,9,Microsoft.ExecuteSQLTask,Log Package Success,,,exec,ETL.USP_LOGPACKAGEEND,etl-control,ETL control,False,direct
DIM_Load_Salesperson,07_dimensions,10,Microsoft.ExecuteSQLTask,Log Error,,,exec,ETL.USP_LOGERROR,etl-control,ETL control,False,direct
DIM_Load_Salesperson,07_dimensions,11,Microsoft.ExecuteSQLTask,Mark Execution Failed,,,exec,ETL.USP_LOGPACKAGEEND,etl-control,ETL control,False,direct
DIM_Load_StockItem,07_dimensions,2,Microsoft.ExecuteSQLTask,Log Package Start,,,exec,ETL.USP_LOGPACKAGESTART,etl-control,ETL control,False,direct
DIM_Load_StockItem,07_dimensions,3,Microsoft.ExecuteSQLTask,Ensure Unknown Member,,,exec,INTEGRATION.ENSUREUNKNOWNMEMBERS,dw-integration,SQL Server DW,False,direct
DIM_Load_StockItem,07_dimensions,4,Microsoft.ExecuteSQLTask,Clear Product Crosswalk,,,write,WORK.PRODUCTCROSSWALK,staging-work,SQL Server Staging,True,direct
DIM_Load_StockItem,07_dimensions,5,Microsoft.Pipeline,Load Stock Item Hybrid SCD,stg StockItem,WWI_Staging_DB,read,STG.STOCKITEM,staging-stg,SQL Server Staging,True,direct
DIM_Load_StockItem,07_dimensions,5,Microsoft.Pipeline,Load Stock Item Hybrid SCD,Lookup Current Stock Item Version,WWI_DW_Destination_DB,read,DIMENSION.STOCK ITEM,dw-dimension,SQL Server DW,True,direct
DIM_Load_StockItem,07_dimensions,5,Microsoft.Pipeline,Load Stock Item Hybrid SCD,Lookup Current Stock Item Version,WWI_DW_Destination_DB,lookup,DIMENSION.STOCK ITEM,dw-dimension,SQL Server DW,True,direct
DIM_Load_StockItem,07_dimensions,5,Microsoft.Pipeline,Load Stock Item Hybrid SCD,Reject Source Errors,WWI_Staging_DB,write,ERR.REJECTEDPRODUCT,staging-err,SQL Server Staging,True,direct
DIM_Load_StockItem,07_dimensions,5,Microsoft.Pipeline,Load Stock Item Hybrid SCD,Insert New Stock Item,WWI_DW_Destination_DB,write,DIMENSION.STOCK ITEM,dw-dimension,SQL Server DW,True,direct
DIM_Load_StockItem,07_dimensions,5,Microsoft.Pipeline,Load Stock Item Hybrid SCD,Insert Type 2 Version,WWI_DW_Destination_DB,write,DIMENSION.STOCK ITEM,dw-dimension,SQL Server DW,True,direct
DIM_Load_StockItem,07_dimensions,5,Microsoft.Pipeline,Load Stock Item Hybrid SCD,Stage Type 1 Overwrite,WWI_Staging_DB,write,WORK.PRODUCTCROSSWALK,staging-work,SQL Server Staging,True,direct
DIM_Load_StockItem,07_dimensions,5,Microsoft.Pipeline,Load Stock Item Hybrid SCD,Stage Inferred Enrichment,WWI_Staging_DB,write,WORK.LATEARRIVINGDIMENSIONQUEUE,staging-work,SQL Server Staging,True,direct
DIM_Load_StockItem,07_dimensions,6,Microsoft.ExecuteSQLTask,Close Out Superseded Versions,,,read,DIMENSION.STOCK ITEM,dw-dimension,SQL Server DW,True,direct
DIM_Load_StockItem,07_dimensions,6,Microsoft.ExecuteSQLTask,Close Out Superseded Versions,,,write,DIMENSION.STOCK ITEM,dw-dimension,SQL Server DW,True,direct
DIM_Load_StockItem,07_dimensions,7,Microsoft.ExecuteSQLTask,Apply Marketing Overwrites,,,exec,INTEGRATION.MIGRATESTAGEDSTOCKITEMDATA,dw-integration,SQL Server DW,False,direct
DIM_Load_StockItem,07_dimensions,8,Microsoft.ExecuteSQLTask,Enrich Inferred Stock Items,,,read,DIMENSION.STOCK ITEM,dw-dimension,SQL Server DW,True,direct
DIM_Load_StockItem,07_dimensions,8,Microsoft.ExecuteSQLTask,Enrich Inferred Stock Items,,,read,INTEGRATION.LATEARRIVINGMEMBERQUEUE,dw-integration,SQL Server DW,False,direct
DIM_Load_StockItem,07_dimensions,8,Microsoft.ExecuteSQLTask,Enrich Inferred Stock Items,,,write,DIMENSION.STOCK ITEM,dw-dimension,SQL Server DW,True,direct
DIM_Load_StockItem,07_dimensions,9,Microsoft.ExecuteSQLTask,Log Row Counts,,,exec,ETL.USP_LOGROWCOUNT,etl-control,ETL control,False,direct
DIM_Load_StockItem,07_dimensions,10,Microsoft.ExecuteSQLTask,Log Package Success,,,exec,ETL.USP_LOGPACKAGEEND,etl-control,ETL control,False,direct
DIM_Load_StockItem,07_dimensions,11,Microsoft.ExecuteSQLTask,Log Error,,,exec,ETL.USP_LOGERROR,etl-control,ETL control,False,direct
DIM_Load_StockItem,07_dimensions,12,Microsoft.ExecuteSQLTask,Mark Execution Failed,,,exec,ETL.USP_LOGPACKAGEEND,etl-control,ETL control,False,direct
DIM_Load_Supplier,07_dimensions,2,Microsoft.ExecuteSQLTask,Log Package Start,,,exec,ETL.USP_LOGPACKAGESTART,etl-control,ETL control,False,direct
DIM_Load_Supplier,07_dimensions,3,Microsoft.ExecuteSQLTask,Ensure Unknown Member,,,exec,INTEGRATION.ENSUREUNKNOWNMEMBERS,dw-integration,SQL Server DW,False,direct
DIM_Load_Supplier,07_dimensions,4,Microsoft.ExecuteSQLTask,Clear Supplier Work Table,,,write,WORK.SUPPLIERDEDUP,staging-work,SQL Server Staging,True,direct
DIM_Load_Supplier,07_dimensions,5,Microsoft.Pipeline,Load Supplier Hybrid SCD,stg Supplier,WWI_Staging_DB,read,STG.SUPPLIER,staging-stg,SQL Server Staging,True,direct
DIM_Load_Supplier,07_dimensions,5,Microsoft.Pipeline,Load Supplier Hybrid SCD,Lookup Current Supplier Version,WWI_DW_Destination_DB,read,DIMENSION.SUPPLIER,dw-dimension,SQL Server DW,True,direct
DIM_Load_Supplier,07_dimensions,5,Microsoft.Pipeline,Load Supplier Hybrid SCD,Lookup Current Supplier Version,WWI_DW_Destination_DB,lookup,DIMENSION.SUPPLIER,dw-dimension,SQL Server DW,True,direct
DIM_Load_Supplier,07_dimensions,5,Microsoft.Pipeline,Load Supplier Hybrid SCD,Reject Source Errors,WWI_Staging_DB,write,ERR.REJECTEDSUPPLIER,staging-err,SQL Server Staging,True,direct
DIM_Load_Supplier,07_dimensions,5,Microsoft.Pipeline,Load Supplier Hybrid SCD,Insert New Supplier,WWI_DW_Destination_DB,write,DIMENSION.SUPPLIER,dw-dimension,SQL Server DW,True,direct
DIM_Load_Supplier,07_dimensions,5,Microsoft.Pipeline,Load Supplier Hybrid SCD,Insert Type 2 Version,WWI_DW_Destination_DB,write,DIMENSION.SUPPLIER,dw-dimension,SQL Server DW,True,direct
DIM_Load_Supplier,07_dimensions,5,Microsoft.Pipeline,Load Supplier Hybrid SCD,Stage Type 1 Overwrite,WWI_Staging_DB,write,WORK.SUPPLIERDEDUP,staging-work,SQL Server Staging,True,direct
DIM_Load_Supplier,07_dimensions,6,Microsoft.ExecuteSQLTask,Close Out Superseded Versions,,,read,DIMENSION.SUPPLIER,dw-dimension,SQL Server DW,True,direct
DIM_Load_Supplier,07_dimensions,6,Microsoft.ExecuteSQLTask,Close Out Superseded Versions,,,write,DIMENSION.SUPPLIER,dw-dimension,SQL Server DW,True,direct
DIM_Load_Supplier,07_dimensions,7,Microsoft.ExecuteSQLTask,Apply Type 1 Overwrite To All Versions,,,exec,INTEGRATION.MIGRATESTAGEDSUPPLIERDATAV2,dw-integration,SQL Server DW,False,direct
DIM_Load_Supplier,07_dimensions,8,Microsoft.ExecuteSQLTask,Log Rejected Records,,,exec,ETL.USP_LOGREJECTEDRECORD,etl-control,ETL control,False,direct
DIM_Load_Supplier,07_dimensions,9,Microsoft.ExecuteSQLTask,Log Row Counts,,,exec,ETL.USP_LOGROWCOUNT,etl-control,ETL control,False,direct
DIM_Load_Supplier,07_dimensions,10,Microsoft.ExecuteSQLTask,Log Package Success,,,exec,ETL.USP_LOGPACKAGEEND,etl-control,ETL control,False,direct
DIM_Load_Supplier,07_dimensions,11,Microsoft.ExecuteSQLTask,Log Error,,,exec,ETL.USP_LOGERROR,etl-control,ETL control,False,direct
DIM_Load_Supplier,07_dimensions,12,Microsoft.ExecuteSQLTask,Mark Execution Failed,,,exec,ETL.USP_LOGPACKAGEEND,etl-control,ETL control,False,direct
DIM_Load_VendorContract,07_dimensions,2,Microsoft.ExecuteSQLTask,Log Package Start,,,exec,ETL.USP_LOGPACKAGESTART,etl-control,ETL control,False,direct
DIM_Load_VendorContract,07_dimensions,3,Microsoft.Pipeline,Load Vendor Contract Versions,stg VendorContract,WWI_Staging_DB,read,STG.VENDORCONTRACT,staging-stg,SQL Server Staging,True,direct
DIM_Load_VendorContract,07_dimensions,3,Microsoft.Pipeline,Load Vendor Contract Versions,Lookup Supplier Key,WWI_DW_Destination_DB,read,DIMENSION.SUPPLIER,dw-dimension,SQL Server DW,True,direct
DIM_Load_VendorContract,07_dimensions,3,Microsoft.Pipeline,Load Vendor Contract Versions,Lookup Supplier Key,WWI_DW_Destination_DB,lookup,DIMENSION.SUPPLIER,dw-dimension,SQL Server DW,True,direct
DIM_Load_VendorContract,07_dimensions,3,Microsoft.Pipeline,Load Vendor Contract Versions,Reject Source Errors,WWI_Staging_DB,write,ERR.REJECTEDSUPPLIER,staging-err,SQL Server Staging,True,direct
DIM_Load_VendorContract,07_dimensions,3,Microsoft.Pipeline,Load Vendor Contract Versions,Lookup Current Contract Version,WWI_DW_Destination_DB,read,DIMENSION.VENDOR CONTRACT,dw-dimension,SQL Server DW,True,direct
DIM_Load_VendorContract,07_dimensions,3,Microsoft.Pipeline,Load Vendor Contract Versions,Lookup Current Contract Version,WWI_DW_Destination_DB,lookup,DIMENSION.VENDOR CONTRACT,dw-dimension,SQL Server DW,True,direct
DIM_Load_VendorContract,07_dimensions,3,Microsoft.Pipeline,Load Vendor Contract Versions,Insert New Contract,WWI_DW_Destination_DB,write,DIMENSION.VENDOR CONTRACT,dw-dimension,SQL Server DW,True,direct
DIM_Load_VendorContract,07_dimensions,3,Microsoft.Pipeline,Load Vendor Contract Versions,Insert Amended Version,WWI_DW_Destination_DB,write,DIMENSION.VENDOR CONTRACT,dw-dimension,SQL Server DW,True,direct
DIM_Load_VendorContract,07_dimensions,3,Microsoft.Pipeline,Load Vendor Contract Versions,Reject Orphan Contract,WWI_Staging_DB,write,ERR.REJECTEDLOOKUPFAILURE,staging-err,SQL Server Staging,True,direct
DIM_Load_VendorContract,07_dimensions,4,Microsoft.ExecuteSQLTask,Expire Lapsed Contracts,,,write,DIMENSION.VENDOR CONTRACT,dw-dimension,SQL Server DW,True,direct
DIM_Load_VendorContract,07_dimensions,5,Microsoft.ExecuteSQLTask,Apply Contract Attribute Overwrites,,,exec,INTEGRATION.MIGRATESTAGEDVENDORCONTRACTDATA,dw-integration,SQL Server DW,False,direct
DIM_Load_VendorContract,07_dimensions,6,Microsoft.ExecuteSQLTask,Log Rejected Records,,,exec,ETL.USP_LOGREJECTEDRECORD,etl-control,ETL control,False,direct
DIM_Load_VendorContract,07_dimensions,7,Microsoft.ExecuteSQLTask,Log Row Counts,,,exec,ETL.USP_LOGROWCOUNT,etl-control,ETL control,False,direct
DIM_Load_VendorContract,07_dimensions,8,Microsoft.ExecuteSQLTask,Log Package Success,,,exec,ETL.USP_LOGPACKAGEEND,etl-control,ETL control,False,direct
DIM_Load_VendorContract,07_dimensions,9,Microsoft.ExecuteSQLTask,Log Error,,,exec,ETL.USP_LOGERROR,etl-control,ETL control,False,direct
DIM_Load_VendorContract,07_dimensions,10,Microsoft.ExecuteSQLTask,Mark Execution Failed,,,exec,ETL.USP_LOGPACKAGEEND,etl-control,ETL control,False,direct
DIM_NA_Load_Customer,07_dimensions,2,Microsoft.ExecuteSQLTask,Log Package Start,,,exec,ETL.USP_LOGPACKAGESTART,etl-control,ETL control,False,direct
DIM_NA_Load_Customer,07_dimensions,3,Microsoft.ExecuteSQLTask,Ensure Unknown Member,,,exec,INTEGRATION.ENSUREUNKNOWNMEMBERS,dw-integration,SQL Server DW,False,direct
DIM_NA_Load_Customer,07_dimensions,4,Microsoft.ExecuteSQLTask,Clear Customer Work Table,,,write,WORK.CUSTOMERDEDUP,staging-work,SQL Server Staging,True,direct
DIM_NA_Load_Customer,07_dimensions,5,Microsoft.Pipeline,Load Customer NA Versions,stg Customer NA,WWI_Staging_DB,read,STG.CUSTOMER,staging-stg,SQL Server Staging,True,direct
DIM_NA_Load_Customer,07_dimensions,5,Microsoft.Pipeline,Load Customer NA Versions,Lookup Current Customer Version,WWI_DW_Destination_DB,read,DIMENSION.CUSTOMER,dw-dimension,SQL Server DW,True,direct
DIM_NA_Load_Customer,07_dimensions,5,Microsoft.Pipeline,Load Customer NA Versions,Lookup Current Customer Version,WWI_DW_Destination_DB,lookup,DIMENSION.CUSTOMER,dw-dimension,SQL Server DW,True,direct
DIM_NA_Load_Customer,07_dimensions,5,Microsoft.Pipeline,Load Customer NA Versions,Reject Source Errors,WWI_Staging_DB,write,ERR.REJECTEDCUSTOMER,staging-err,SQL Server Staging,True,direct
DIM_NA_Load_Customer,07_dimensions,5,Microsoft.Pipeline,Load Customer NA Versions,Insert New Customer Version,WWI_DW_Destination_DB,write,DIMENSION.CUSTOMER,dw-dimension,SQL Server DW,True,direct
DIM_NA_Load_Customer,07_dimensions,5,Microsoft.Pipeline,Load Customer NA Versions,Insert Type 2 Version,WWI_DW_Destination_DB,write,DIMENSION.CUSTOMER,dw-dimension,SQL Server DW,True,direct
DIM_NA_Load_Customer,07_dimensions,5,Microsoft.Pipeline,Load Customer NA Versions,Enrich Inferred Customer,WWI_Staging_DB,write,WORK.CUSTOMERDEDUP,staging-work,SQL Server Staging,True,direct
DIM_NA_Load_Customer,07_dimensions,5,Microsoft.Pipeline,Load Customer NA Versions,Reject Unusable Address,WWI_Staging_DB,write,ERR.REJECTEDCUSTOMER,staging-err,SQL Server Staging,True,direct
DIM_NA_Load_Customer,07_dimensions,6,Microsoft.ExecuteSQLTask,Close Out Superseded Versions,,,read,DIMENSION.CUSTOMER,dw-dimension,SQL Server DW,True,direct
DIM_NA_Load_Customer,07_dimensions,6,Microsoft.ExecuteSQLTask,Close Out Superseded Versions,,,write,DIMENSION.CUSTOMER,dw-dimension,SQL Server DW,True,direct
DIM_NA_Load_Customer,07_dimensions,7,Microsoft.ExecuteSQLTask,Apply Inferred Member Enrichment,,,exec,INTEGRATION.MIGRATESTAGEDCUSTOMERDATAV2,dw-integration,SQL Server DW,False,direct
DIM_NA_Load_Customer,07_dimensions,8,Microsoft.ExecuteSQLTask,Log Rejected Records,,,exec,ETL.USP_LOGREJECTEDRECORD,etl-control,ETL control,False,direct
DIM_NA_Load_Customer,07_dimensions,9,Microsoft.ExecuteSQLTask,Log Row Counts,,,exec,ETL.USP_LOGROWCOUNT,etl-control,ETL control,False,direct
DIM_NA_Load_Customer,07_dimensions,10,Microsoft.ExecuteSQLTask,Log Package Success,,,exec,ETL.USP_LOGPACKAGEEND,etl-control,ETL control,False,direct
DIM_NA_Load_Customer,07_dimensions,11,Microsoft.ExecuteSQLTask,Log Error,,,exec,ETL.USP_LOGERROR,etl-control,ETL control,False,direct
DIM_NA_Load_Customer,07_dimensions,12,Microsoft.ExecuteSQLTask,Mark Execution Failed,,,exec,ETL.USP_LOGPACKAGEEND,etl-control,ETL control,False,direct
DIM_Rekey_LateArriving,07_dimensions,2,Microsoft.ExecuteSQLTask,Log Package Start,,,exec,ETL.USP_LOGPACKAGESTART,etl-control,ETL control,False,direct
DIM_Rekey_LateArriving,07_dimensions,3,Microsoft.ExecuteSQLTask,Measure Queue Depth,,,read,WORK.LATEARRIVINGDIMENSIONQUEUE,staging-work,SQL Server Staging,True,direct
DIM_Rekey_LateArriving,07_dimensions,4,Microsoft.ExecuteSQLTask,Clear Fact Rekey Queue,,,write,WORK.FACTREKEYQUEUE,staging-work,SQL Server Staging,True,direct
DIM_Rekey_LateArriving,07_dimensions,5,Microsoft.Pipeline,Classify Late Arriving Queue,work LateArrivingDimensionQueue,WWI_Staging_DB,read,WORK.LATEARRIVINGDIMENSIONQUEUE,staging-work,SQL Server Staging,True,direct
DIM_Rekey_LateArriving,07_dimensions,5,Microsoft.Pipeline,Classify Late Arriving Queue,Reject Source Errors,WWI_Staging_DB,write,ERR.REJECTEDLOOKUPFAILURE,staging-err,SQL Server Staging,True,direct
DIM_Rekey_LateArriving,07_dimensions,5,Microsoft.Pipeline,Classify Late Arriving Queue,Queue Customer Rekey,WWI_Staging_DB,write,WORK.FACTREKEYQUEUE,staging-work,SQL Server Staging,True,direct
DIM_Rekey_LateArriving,07_dimensions,5,Microsoft.Pipeline,Classify Late Arriving Queue,Queue Stock Item Rekey,WWI_Staging_DB,write,WORK.FACTREKEYQUEUE,staging-work,SQL Server Staging,True,direct
DIM_Rekey_LateArriving,07_dimensions,5,Microsoft.Pipeline,Classify Late Arriving Queue,Queue City Rekey,WWI_Staging_DB,write,WORK.FACTREKEYQUEUE,staging-work,SQL Server Staging,True,direct
DIM_Rekey_LateArriving,07_dimensions,5,Microsoft.Pipeline,Classify Late Arriving Queue,Queue Other Rekey,WWI_Staging_DB,write,WORK.FACTREKEYQUEUE,staging-work,SQL Server Staging,True,direct
DIM_Rekey_LateArriving,07_dimensions,5,Microsoft.Pipeline,Classify Late Arriving Queue,Escalate Stale Queue Entries,WWI_Staging_DB,write,ERR.REJECTEDLOOKUPFAILURE,staging-err,SQL Server Staging,True,direct
DIM_Rekey_LateArriving,07_dimensions,7,Microsoft.ExecuteSQLTask,Assign Surrogate Keys To Inferred Members,,,exec,INTEGRATION.REKEYLATEARRIVINGDIMENSIONS,dw-integration,SQL Server DW,False,direct
DIM_Rekey_LateArriving,07_dimensions,8,Microsoft.ExecuteSQLTask,Repoint Facts At Assigned Keys,,,exec,INTEGRATION.REKEYLATEARRIVINGDIMENSIONS,dw-integration,SQL Server DW,False,direct
DIM_Rekey_LateArriving,07_dimensions,9,Microsoft.ExecuteSQLTask,Count Remaining Unknown Member Facts,,,read,FACT.SALE,dw-fact,SQL Server DW,True,direct
DIM_Rekey_LateArriving,07_dimensions,10,Microsoft.ExecuteSQLTask,Close Resolved Queue Entries,,,read,WORK.FACTREKEYQUEUE,staging-work,SQL Server Staging,True,direct
DIM_Rekey_LateArriving,07_dimensions,10,Microsoft.ExecuteSQLTask,Close Resolved Queue Entries,,,read,WORK.LATEARRIVINGDIMENSIONQUEUE,staging-work,SQL Server Staging,True,direct
DIM_Rekey_LateArriving,07_dimensions,10,Microsoft.ExecuteSQLTask,Close Resolved Queue Entries,,,write,WORK.LATEARRIVINGDIMENSIONQUEUE,staging-work,SQL Server Staging,True,direct
DIM_Rekey_LateArriving,07_dimensions,11,Microsoft.ExecuteSQLTask,Log Rejected Records,,,exec,ETL.USP_LOGREJECTEDRECORD,etl-control,ETL control,False,direct
DIM_Rekey_LateArriving,07_dimensions,12,Microsoft.ExecuteSQLTask,Log Row Counts,,,exec,ETL.USP_LOGROWCOUNT,etl-control,ETL control,False,direct
DIM_Rekey_LateArriving,07_dimensions,13,Microsoft.ExecuteSQLTask,Log Package Success,,,exec,ETL.USP_LOGPACKAGEEND,etl-control,ETL control,False,direct
DIM_Rekey_LateArriving,07_dimensions,14,Microsoft.ExecuteSQLTask,Log Error,,,exec,ETL.USP_LOGERROR,etl-control,ETL control,False,direct
DIM_Rekey_LateArriving,07_dimensions,15,Microsoft.ExecuteSQLTask,Mark Execution Failed,,,exec,ETL.USP_LOGPACKAGEEND,etl-control,ETL control,False,direct
DQ_Customer_Screen,05_data_quality,1,Microsoft.ExecuteSQLTask,Log Package Start,,,exec,ETL.USP_LOGPACKAGESTART,etl-control,ETL control,False,direct
DQ_Customer_Screen,05_data_quality,2,Microsoft.ExecuteSQLTask,Measure Customer Null Rate,,,read,STG.CUSTOMER,staging-stg,SQL Server Staging,True,direct
DQ_Customer_Screen,05_data_quality,2,Microsoft.ExecuteSQLTask,Measure Customer Null Rate,,,write,ETL.DATAQUALITYRESULT,etl-control,ETL control,True,direct
DQ_Customer_Screen,05_data_quality,3,Microsoft.Pipeline,DFT Screen Customer,STG Customer,WWI_Staging_DB,read,STG.CUSTOMER,staging-stg,SQL Server Staging,True,direct
DQ_Customer_Screen,05_data_quality,3,Microsoft.Pipeline,DFT Screen Customer,Lookup Valid Country (Full Cache),WWI_Staging_DB,read,REF.COUNTRY,reference,SQL Server DW,False,direct
DQ_Customer_Screen,05_data_quality,3,Microsoft.Pipeline,DFT Screen Customer,Lookup Valid Country (Full Cache),WWI_Staging_DB,lookup,REF.COUNTRY,reference,SQL Server DW,False,direct
DQ_Customer_Screen,05_data_quality,3,Microsoft.Pipeline,DFT Screen Customer,ERR Customer Unknown Country,WWI_Staging_DB,write,ERR.REJECTEDCUSTOMER,staging-err,SQL Server Staging,True,direct
DQ_Customer_Screen,05_data_quality,3,Microsoft.Pipeline,DFT Screen Customer,ERR Customer Completeness,WWI_Staging_DB,write,ERR.REJECTEDCUSTOMER,staging-err,SQL Server Staging,True,direct
DQ_Customer_Screen,05_data_quality,3,Microsoft.Pipeline,DFT Screen Customer,ERR Customer Consent,WWI_Staging_DB,write,ERR.REJECTEDCUSTOMER,staging-err,SQL Server Staging,True,direct
DQ_Customer_Screen,05_data_quality,3,Microsoft.Pipeline,DFT Screen Customer,ERR Customer Region Mismatch,WWI_Staging_DB,write,ERR.REJECTEDCUSTOMER,staging-err,SQL Server Staging,True,direct
DQ_Customer_Screen,05_data_quality,3,Microsoft.Pipeline,DFT Screen Customer,DQ Customer Pass Log,WWI_Staging_DB,write,ETL.DATAQUALITYRESULT,etl-control,ETL control,True,direct
DQ_Customer_Screen,05_data_quality,4,Microsoft.ExecuteSQLTask,Register Quality Rejects - stg_Customer,,,read,ERR.REJECTEDCUSTOMER,staging-err,SQL Server Staging,True,direct
DQ_Customer_Screen,05_data_quality,4,Microsoft.ExecuteSQLTask,Register Quality Rejects - stg_Customer,,,write,ERR.REJECTEDCUSTOMER,staging-err,SQL Server Staging,True,direct
DQ_Customer_Screen,05_data_quality,4,Microsoft.ExecuteSQLTask,Register Quality Rejects - stg_Customer,,,exec,ETL.USP_LOGREJECTEDRECORD,etl-control,ETL control,False,direct
DQ_Customer_Screen,05_data_quality,5,Microsoft.ExecuteSQLTask,Evaluate Rules - CUSTOMER,,,exec,ETL.USP_EVALUATEDATAQUALITYRULES,etl-control,ETL control,False,direct
DQ_Customer_Screen,05_data_quality,6,Microsoft.ExecuteSQLTask,Log Row Counts,,,exec,ETL.USP_LOGROWCOUNT,etl-control,ETL control,False,direct
DQ_Customer_Screen,05_data_quality,7,Microsoft.ExecuteSQLTask,Warn On Customer Null Rate,,,exec,ETL.USP_LOGERROR,etl-control,ETL control,False,direct
DQ_Customer_Screen,05_data_quality,8,Microsoft.ExecuteSQLTask,Fail On Customer Rule Breach,,,exec,ETL.USP_LOGERROR,etl-control,ETL control,False,direct
DQ_Customer_Screen,05_data_quality,9,Microsoft.ExecuteSQLTask,Log Package Success,,,exec,ETL.USP_LOGPACKAGEEND,etl-control,ETL control,False,direct
DQ_Customer_Screen,05_data_quality,10,Microsoft.ExecuteSQLTask,Log Error,,,exec,ETL.USP_LOGERROR,etl-control,ETL control,False,direct
DQ_Customer_Screen,05_data_quality,11,Microsoft.ExecuteSQLTask,Mark Execution Failed,,,exec,ETL.USP_LOGPACKAGEEND,etl-control,ETL control,False,direct
DQ_File_Screen,05_data_quality,1,Microsoft.ExecuteSQLTask,Log Package Start,,,exec,ETL.USP_LOGPACKAGESTART,etl-control,ETL control,False,direct
DQ_File_Screen,05_data_quality,2,Microsoft.ExecuteSQLTask,Measure File Malformed Rate,,,read,RAW.FILEPARTNERSALES,staging-raw,SQL Server Staging,True,direct
DQ_File_Screen,05_data_quality,2,Microsoft.ExecuteSQLTask,Measure File Malformed Rate,,,write,ETL.DATAQUALITYRESULT,etl-control,ETL control,True,direct
DQ_File_Screen,05_data_quality,3,Microsoft.Pipeline,DFT Screen Partner File,RAW File Partner Sales,WWI_Staging_DB,read,RAW.FILEPARTNERSALES,staging-raw,SQL Server Staging,True,direct
DQ_File_Screen,05_data_quality,3,Microsoft.Pipeline,DFT Screen Partner File,ERR File Delimiters,WWI_Staging_DB,write,ERR.REJECTEDFILEROW,staging-err,SQL Server Staging,True,direct
DQ_File_Screen,05_data_quality,3,Microsoft.Pipeline,DFT Screen Partner File,ERR File Date,WWI_Staging_DB,write,ERR.REJECTEDFILEROW,staging-err,SQL Server Staging,True,direct
DQ_File_Screen,05_data_quality,3,Microsoft.Pipeline,DFT Screen Partner File,ERR File Amount,WWI_Staging_DB,write,ERR.REJECTEDFILEROW,staging-err,SQL Server Staging,True,direct
DQ_File_Screen,05_data_quality,3,Microsoft.Pipeline,DFT Screen Partner File,DQ File Pass Log,WWI_Staging_DB,write,ETL.DATAQUALITYRESULT,etl-control,ETL control,True,direct
DQ_File_Screen,05_data_quality,4,Microsoft.ExecuteSQLTask,Register Quality Rejects - raw_FilePartnerSales,,,read,ERR.REJECTEDFILEROW,staging-err,SQL Server Staging,True,direct
DQ_File_Screen,05_data_quality,4,Microsoft.ExecuteSQLTask,Register Quality Rejects - raw_FilePartnerSales,,,write,ERR.REJECTEDFILEROW,staging-err,SQL Server Staging,True,direct
DQ_File_Screen,05_data_quality,4,Microsoft.ExecuteSQLTask,Register Quality Rejects - raw_FilePartnerSales,,,exec,ETL.USP_LOGREJECTEDRECORD,etl-control,ETL control,False,direct
DQ_File_Screen,05_data_quality,5,Microsoft.ExecuteSQLTask,Evaluate Rules - FILEROW,,,exec,ETL.USP_EVALUATEDATAQUALITYRULES,etl-control,ETL control,False,direct
DQ_File_Screen,05_data_quality,6,Microsoft.ExecuteSQLTask,Log Row Counts,,,exec,ETL.USP_LOGROWCOUNT,etl-control,ETL control,False,direct
DQ_File_Screen,05_data_quality,7,Microsoft.ExecuteSQLTask,Warn On Malformed File Rows,,,exec,ETL.USP_LOGERROR,etl-control,ETL control,False,direct
DQ_File_Screen,05_data_quality,8,Microsoft.ExecuteSQLTask,Fail On File Structure Breach,,,exec,ETL.USP_LOGERROR,etl-control,ETL control,False,direct
DQ_File_Screen,05_data_quality,9,Microsoft.ExecuteSQLTask,Log Package Success,,,exec,ETL.USP_LOGPACKAGEEND,etl-control,ETL control,False,direct
DQ_File_Screen,05_data_quality,10,Microsoft.ExecuteSQLTask,Log Error,,,exec,ETL.USP_LOGERROR,etl-control,ETL control,False,direct
DQ_File_Screen,05_data_quality,11,Microsoft.ExecuteSQLTask,Mark Execution Failed,,,exec,ETL.USP_LOGPACKAGEEND,etl-control,ETL control,False,direct
DQ_InvoiceLine_Screen,05_data_quality,1,Microsoft.ExecuteSQLTask,Log Package Start,,,exec,ETL.USP_LOGPACKAGESTART,etl-control,ETL control,False,direct
DQ_InvoiceLine_Screen,05_data_quality,2,Microsoft.ExecuteSQLTask,Measure Invoice Tax Variance,,,read,STG.SALELINE,staging-stg,SQL Server Staging,True,direct
DQ_InvoiceLine_Screen,05_data_quality,2,Microsoft.ExecuteSQLTask,Measure Invoice Tax Variance,,,write,ETL.DATAQUALITYRESULT,etl-control,ETL control,True,direct
DQ_InvoiceLine_Screen,05_data_quality,3,Microsoft.Pipeline,DFT Screen Invoice Line,STG Sale Line,WWI_Staging_DB,read,STG.SALE,staging-stg,SQL Server Staging,True,direct
DQ_InvoiceLine_Screen,05_data_quality,3,Microsoft.Pipeline,DFT Screen Invoice Line,STG Sale Line,WWI_Staging_DB,read,STG.SALELINE,staging-stg,SQL Server Staging,True,direct
DQ_InvoiceLine_Screen,05_data_quality,3,Microsoft.Pipeline,DFT Screen Invoice Line,Lookup Currency Domain (Full Cache),WWI_Staging_DB,read,REF.CURRENCY,reference,SQL Server DW,False,direct
DQ_InvoiceLine_Screen,05_data_quality,3,Microsoft.Pipeline,DFT Screen Invoice Line,Lookup Currency Domain (Full Cache),WWI_Staging_DB,lookup,REF.CURRENCY,reference,SQL Server DW,False,direct
DQ_InvoiceLine_Screen,05_data_quality,3,Microsoft.Pipeline,DFT Screen Invoice Line,ERR Invoice Line Currency,WWI_Staging_DB,write,ERR.REJECTEDINVOICELINE,staging-err,SQL Server Staging,True,direct
DQ_InvoiceLine_Screen,05_data_quality,3,Microsoft.Pipeline,DFT Screen Invoice Line,ERR Invoice Line Tax,WWI_Staging_DB,write,ERR.REJECTEDINVOICELINE,staging-err,SQL Server Staging,True,direct
DQ_InvoiceLine_Screen,05_data_quality,3,Microsoft.Pipeline,DFT Screen Invoice Line,ERR Invoice Line Regime,WWI_Staging_DB,write,ERR.REJECTEDINVOICELINE,staging-err,SQL Server Staging,True,direct
DQ_InvoiceLine_Screen,05_data_quality,3,Microsoft.Pipeline,DFT Screen Invoice Line,ERR Invoice Line Minor Unit,WWI_Staging_DB,write,ERR.REJECTEDINVOICELINE,staging-err,SQL Server Staging,True,direct
DQ_InvoiceLine_Screen,05_data_quality,3,Microsoft.Pipeline,DFT Screen Invoice Line,DQ Invoice Line Pass Log,WWI_Staging_DB,write,ETL.DATAQUALITYRESULT,etl-control,ETL control,True,direct
DQ_InvoiceLine_Screen,05_data_quality,4,Microsoft.ExecuteSQLTask,Register Quality Rejects - stg_SaleLine,,,read,ERR.REJECTEDINVOICELINE,staging-err,SQL Server Staging,True,direct
DQ_InvoiceLine_Screen,05_data_quality,4,Microsoft.ExecuteSQLTask,Register Quality Rejects - stg_SaleLine,,,write,ERR.REJECTEDINVOICELINE,staging-err,SQL Server Staging,True,direct
DQ_InvoiceLine_Screen,05_data_quality,4,Microsoft.ExecuteSQLTask,Register Quality Rejects - stg_SaleLine,,,exec,ETL.USP_LOGREJECTEDRECORD,etl-control,ETL control,False,direct
DQ_InvoiceLine_Screen,05_data_quality,5,Microsoft.ExecuteSQLTask,Evaluate Rules - INVOICELINE,,,exec,ETL.USP_EVALUATEDATAQUALITYRULES,etl-control,ETL control,False,direct
DQ_InvoiceLine_Screen,05_data_quality,6,Microsoft.ExecuteSQLTask,Log Row Counts,,,exec,ETL.USP_LOGROWCOUNT,etl-control,ETL control,False,direct
DQ_InvoiceLine_Screen,05_data_quality,7,Microsoft.ExecuteSQLTask,Warn On Aggregate Tax Variance,,,exec,ETL.USP_LOGERROR,etl-control,ETL control,False,direct
DQ_InvoiceLine_Screen,05_data_quality,8,Microsoft.ExecuteSQLTask,Fail On Invoice Line Rule Breach,,,exec,ETL.USP_LOGERROR,etl-control,ETL control,False,direct
DQ_InvoiceLine_Screen,05_data_quality,9,Microsoft.ExecuteSQLTask,Log Package Success,,,exec,ETL.USP_LOGPACKAGEEND,etl-control,ETL control,False,direct
DQ_InvoiceLine_Screen,05_data_quality,10,Microsoft.ExecuteSQLTask,Log Error,,,exec,ETL.USP_LOGERROR,etl-control,ETL control,False,direct
DQ_InvoiceLine_Screen,05_data_quality,11,Microsoft.ExecuteSQLTask,Mark Execution Failed,,,exec,ETL.USP_LOGPACKAGEEND,etl-control,ETL control,False,direct
DQ_OrderLine_Screen,05_data_quality,1,Microsoft.ExecuteSQLTask,Log Package Start,,,exec,ETL.USP_LOGPACKAGESTART,etl-control,ETL control,False,direct
DQ_OrderLine_Screen,05_data_quality,2,Microsoft.ExecuteSQLTask,Measure Order Line Reject Rate,,,read,STG.ORDERLINE,staging-stg,SQL Server Staging,True,direct
DQ_OrderLine_Screen,05_data_quality,2,Microsoft.ExecuteSQLTask,Measure Order Line Reject Rate,,,write,ETL.DATAQUALITYRESULT,etl-control,ETL control,True,direct
DQ_OrderLine_Screen,05_data_quality,3,Microsoft.Pipeline,DFT Screen Order Line,STG Order Line,WWI_Staging_DB,read,STG.ORDER,staging-stg,SQL Server Staging,True,direct
DQ_OrderLine_Screen,05_data_quality,3,Microsoft.Pipeline,DFT Screen Order Line,STG Order Line,WWI_Staging_DB,read,STG.ORDERLINE,staging-stg,SQL Server Staging,True,direct
DQ_OrderLine_Screen,05_data_quality,3,Microsoft.Pipeline,DFT Screen Order Line,Lookup Order Customer (No Cache),WWI_Staging_DB,read,STG.CUSTOMER,staging-stg,SQL Server Staging,True,direct
DQ_OrderLine_Screen,05_data_quality,3,Microsoft.Pipeline,DFT Screen Order Line,Lookup Order Customer (No Cache),WWI_Staging_DB,lookup,STG.CUSTOMER,staging-stg,SQL Server Staging,True,direct
DQ_OrderLine_Screen,05_data_quality,3,Microsoft.Pipeline,DFT Screen Order Line,ERR Order Line Customer Lookup,WWI_Staging_DB,write,ERR.REJECTEDLOOKUPFAILURE,staging-err,SQL Server Staging,True,direct
DQ_OrderLine_Screen,05_data_quality,3,Microsoft.Pipeline,DFT Screen Order Line,ERR Order Line Quantity,WWI_Staging_DB,write,ERR.REJECTEDORDERLINE,staging-err,SQL Server Staging,True,direct
DQ_OrderLine_Screen,05_data_quality,3,Microsoft.Pipeline,DFT Screen Order Line,ERR Order Line Price Outlier,WWI_Staging_DB,write,ERR.REJECTEDORDERLINE,staging-err,SQL Server Staging,True,direct
DQ_OrderLine_Screen,05_data_quality,3,Microsoft.Pipeline,DFT Screen Order Line,ERR Order Line Extension,WWI_Staging_DB,write,ERR.REJECTEDORDERLINE,staging-err,SQL Server Staging,True,direct
DQ_OrderLine_Screen,05_data_quality,3,Microsoft.Pipeline,DFT Screen Order Line,DQ Order Line Pass Log,WWI_Staging_DB,write,ETL.DATAQUALITYRESULT,etl-control,ETL control,True,direct
DQ_OrderLine_Screen,05_data_quality,4,Microsoft.ExecuteSQLTask,Register Quality Rejects - stg_OrderLine,,,read,ERR.REJECTEDORDERLINE,staging-err,SQL Server Staging,True,direct
DQ_OrderLine_Screen,05_data_quality,4,Microsoft.ExecuteSQLTask,Register Quality Rejects - stg_OrderLine,,,write,ERR.REJECTEDORDERLINE,staging-err,SQL Server Staging,True,direct
DQ_OrderLine_Screen,05_data_quality,4,Microsoft.ExecuteSQLTask,Register Quality Rejects - stg_OrderLine,,,exec,ETL.USP_LOGREJECTEDRECORD,etl-control,ETL control,False,direct
DQ_OrderLine_Screen,05_data_quality,5,Microsoft.ExecuteSQLTask,Evaluate Rules - ORDERLINE,,,exec,ETL.USP_EVALUATEDATAQUALITYRULES,etl-control,ETL control,False,direct
DQ_OrderLine_Screen,05_data_quality,6,Microsoft.ExecuteSQLTask,Log Row Counts,,,exec,ETL.USP_LOGROWCOUNT,etl-control,ETL control,False,direct
DQ_OrderLine_Screen,05_data_quality,7,Microsoft.ExecuteSQLTask,Warn On Order Line Reject Rate,,,exec,ETL.USP_LOGERROR,etl-control,ETL control,False,direct
DQ_OrderLine_Screen,05_data_quality,8,Microsoft.ExecuteSQLTask,Fail On Order Line Rule Breach,,,exec,ETL.USP_LOGERROR,etl-control,ETL control,False,direct
DQ_OrderLine_Screen,05_data_quality,9,Microsoft.ExecuteSQLTask,Log Package Success,,,exec,ETL.USP_LOGPACKAGEEND,etl-control,ETL control,False,direct
DQ_OrderLine_Screen,05_data_quality,10,Microsoft.ExecuteSQLTask,Log Error,,,exec,ETL.USP_LOGERROR,etl-control,ETL control,False,direct
DQ_OrderLine_Screen,05_data_quality,11,Microsoft.ExecuteSQLTask,Mark Execution Failed,,,exec,ETL.USP_LOGPACKAGEEND,etl-control,ETL control,False,direct
DQ_Payment_Screen,05_data_quality,1,Microsoft.ExecuteSQLTask,Log Package Start,,,exec,ETL.USP_LOGPACKAGESTART,etl-control,ETL control,False,direct
DQ_Payment_Screen,05_data_quality,2,Microsoft.ExecuteSQLTask,Measure Orphan Payment Rate,,,read,STG.PAYMENT,staging-stg,SQL Server Staging,True,direct
DQ_Payment_Screen,05_data_quality,2,Microsoft.ExecuteSQLTask,Measure Orphan Payment Rate,,,read,WORK.PAYMENTMATCHED,staging-work,SQL Server Staging,True,direct
DQ_Payment_Screen,05_data_quality,2,Microsoft.ExecuteSQLTask,Measure Orphan Payment Rate,,,write,ETL.DATAQUALITYRESULT,etl-control,ETL control,True,direct
DQ_Payment_Screen,05_data_quality,3,Microsoft.Pipeline,DFT Screen Payment,STG Payment With Match,WWI_Staging_DB,read,STG.PAYMENT,staging-stg,SQL Server Staging,True,direct
DQ_Payment_Screen,05_data_quality,3,Microsoft.Pipeline,DFT Screen Payment,STG Payment With Match,WWI_Staging_DB,read,WORK.PAYMENTMATCHED,staging-work,SQL Server Staging,True,direct
DQ_Payment_Screen,05_data_quality,3,Microsoft.Pipeline,DFT Screen Payment,ERR Payment Method Outlier,WWI_Staging_DB,write,ERR.REJECTEDPAYMENT,staging-err,SQL Server Staging,True,direct
DQ_Payment_Screen,05_data_quality,3,Microsoft.Pipeline,DFT Screen Payment,DQ Payment Summary Log,WWI_Staging_DB,write,ETL.DATAQUALITYRESULT,etl-control,ETL control,True,direct
DQ_Payment_Screen,05_data_quality,4,Microsoft.ExecuteSQLTask,Register Quality Rejects - stg_Payment,,,read,ERR.REJECTEDPAYMENT,staging-err,SQL Server Staging,True,direct
DQ_Payment_Screen,05_data_quality,4,Microsoft.ExecuteSQLTask,Register Quality Rejects - stg_Payment,,,write,ERR.REJECTEDPAYMENT,staging-err,SQL Server Staging,True,direct
DQ_Payment_Screen,05_data_quality,4,Microsoft.ExecuteSQLTask,Register Quality Rejects - stg_Payment,,,exec,ETL.USP_LOGREJECTEDRECORD,etl-control,ETL control,False,direct
DQ_Payment_Screen,05_data_quality,5,Microsoft.ExecuteSQLTask,Evaluate Rules - PAYMENT,,,exec,ETL.USP_EVALUATEDATAQUALITYRULES,etl-control,ETL control,False,direct
DQ_Payment_Screen,05_data_quality,6,Microsoft.ExecuteSQLTask,Log Row Counts,,,exec,ETL.USP_LOGROWCOUNT,etl-control,ETL control,False,direct
DQ_Payment_Screen,05_data_quality,7,Microsoft.ExecuteSQLTask,Warn On Orphan Payments,,,exec,ETL.USP_LOGERROR,etl-control,ETL control,False,direct
DQ_Payment_Screen,05_data_quality,8,Microsoft.ExecuteSQLTask,Fail On Payment Rule Breach,,,exec,ETL.USP_LOGERROR,etl-control,ETL control,False,direct
DQ_Payment_Screen,05_data_quality,9,Microsoft.ExecuteSQLTask,Log Package Success,,,exec,ETL.USP_LOGPACKAGEEND,etl-control,ETL control,False,direct
DQ_Payment_Screen,05_data_quality,10,Microsoft.ExecuteSQLTask,Log Error,,,exec,ETL.USP_LOGERROR,etl-control,ETL control,False,direct
DQ_Payment_Screen,05_data_quality,11,Microsoft.ExecuteSQLTask,Mark Execution Failed,,,exec,ETL.USP_LOGPACKAGEEND,etl-control,ETL control,False,direct
DQ_Referential_Screen,05_data_quality,1,Microsoft.ExecuteSQLTask,Log Package Start,,,exec,ETL.USP_LOGPACKAGESTART,etl-control,ETL control,False,direct
DQ_Referential_Screen,05_data_quality,2,Microsoft.ExecuteSQLTask,Measure Orphan Key Count,,,read,STG.ORDERLINE,staging-stg,SQL Server Staging,True,direct
DQ_Referential_Screen,05_data_quality,2,Microsoft.ExecuteSQLTask,Measure Orphan Key Count,,,read,STG.STOCKITEM,staging-stg,SQL Server Staging,True,direct
DQ_Referential_Screen,05_data_quality,2,Microsoft.ExecuteSQLTask,Measure Orphan Key Count,,,write,ETL.DATAQUALITYRESULT,etl-control,ETL control,True,direct
DQ_Referential_Screen,05_data_quality,3,Microsoft.Pipeline,DFT Order Line Referential,STG Order Line Keys,WWI_Staging_DB,read,STG.ORDERLINE,staging-stg,SQL Server Staging,True,direct
DQ_Referential_Screen,05_data_quality,3,Microsoft.Pipeline,DFT Order Line Referential,Lookup Stock Item Key (Full Cache),WWI_Staging_DB,read,STG.STOCKITEM,staging-stg,SQL Server Staging,True,direct
DQ_Referential_Screen,05_data_quality,3,Microsoft.Pipeline,DFT Order Line Referential,Lookup Stock Item Key (Full Cache),WWI_Staging_DB,lookup,STG.STOCKITEM,staging-stg,SQL Server Staging,True,direct
DQ_Referential_Screen,05_data_quality,3,Microsoft.Pipeline,DFT Order Line Referential,Lookup Package Type (Full Cache),WWI_Staging_DB,read,REF.PACKAGETYPE,reference,SQL Server DW,False,direct
DQ_Referential_Screen,05_data_quality,3,Microsoft.Pipeline,DFT Order Line Referential,Lookup Package Type (Full Cache),WWI_Staging_DB,lookup,REF.PACKAGETYPE,reference,SQL Server DW,False,direct
DQ_Referential_Screen,05_data_quality,3,Microsoft.Pipeline,DFT Order Line Referential,ERR Order Orphan Stock Item,WWI_Staging_DB,write,ERR.REJECTEDLOOKUPFAILURE,staging-err,SQL Server Staging,True,direct
DQ_Referential_Screen,05_data_quality,3,Microsoft.Pipeline,DFT Order Line Referential,ERR Order Orphan Package Type,WWI_Staging_DB,write,ERR.REJECTEDLOOKUPFAILURE,staging-err,SQL Server Staging,True,direct
DQ_Referential_Screen,05_data_quality,3,Microsoft.Pipeline,DFT Order Line Referential,DQ Order Referential Log,WWI_Staging_DB,write,ETL.DATAQUALITYRESULT,etl-control,ETL control,True,direct
DQ_Referential_Screen,05_data_quality,4,Microsoft.Pipeline,DFT Sale Line Referential,STG Sale Line Keys,WWI_Staging_DB,read,STG.SALE,staging-stg,SQL Server Staging,True,direct
DQ_Referential_Screen,05_data_quality,4,Microsoft.Pipeline,DFT Sale Line Referential,STG Sale Line Keys,WWI_Staging_DB,read,STG.SALELINE,staging-stg,SQL Server Staging,True,direct
DQ_Referential_Screen,05_data_quality,4,Microsoft.Pipeline,DFT Sale Line Referential,Lookup Sale Currency (Full Cache),WWI_Staging_DB,read,REF.CURRENCY,reference,SQL Server DW,False,direct
DQ_Referential_Screen,05_data_quality,4,Microsoft.Pipeline,DFT Sale Line Referential,Lookup Sale Currency (Full Cache),WWI_Staging_DB,lookup,REF.CURRENCY,reference,SQL Server DW,False,direct
DQ_Referential_Screen,05_data_quality,4,Microsoft.Pipeline,DFT Sale Line Referential,Lookup Sales Territory (Partial Cache),WWI_Staging_DB,read,STG.SALESTERRITORY,staging-stg,SQL Server Staging,True,direct
DQ_Referential_Screen,05_data_quality,4,Microsoft.Pipeline,DFT Sale Line Referential,Lookup Sales Territory (Partial Cache),WWI_Staging_DB,lookup,STG.SALESTERRITORY,staging-stg,SQL Server Staging,True,direct
DQ_Referential_Screen,05_data_quality,4,Microsoft.Pipeline,DFT Sale Line Referential,ERR Sale Orphan Currency,WWI_Staging_DB,write,ERR.REJECTEDLOOKUPFAILURE,staging-err,SQL Server Staging,True,direct
DQ_Referential_Screen,05_data_quality,4,Microsoft.Pipeline,DFT Sale Line Referential,ERR Sale Orphan Territory,WWI_Staging_DB,write,ERR.REJECTEDLOOKUPFAILURE,staging-err,SQL Server Staging,True,direct
DQ_Referential_Screen,05_data_quality,4,Microsoft.Pipeline,DFT Sale Line Referential,DQ Sale Referential Log,WWI_Staging_DB,write,ETL.DATAQUALITYRESULT,etl-control,ETL control,True,direct
DQ_Referential_Screen,05_data_quality,5,Microsoft.ExecuteSQLTask,Register Quality Rejects - stg_OrderLine,,,read,ERR.REJECTEDLOOKUPFAILURE,staging-err,SQL Server Staging,True,direct
DQ_Referential_Screen,05_data_quality,5,Microsoft.ExecuteSQLTask,Register Quality Rejects - stg_OrderLine,,,write,ERR.REJECTEDLOOKUPFAILURE,staging-err,SQL Server Staging,True,direct
DQ_Referential_Screen,05_data_quality,5,Microsoft.ExecuteSQLTask,Register Quality Rejects - stg_OrderLine,,,exec,ETL.USP_LOGREJECTEDRECORD,etl-control,ETL control,False,direct
DQ_Referential_Screen,05_data_quality,6,Microsoft.ExecuteSQLTask,Evaluate Rules - REFERENTIAL,,,exec,ETL.USP_EVALUATEDATAQUALITYRULES,etl-control,ETL control,False,direct
DQ_Referential_Screen,05_data_quality,7,Microsoft.ExecuteSQLTask,Log Row Counts,,,exec,ETL.USP_LOGROWCOUNT,etl-control,ETL control,False,direct
DQ_Referential_Screen,05_data_quality,8,Microsoft.ExecuteSQLTask,Warn On Orphan Keys,,,exec,ETL.USP_LOGERROR,etl-control,ETL control,False,direct
DQ_Referential_Screen,05_data_quality,9,Microsoft.ExecuteSQLTask,Fail On Excessive Orphans,,,exec,ETL.USP_LOGERROR,etl-control,ETL control,False,direct
DQ_Referential_Screen,05_data_quality,10,Microsoft.ExecuteSQLTask,Log Package Success,,,exec,ETL.USP_LOGPACKAGEEND,etl-control,ETL control,False,direct
DQ_Referential_Screen,05_data_quality,11,Microsoft.ExecuteSQLTask,Log Error,,,exec,ETL.USP_LOGERROR,etl-control,ETL control,False,direct
DQ_Referential_Screen,05_data_quality,12,Microsoft.ExecuteSQLTask,Mark Execution Failed,,,exec,ETL.USP_LOGPACKAGEEND,etl-control,ETL control,False,direct
DQ_Reject_Reprocess,05_data_quality,1,Microsoft.ExecuteSQLTask,Log Package Start,,,exec,ETL.USP_LOGPACKAGESTART,etl-control,ETL control,False,direct
DQ_Reject_Reprocess,05_data_quality,2,Microsoft.Pipeline,DFT Reprocess Rejects,ERR Rejected Lookup Failure,WWI_Staging_DB,read,ERR.REJECTEDLOOKUPFAILURE,staging-err,SQL Server Staging,True,direct
DQ_Reject_Reprocess,05_data_quality,2,Microsoft.Pipeline,DFT Reprocess Rejects,Re-Lookup Stock Item (No Cache),WWI_Staging_DB,read,STG.STOCKITEM,staging-stg,SQL Server Staging,True,direct
DQ_Reject_Reprocess,05_data_quality,2,Microsoft.Pipeline,DFT Reprocess Rejects,Re-Lookup Stock Item (No Cache),WWI_Staging_DB,lookup,STG.STOCKITEM,staging-stg,SQL Server Staging,True,direct
DQ_Reject_Reprocess,05_data_quality,2,Microsoft.Pipeline,DFT Reprocess Rejects,ERR Reject Still Unresolved,WWI_Staging_DB,write,ERR.REJECTEDLOOKUPFAILURE,staging-err,SQL Server Staging,True,direct
DQ_Reject_Reprocess,05_data_quality,2,Microsoft.Pipeline,DFT Reprocess Rejects,ERR Reject Aged Out,WWI_Staging_DB,write,ERR.REJECTEDLOOKUPFAILURE,staging-err,SQL Server Staging,True,direct
DQ_Reject_Reprocess,05_data_quality,2,Microsoft.Pipeline,DFT Reprocess Rejects,STG OrderLine Replay,WWI_Staging_DB,write,STG.ORDERLINE,staging-stg,SQL Server Staging,True,direct
DQ_Reject_Reprocess,05_data_quality,3,Microsoft.ExecuteSQLTask,Register Quality Rejects - err_RejectedLookupFailure,,,read,ERR.REJECTEDLOOKUPFAILURE,staging-err,SQL Server Staging,True,direct
DQ_Reject_Reprocess,05_data_quality,3,Microsoft.ExecuteSQLTask,Register Quality Rejects - err_RejectedLookupFailure,,,write,ERR.REJECTEDLOOKUPFAILURE,staging-err,SQL Server Staging,True,direct
DQ_Reject_Reprocess,05_data_quality,3,Microsoft.ExecuteSQLTask,Register Quality Rejects - err_RejectedLookupFailure,,,exec,ETL.USP_LOGREJECTEDRECORD,etl-control,ETL control,False,direct
DQ_Reject_Reprocess,05_data_quality,4,Microsoft.ExecuteSQLTask,Close Reprocessed Rejects,,,read,STG.STOCKITEM,staging-stg,SQL Server Staging,True,direct
DQ_Reject_Reprocess,05_data_quality,4,Microsoft.ExecuteSQLTask,Close Reprocessed Rejects,,,write,ERR.REJECTEDLOOKUPFAILURE,staging-err,SQL Server Staging,True,direct
DQ_Reject_Reprocess,05_data_quality,5,Microsoft.ExecuteSQLTask,Evaluate Rules - REPROCESS,,,exec,ETL.USP_EVALUATEDATAQUALITYRULES,etl-control,ETL control,False,direct
DQ_Reject_Reprocess,05_data_quality,6,Microsoft.ExecuteSQLTask,Log Row Counts,,,exec,ETL.USP_LOGROWCOUNT,etl-control,ETL control,False,direct
DQ_Reject_Reprocess,05_data_quality,7,Microsoft.ExecuteSQLTask,Warn On Persistent Rejects,,,exec,ETL.USP_LOGERROR,etl-control,ETL control,False,direct
DQ_Reject_Reprocess,05_data_quality,8,Microsoft.ExecuteSQLTask,Log Package Success,,,exec,ETL.USP_LOGPACKAGEEND,etl-control,ETL control,False,direct
DQ_Reject_Reprocess,05_data_quality,9,Microsoft.ExecuteSQLTask,Log Error,,,exec,ETL.USP_LOGERROR,etl-control,ETL control,False,direct
DQ_Reject_Reprocess,05_data_quality,10,Microsoft.ExecuteSQLTask,Mark Execution Failed,,,exec,ETL.USP_LOGPACKAGEEND,etl-control,ETL control,False,direct
DQ_Rule_Engine,05_data_quality,1,Microsoft.ExecuteSQLTask,Log Package Start,,,exec,ETL.USP_LOGPACKAGESTART,etl-control,ETL control,False,direct
DQ_Rule_Engine,05_data_quality,2,Microsoft.Pipeline,DFT Load Rule Set,ETL DataQualityRule,WWI_Staging_DB,read,ETL.DATAQUALITYRULE,etl-control,ETL control,True,direct
DQ_Rule_Engine,05_data_quality,2,Microsoft.Pipeline,DFT Load Rule Set,ERR Empty Rule Group,WWI_Staging_DB,write,ERR.REJECTEDCONSTRAINTVIOLATION,staging-err,SQL Server Staging,True,direct
DQ_Rule_Engine,05_data_quality,2,Microsoft.Pipeline,DFT Load Rule Set,ETL DataQualityResult Rule Inventory,WWI_Staging_DB,write,ETL.DATAQUALITYRESULT,etl-control,ETL control,True,direct
DQ_Rule_Engine,05_data_quality,3,Microsoft.ExecuteSQLTask,Register Quality Rejects - etl_DataQualityResult,,,read,ERR.REJECTEDCONSTRAINTVIOLATION,staging-err,SQL Server Staging,True,direct
DQ_Rule_Engine,05_data_quality,3,Microsoft.ExecuteSQLTask,Register Quality Rejects - etl_DataQualityResult,,,write,ERR.REJECTEDCONSTRAINTVIOLATION,staging-err,SQL Server Staging,True,direct
DQ_Rule_Engine,05_data_quality,3,Microsoft.ExecuteSQLTask,Register Quality Rejects - etl_DataQualityResult,,,exec,ETL.USP_LOGREJECTEDRECORD,etl-control,ETL control,False,direct
DQ_Rule_Engine,05_data_quality,4,Microsoft.ExecuteSQLTask,Evaluate Each Configured Rule,,,read,ETL.DATAQUALITYRULE,etl-control,ETL control,True,direct
DQ_Rule_Engine,05_data_quality,4,Microsoft.ExecuteSQLTask,Evaluate Each Configured Rule,,,write,ETL.DATAQUALITYRESULT,etl-control,ETL control,True,direct
DQ_Rule_Engine,05_data_quality,5,Microsoft.ExecuteSQLTask,Count Failing Rules,,,read,ETL.DATAQUALITYRESULT,etl-control,ETL control,True,direct
DQ_Rule_Engine,05_data_quality,5,Microsoft.ExecuteSQLTask,Count Failing Rules,,,read,ETL.DATAQUALITYRULE,etl-control,ETL control,True,direct
DQ_Rule_Engine,05_data_quality,6,Microsoft.ExecuteSQLTask,Log Row Counts,,,exec,ETL.USP_LOGROWCOUNT,etl-control,ETL control,False,direct
DQ_Rule_Engine,05_data_quality,7,Microsoft.ExecuteSQLTask,Warn On Failing Rules,,,exec,ETL.USP_LOGERROR,etl-control,ETL control,False,direct
DQ_Rule_Engine,05_data_quality,8,Microsoft.ExecuteSQLTask,Fail On Blocking Rule Set,,,exec,ETL.USP_LOGERROR,etl-control,ETL control,False,direct
DQ_Rule_Engine,05_data_quality,9,Microsoft.ExecuteSQLTask,Log Package Success,,,exec,ETL.USP_LOGPACKAGEEND,etl-control,ETL control,False,direct
DQ_Rule_Engine,05_data_quality,10,Microsoft.ExecuteSQLTask,Log Error,,,exec,ETL.USP_LOGERROR,etl-control,ETL control,False,direct
DQ_Rule_Engine,05_data_quality,11,Microsoft.ExecuteSQLTask,Mark Execution Failed,,,exec,ETL.USP_LOGPACKAGEEND,etl-control,ETL control,False,direct
DQ_Supplier_Screen,05_data_quality,1,Microsoft.ExecuteSQLTask,Log Package Start,,,exec,ETL.USP_LOGPACKAGESTART,etl-control,ETL control,False,direct
DQ_Supplier_Screen,05_data_quality,2,Microsoft.ExecuteSQLTask,Measure Supplier Duplicate Rate,,,read,STG.SUPPLIER,staging-stg,SQL Server Staging,True,direct
DQ_Supplier_Screen,05_data_quality,2,Microsoft.ExecuteSQLTask,Measure Supplier Duplicate Rate,,,write,ETL.DATAQUALITYRESULT,etl-control,ETL control,True,direct
DQ_Supplier_Screen,05_data_quality,3,Microsoft.Pipeline,DFT Screen Supplier,STG Supplier,WWI_Staging_DB,read,STG.SUPPLIER,staging-stg,SQL Server Staging,True,direct
DQ_Supplier_Screen,05_data_quality,3,Microsoft.Pipeline,DFT Screen Supplier,ERR Supplier Duplicate Tax Id,WWI_Staging_DB,write,ERR.REJECTEDSUPPLIER,staging-err,SQL Server Staging,True,direct
DQ_Supplier_Screen,05_data_quality,3,Microsoft.Pipeline,DFT Screen Supplier,ERR Supplier Missing Tax Id,WWI_Staging_DB,write,ERR.REJECTEDSUPPLIER,staging-err,SQL Server Staging,True,direct
DQ_Supplier_Screen,05_data_quality,3,Microsoft.Pipeline,DFT Screen Supplier,DQ Supplier Pass Log,WWI_Staging_DB,write,ETL.DATAQUALITYRESULT,etl-control,ETL control,True,direct
DQ_Supplier_Screen,05_data_quality,4,Microsoft.ExecuteSQLTask,Register Quality Rejects - stg_Supplier,,,read,ERR.REJECTEDSUPPLIER,staging-err,SQL Server Staging,True,direct
DQ_Supplier_Screen,05_data_quality,4,Microsoft.ExecuteSQLTask,Register Quality Rejects - stg_Supplier,,,write,ERR.REJECTEDSUPPLIER,staging-err,SQL Server Staging,True,direct
DQ_Supplier_Screen,05_data_quality,4,Microsoft.ExecuteSQLTask,Register Quality Rejects - stg_Supplier,,,exec,ETL.USP_LOGREJECTEDRECORD,etl-control,ETL control,False,direct
DQ_Supplier_Screen,05_data_quality,5,Microsoft.ExecuteSQLTask,Evaluate Rules - SUPPLIER,,,exec,ETL.USP_EVALUATEDATAQUALITYRULES,etl-control,ETL control,False,direct
DQ_Supplier_Screen,05_data_quality,6,Microsoft.ExecuteSQLTask,Log Row Counts,,,exec,ETL.USP_LOGROWCOUNT,etl-control,ETL control,False,direct
DQ_Supplier_Screen,05_data_quality,7,Microsoft.ExecuteSQLTask,Warn On Supplier Duplicates,,,exec,ETL.USP_LOGERROR,etl-control,ETL control,False,direct
DQ_Supplier_Screen,05_data_quality,8,Microsoft.ExecuteSQLTask,Fail On Supplier Rule Breach,,,exec,ETL.USP_LOGERROR,etl-control,ETL control,False,direct
DQ_Supplier_Screen,05_data_quality,9,Microsoft.ExecuteSQLTask,Log Package Success,,,exec,ETL.USP_LOGPACKAGEEND,etl-control,ETL control,False,direct
DQ_Supplier_Screen,05_data_quality,10,Microsoft.ExecuteSQLTask,Log Error,,,exec,ETL.USP_LOGERROR,etl-control,ETL control,False,direct
DQ_Supplier_Screen,05_data_quality,11,Microsoft.ExecuteSQLTask,Mark Execution Failed,,,exec,ETL.USP_LOGPACKAGEEND,etl-control,ETL control,False,direct
DQ_Threshold_Gate,05_data_quality,1,Microsoft.ExecuteSQLTask,Log Package Start,,,exec,ETL.USP_LOGPACKAGESTART,etl-control,ETL control,False,direct
DQ_Threshold_Gate,05_data_quality,2,Microsoft.ExecuteSQLTask,Measure Batch Reject Rate,,,read,ETL.PACKAGEEXECUTION,etl-control,ETL control,True,direct
DQ_Threshold_Gate,05_data_quality,2,Microsoft.ExecuteSQLTask,Measure Batch Reject Rate,,,read,ETL.ROWCOUNTAUDIT,etl-control,ETL control,True,direct
DQ_Threshold_Gate,05_data_quality,2,Microsoft.ExecuteSQLTask,Measure Batch Reject Rate,,,write,ETL.DATAQUALITYRESULT,etl-control,ETL control,True,direct
DQ_Threshold_Gate,05_data_quality,3,Microsoft.Pipeline,DFT Reconcile Control Totals,ETL RowCountAudit,WWI_Staging_DB,read,ETL.PACKAGEEXECUTION,etl-control,ETL control,True,direct
DQ_Threshold_Gate,05_data_quality,3,Microsoft.Pipeline,DFT Reconcile Control Totals,ETL RowCountAudit,WWI_Staging_DB,read,ETL.ROWCOUNTAUDIT,etl-control,ETL control,True,direct
DQ_Threshold_Gate,05_data_quality,3,Microsoft.Pipeline,DFT Reconcile Control Totals,ETL ReconciliationResult Empty,WWI_Staging_DB,write,ETL.RECONCILIATIONRESULT,etl-control,ETL control,True,direct
DQ_Threshold_Gate,05_data_quality,3,Microsoft.Pipeline,DFT Reconcile Control Totals,ERR Reconciliation Breach,WWI_Staging_DB,write,ERR.REJECTEDCONSTRAINTVIOLATION,staging-err,SQL Server Staging,True,direct
DQ_Threshold_Gate,05_data_quality,3,Microsoft.Pipeline,DFT Reconcile Control Totals,ETL ReconciliationResult,WWI_Staging_DB,write,ETL.RECONCILIATIONRESULT,etl-control,ETL control,True,direct
DQ_Threshold_Gate,05_data_quality,4,Microsoft.ExecuteSQLTask,Register Quality Rejects - etl_RowCountAudit,,,read,ERR.REJECTEDCONSTRAINTVIOLATION,staging-err,SQL Server Staging,True,direct
DQ_Threshold_Gate,05_data_quality,4,Microsoft.ExecuteSQLTask,Register Quality Rejects - etl_RowCountAudit,,,write,ERR.REJECTEDCONSTRAINTVIOLATION,staging-err,SQL Server Staging,True,direct
DQ_Threshold_Gate,05_data_quality,4,Microsoft.ExecuteSQLTask,Register Quality Rejects - etl_RowCountAudit,,,exec,ETL.USP_LOGREJECTEDRECORD,etl-control,ETL control,False,direct
DQ_Threshold_Gate,05_data_quality,5,Microsoft.ExecuteSQLTask,Assert Row Count Reconciliation,,,exec,ETL.USP_ASSERTROWCOUNTRECONCILIATION,etl-control,ETL control,False,direct
DQ_Threshold_Gate,05_data_quality,6,Microsoft.ExecuteSQLTask,Publish Quality Scorecard,,,read,ETL.DATAQUALITYRESULT,etl-control,ETL control,True,direct
DQ_Threshold_Gate,05_data_quality,6,Microsoft.ExecuteSQLTask,Publish Quality Scorecard,,,read,ETL.DATAQUALITYRULE,etl-control,ETL control,True,direct
DQ_Threshold_Gate,05_data_quality,6,Microsoft.ExecuteSQLTask,Publish Quality Scorecard,,,write,ETL.DATAQUALITYRESULT,etl-control,ETL control,True,direct
DQ_Threshold_Gate,05_data_quality,7,Microsoft.ExecuteSQLTask,Log Row Counts,,,exec,ETL.USP_LOGROWCOUNT,etl-control,ETL control,False,direct
DQ_Threshold_Gate,05_data_quality,8,Microsoft.ExecuteSQLTask,Warn On Reject Rate,,,exec,ETL.USP_LOGERROR,etl-control,ETL control,False,direct
DQ_Threshold_Gate,05_data_quality,9,Microsoft.ExecuteSQLTask,Fail On Reject Rate,,,exec,ETL.USP_LOGERROR,etl-control,ETL control,False,direct
DQ_Threshold_Gate,05_data_quality,10,Microsoft.ExecuteSQLTask,Fail On Reconciliation Breach,,,exec,ETL.USP_LOGERROR,etl-control,ETL control,False,direct
DQ_Threshold_Gate,05_data_quality,11,Microsoft.ExecuteSQLTask,Fail On Low Quality Score,,,exec,ETL.USP_LOGERROR,etl-control,ETL control,False,direct
DQ_Threshold_Gate,05_data_quality,12,Microsoft.ExecuteSQLTask,Log Package Success,,,exec,ETL.USP_LOGPACKAGEEND,etl-control,ETL control,False,direct
DQ_Threshold_Gate,05_data_quality,13,Microsoft.ExecuteSQLTask,Log Error,,,exec,ETL.USP_LOGERROR,etl-control,ETL control,False,direct
DQ_Threshold_Gate,05_data_quality,14,Microsoft.ExecuteSQLTask,Mark Execution Failed,,,exec,ETL.USP_LOGPACKAGEEND,etl-control,ETL control,False,direct
ERR_Handle_PackageFailure,15_error_handling,1,Microsoft.ExecuteSQLTask,Log Package Start,,,exec,ETL.USP_LOGPACKAGESTART,etl-control,ETL control,False,direct
ERR_Handle_PackageFailure,15_error_handling,3,Microsoft.ExecuteSQLTask,Log Error,,,exec,ETL.USP_LOGERROR,etl-control,ETL control,False,direct
ERR_Handle_PackageFailure,15_error_handling,5,Microsoft.ExecuteSQLTask,Close Failed Batch Step,,,write,ETL.BATCHSTEP,etl-control,ETL control,True,direct
ERR_Handle_PackageFailure,15_error_handling,6,Microsoft.ExecuteSQLTask,Close Package Execution,,,write,ETL.PACKAGEEXECUTION,etl-control,ETL control,True,direct
ERR_Handle_PackageFailure,15_error_handling,7,Microsoft.ExecuteSQLTask,Fail Batch,,,exec,ETL.USP_ENDBATCH,etl-control,ETL control,False,direct
ERR_Handle_PackageFailure,15_error_handling,8,Microsoft.ExecuteSQLTask,Mark Batch Retryable,,,write,ETL.BATCH,etl-control,ETL control,True,direct
ERR_Handle_PackageFailure,15_error_handling,9,Microsoft.ExecuteSQLTask,Log Row Counts,,,exec,ETL.USP_LOGROWCOUNT,etl-control,ETL control,False,direct
ERR_Handle_PackageFailure,15_error_handling,10,Microsoft.ExecuteSQLTask,Log Package Success,,,exec,ETL.USP_LOGPACKAGEEND,etl-control,ETL control,False,direct
ERR_Handle_PackageFailure,15_error_handling,11,Microsoft.ExecuteSQLTask,Log Error,,,exec,ETL.USP_LOGERROR,etl-control,ETL control,False,direct
ERR_Handle_PackageFailure,15_error_handling,12,Microsoft.ExecuteSQLTask,Mark Execution Failed,,,exec,ETL.USP_LOGPACKAGEEND,etl-control,ETL control,False,direct
ERR_Notify_Operations,15_error_handling,1,Microsoft.ExecuteSQLTask,Log Package Start,,,exec,ETL.USP_LOGPACKAGESTART,etl-control,ETL control,False,direct
ERR_Notify_Operations,15_error_handling,2,Microsoft.ExecuteSQLTask,Assess Batch Outcome,,,read,ETL.BATCHSTEP,etl-control,ETL control,True,direct
ERR_Notify_Operations,15_error_handling,3,Microsoft.ExecuteSQLTask,Raise Operator Notification,,,read,ETL.BATCH,etl-control,ETL control,True,direct
ERR_Notify_Operations,15_error_handling,3,Microsoft.ExecuteSQLTask,Raise Operator Notification,,,read,ETL.BATCHSTEP,etl-control,ETL control,True,direct
ERR_Notify_Operations,15_error_handling,3,Microsoft.ExecuteSQLTask,Raise Operator Notification,,,read,ETL.ERRORLOG,etl-control,ETL control,True,direct
ERR_Notify_Operations,15_error_handling,3,Microsoft.ExecuteSQLTask,Raise Operator Notification,,,read,ETL.OPERATORNOTIFICATION,etl-control,ETL control,False,direct
ERR_Notify_Operations,15_error_handling,3,Microsoft.ExecuteSQLTask,Raise Operator Notification,,,write,ETL.OPERATORNOTIFICATION,etl-control,ETL control,False,direct
ERR_Notify_Operations,15_error_handling,4,Microsoft.ExecuteSQLTask,Raise Warning Notification,,,read,ETL.REJECTEDRECORD,etl-control,ETL control,True,direct
ERR_Notify_Operations,15_error_handling,4,Microsoft.ExecuteSQLTask,Raise Warning Notification,,,write,ETL.OPERATORNOTIFICATION,etl-control,ETL control,False,direct
ERR_Notify_Operations,15_error_handling,5,Microsoft.ExecuteSQLTask,Count Notifications,,,read,ETL.OPERATORNOTIFICATION,etl-control,ETL control,False,direct
ERR_Notify_Operations,15_error_handling,6,Microsoft.ExecuteSQLTask,Log Row Counts,,,exec,ETL.USP_LOGROWCOUNT,etl-control,ETL control,False,direct
ERR_Notify_Operations,15_error_handling,7,Microsoft.ExecuteSQLTask,Log Package Success,,,exec,ETL.USP_LOGPACKAGEEND,etl-control,ETL control,False,direct
ERR_Notify_Operations,15_error_handling,8,Microsoft.ExecuteSQLTask,Log Error,,,exec,ETL.USP_LOGERROR,etl-control,ETL control,False,direct
ERR_Notify_Operations,15_error_handling,9,Microsoft.ExecuteSQLTask,Mark Execution Failed,,,exec,ETL.USP_LOGPACKAGEEND,etl-control,ETL control,False,direct
ERR_Quarantine_BadFiles,15_error_handling,1,Microsoft.ExecuteSQLTask,Log Package Start,,,exec,ETL.USP_LOGPACKAGESTART,etl-control,ETL control,False,direct
ERR_Quarantine_BadFiles,15_error_handling,2,Microsoft.ExecuteSQLTask,Gather Bad Files,,,read,ETL.INBOUNDFILEREGISTER,etl-control,ETL control,False,direct
ERR_Quarantine_BadFiles,15_error_handling,2,Microsoft.ExecuteSQLTask,Gather Bad Files,,,write,WORK.BADFILEQUEUE,staging-work,SQL Server Staging,False,direct
ERR_Quarantine_BadFiles,15_error_handling,3,Microsoft.ExecuteSQLTask,Count Bad Files,,,read,WORK.BADFILEQUEUE,staging-work,SQL Server Staging,False,direct
ERR_Quarantine_BadFiles,15_error_handling,5,Microsoft.ExecuteSQLTask,Register Quarantined File,,,write,WORK.BADFILEQUEUE,staging-work,SQL Server Staging,False,direct
ERR_Quarantine_BadFiles,15_error_handling,8,Microsoft.ExecuteSQLTask,Mark Register Quarantined,,,read,ETL.INBOUNDFILEREGISTER,etl-control,ETL control,False,direct
ERR_Quarantine_BadFiles,15_error_handling,8,Microsoft.ExecuteSQLTask,Mark Register Quarantined,,,read,WORK.BADFILEQUEUE,staging-work,SQL Server Staging,False,direct
ERR_Quarantine_BadFiles,15_error_handling,8,Microsoft.ExecuteSQLTask,Mark Register Quarantined,,,write,ETL.INBOUNDFILEREGISTER,etl-control,ETL control,False,direct
ERR_Quarantine_BadFiles,15_error_handling,9,Microsoft.ExecuteSQLTask,Notify Quarantine,,,read,WORK.BADFILEQUEUE,staging-work,SQL Server Staging,False,direct
ERR_Quarantine_BadFiles,15_error_handling,9,Microsoft.ExecuteSQLTask,Notify Quarantine,,,write,ETL.OPERATORNOTIFICATION,etl-control,ETL control,False,direct
ERR_Quarantine_BadFiles,15_error_handling,10,Microsoft.ExecuteSQLTask,Log Row Counts,,,exec,ETL.USP_LOGROWCOUNT,etl-control,ETL control,False,direct
ERR_Quarantine_BadFiles,15_error_handling,11,Microsoft.ExecuteSQLTask,Log Package Success,,,exec,ETL.USP_LOGPACKAGEEND,etl-control,ETL control,False,direct
ERR_Quarantine_BadFiles,15_error_handling,12,Microsoft.ExecuteSQLTask,Log Error,,,exec,ETL.USP_LOGERROR,etl-control,ETL control,False,direct
ERR_Quarantine_BadFiles,15_error_handling,13,Microsoft.ExecuteSQLTask,Mark Execution Failed,,,exec,ETL.USP_LOGPACKAGEEND,etl-control,ETL control,False,direct
ERR_Reconcile_RowCounts,15_error_handling,1,Microsoft.ExecuteSQLTask,Log Package Start,,,exec,ETL.USP_LOGPACKAGESTART,etl-control,ETL control,False,direct
ERR_Reconcile_RowCounts,15_error_handling,2,Microsoft.ExecuteSQLTask,Truncate work_RowCountReconciliation,,,write,WORK.ROWCOUNTRECONCILIATION,staging-work,SQL Server Staging,False,direct
ERR_Reconcile_RowCounts,15_error_handling,3,Microsoft.ExecuteSQLTask,Build Reconciliation Set,,,read,ETL.REJECTEDRECORD,etl-control,ETL control,True,direct
ERR_Reconcile_RowCounts,15_error_handling,3,Microsoft.ExecuteSQLTask,Build Reconciliation Set,,,read,ETL.ROWCOUNTAUDIT,etl-control,ETL control,True,direct
ERR_Reconcile_RowCounts,15_error_handling,3,Microsoft.ExecuteSQLTask,Build Reconciliation Set,,,read,ETL.ROWCOUNTTOLERANCE,etl-control,ETL control,False,direct
ERR_Reconcile_RowCounts,15_error_handling,3,Microsoft.ExecuteSQLTask,Build Reconciliation Set,,,write,WORK.ROWCOUNTRECONCILIATION,staging-work,SQL Server Staging,False,direct
ERR_Reconcile_RowCounts,15_error_handling,4,Microsoft.Pipeline,Evaluate Reconciliation,work RowCountReconciliation,WWI_Staging_DB,read,WORK.ROWCOUNTRECONCILIATION,staging-work,SQL Server Staging,False,direct
ERR_Reconcile_RowCounts,15_error_handling,4,Microsoft.Pipeline,Evaluate Reconciliation,work RowCountFailure,WWI_Staging_DB,write,WORK.ROWCOUNTFAILURE,staging-work,SQL Server Staging,False,direct
ERR_Reconcile_RowCounts,15_error_handling,4,Microsoft.Pipeline,Evaluate Reconciliation,etl ReconciliationResult,WWI_Staging_DB,write,ETL.RECONCILIATIONRESULT,etl-control,ETL control,True,direct
ERR_Reconcile_RowCounts,15_error_handling,5,Microsoft.ExecuteSQLTask,Measure Reconciliation Outcome,,,read,ETL.RECONCILIATIONRESULT,etl-control,ETL control,True,direct
ERR_Reconcile_RowCounts,15_error_handling,5,Microsoft.ExecuteSQLTask,Measure Reconciliation Outcome,,,read,WORK.ROWCOUNTFAILURE,staging-work,SQL Server Staging,False,direct
ERR_Reconcile_RowCounts,15_error_handling,6,Microsoft.ExecuteSQLTask,Assert Row Count Reconciliation,,,exec,ETL.USP_ASSERTROWCOUNTRECONCILIATION,etl-control,ETL control,False,direct
ERR_Reconcile_RowCounts,15_error_handling,7,Microsoft.ExecuteSQLTask,Log Row Counts,,,exec,ETL.USP_LOGROWCOUNT,etl-control,ETL control,False,direct
ERR_Reconcile_RowCounts,15_error_handling,8,Microsoft.ExecuteSQLTask,Log Package Success,,,exec,ETL.USP_LOGPACKAGEEND,etl-control,ETL control,False,direct
ERR_Reconcile_RowCounts,15_error_handling,9,Microsoft.ExecuteSQLTask,Log Error,,,exec,ETL.USP_LOGERROR,etl-control,ETL control,False,direct
ERR_Reconcile_RowCounts,15_error_handling,10,Microsoft.ExecuteSQLTask,Mark Execution Failed,,,exec,ETL.USP_LOGPACKAGEEND,etl-control,ETL control,False,direct
ERR_Retry_FailedSteps,15_error_handling,1,Microsoft.ExecuteSQLTask,Log Package Start,,,exec,ETL.USP_LOGPACKAGESTART,etl-control,ETL control,False,direct
ERR_Retry_FailedSteps,15_error_handling,3,Microsoft.ExecuteSQLTask,Find Retryable Steps,,,read,ETL.BATCHSTEP,etl-control,ETL control,True,direct
ERR_Retry_FailedSteps,15_error_handling,7,Microsoft.ExecuteSQLTask,Reset Steps For Retry (Retry Sweep),,,write,ETL.BATCHSTEP,etl-control,ETL control,True,direct
ERR_Retry_FailedSteps,15_error_handling,8,Microsoft.ExecuteSQLTask,Request Step Rerun (Retry Sweep),,,read,ETL.BATCHSTEP,etl-control,ETL control,True,direct
ERR_Retry_FailedSteps,15_error_handling,8,Microsoft.ExecuteSQLTask,Request Step Rerun (Retry Sweep),,,write,ETL.BATCHSTEPRERUNREQUEST,etl-control,ETL control,False,direct
ERR_Retry_FailedSteps,15_error_handling,9,Microsoft.ExecuteSQLTask,Recheck Retryable Steps (Retry Sweep),,,read,ETL.BATCHSTEP,etl-control,ETL control,True,direct
ERR_Retry_FailedSteps,15_error_handling,12,Microsoft.ExecuteSQLTask,Reset Steps For Retry (Retry Sweep Final),,,write,ETL.BATCHSTEP,etl-control,ETL control,True,direct
ERR_Retry_FailedSteps,15_error_handling,13,Microsoft.ExecuteSQLTask,Request Step Rerun (Retry Sweep Final),,,read,ETL.BATCHSTEP,etl-control,ETL control,True,direct
ERR_Retry_FailedSteps,15_error_handling,13,Microsoft.ExecuteSQLTask,Request Step Rerun (Retry Sweep Final),,,write,ETL.BATCHSTEPRERUNREQUEST,etl-control,ETL control,False,direct
ERR_Retry_FailedSteps,15_error_handling,14,Microsoft.ExecuteSQLTask,Recheck Retryable Steps (Retry Sweep Final),,,read,ETL.BATCHSTEP,etl-control,ETL control,True,direct
ERR_Retry_FailedSteps,15_error_handling,16,Microsoft.ExecuteSQLTask,Record Retry Attempt,,,write,ETL.BATCHSTEP,etl-control,ETL control,True,direct
ERR_Retry_FailedSteps,15_error_handling,18,Microsoft.ExecuteSQLTask,Mark Retries Exhausted,,,write,ETL.BATCHSTEP,etl-control,ETL control,True,direct
ERR_Retry_FailedSteps,15_error_handling,19,Microsoft.ExecuteSQLTask,Count Still Failing Steps,,,read,ETL.BATCHSTEP,etl-control,ETL control,True,direct
ERR_Retry_FailedSteps,15_error_handling,20,Microsoft.ExecuteSQLTask,Log Row Counts,,,exec,ETL.USP_LOGROWCOUNT,etl-control,ETL control,False,direct
ERR_Retry_FailedSteps,15_error_handling,21,Microsoft.ExecuteSQLTask,Log Package Success,,,exec,ETL.USP_LOGPACKAGEEND,etl-control,ETL control,False,direct
ERR_Retry_FailedSteps,15_error_handling,22,Microsoft.ExecuteSQLTask,Log Error,,,exec,ETL.USP_LOGERROR,etl-control,ETL control,False,direct
ERR_Retry_FailedSteps,15_error_handling,23,Microsoft.ExecuteSQLTask,Mark Execution Failed,,,exec,ETL.USP_LOGPACKAGEEND,etl-control,ETL control,False,direct
ERR_Route_RejectedRows,15_error_handling,1,Microsoft.ExecuteSQLTask,Log Package Start,,,exec,ETL.USP_LOGPACKAGESTART,etl-control,ETL control,False,direct
ERR_Route_RejectedRows,15_error_handling,2,Microsoft.ExecuteSQLTask,Truncate work_RejectRoutingSet,,,write,WORK.REJECTROUTINGSET,staging-work,SQL Server Staging,False,direct
ERR_Route_RejectedRows,15_error_handling,3,Microsoft.ExecuteSQLTask,Gather Unrouted Rejects,,,read,ETL.REJECTEDRECORD,etl-control,ETL control,True,direct
ERR_Route_RejectedRows,15_error_handling,3,Microsoft.ExecuteSQLTask,Gather Unrouted Rejects,,,read,WORK.REJECTROUTINGHISTORY,staging-work,SQL Server Staging,False,direct
ERR_Route_RejectedRows,15_error_handling,3,Microsoft.ExecuteSQLTask,Gather Unrouted Rejects,,,write,WORK.REJECTROUTINGSET,staging-work,SQL Server Staging,False,direct
ERR_Route_RejectedRows,15_error_handling,5,Microsoft.Pipeline,Route Rejects To Share,work RejectRoutingSet,WWI_Staging_DB,read,WORK.REJECTROUTINGSET,staging-work,SQL Server Staging,False,direct
ERR_Route_RejectedRows,15_error_handling,5,Microsoft.Pipeline,Route Rejects To Share,work RejectEscalation,WWI_Staging_DB,write,WORK.REJECTESCALATION,staging-work,SQL Server Staging,False,direct
ERR_Route_RejectedRows,15_error_handling,5,Microsoft.Pipeline,Route Rejects To Share,work RejectRoutingHistory,WWI_Staging_DB,write,WORK.REJECTROUTINGHISTORY,staging-work,SQL Server Staging,False,direct
ERR_Route_RejectedRows,15_error_handling,6,Microsoft.ExecuteSQLTask,Escalate Aged Rejects,,,read,WORK.REJECTESCALATION,staging-work,SQL Server Staging,False,direct
ERR_Route_RejectedRows,15_error_handling,6,Microsoft.ExecuteSQLTask,Escalate Aged Rejects,,,write,ETL.OPERATORNOTIFICATION,etl-control,ETL control,False,direct
ERR_Route_RejectedRows,15_error_handling,7,Microsoft.ExecuteSQLTask,Count Escalations,,,read,WORK.REJECTESCALATION,staging-work,SQL Server Staging,False,direct
ERR_Route_RejectedRows,15_error_handling,8,Microsoft.ExecuteSQLTask,Log Row Counts,,,exec,ETL.USP_LOGROWCOUNT,etl-control,ETL control,False,direct
ERR_Route_RejectedRows,15_error_handling,9,Microsoft.ExecuteSQLTask,Log Package Success,,,exec,ETL.USP_LOGPACKAGEEND,etl-control,ETL control,False,direct
ERR_Route_RejectedRows,15_error_handling,10,Microsoft.ExecuteSQLTask,Log Error,,,exec,ETL.USP_LOGERROR,etl-control,ETL control,False,direct
ERR_Route_RejectedRows,15_error_handling,11,Microsoft.ExecuteSQLTask,Mark Execution Failed,,,exec,ETL.USP_LOGPACKAGEEND,etl-control,ETL control,False,direct
EXT_ORA_ApAging,01_oracle_extract,2,Microsoft.ExecuteSQLTask,Log Package Start,,,exec,ETL.USP_LOGPACKAGESTART,etl-control,ETL control,False,direct
EXT_ORA_ApAging,01_oracle_extract,3,Microsoft.ExecuteSQLTask,Clear Current Snapshot,,,read,RAW.ORACLEAPINVOICEHDR,staging-raw,SQL Server Staging,True,direct
EXT_ORA_ApAging,01_oracle_extract,3,Microsoft.ExecuteSQLTask,Clear Current Snapshot,,,write,RAW.ORACLEAPINVOICEHDR,staging-raw,SQL Server Staging,True,direct
EXT_ORA_ApAging,01_oracle_extract,4,Microsoft.Pipeline,Load AP Aging Snapshot,ORA V_AP_AGING_CURRENT,WWI_Oracle_ERP,read,WWI_FIN.V_AP_AGING_CURRENT,oracle,Oracle,True,direct
EXT_ORA_ApAging,01_oracle_extract,4,Microsoft.Pipeline,Load AP Aging Snapshot,raw OracleApInvoiceHdr Aging,WWI_Staging_DB,write,RAW.ORACLEAPINVOICEHDR,staging-raw,SQL Server Staging,True,direct
EXT_ORA_ApAging,01_oracle_extract,5,Microsoft.ExecuteSQLTask,Log Row Counts,,,exec,ETL.USP_LOGROWCOUNT,etl-control,ETL control,False,direct
EXT_ORA_ApAging,01_oracle_extract,6,Microsoft.ExecuteSQLTask,Log Package Success,,,exec,ETL.USP_LOGPACKAGEEND,etl-control,ETL control,False,direct
EXT_ORA_ApAging,01_oracle_extract,7,Microsoft.ExecuteSQLTask,Log Error,,,exec,ETL.USP_LOGERROR,etl-control,ETL control,False,direct
EXT_ORA_ApAging,01_oracle_extract,8,Microsoft.ExecuteSQLTask,Mark Execution Failed,,,exec,ETL.USP_LOGPACKAGEEND,etl-control,ETL control,False,direct
EXT_ORA_ApInvoiceHdr,01_oracle_extract,2,Microsoft.ExecuteSQLTask,Log Package Start,,,exec,ETL.USP_LOGPACKAGESTART,etl-control,ETL control,False,direct
EXT_ORA_ApInvoiceHdr,01_oracle_extract,3,Microsoft.ExecuteSQLTask,Get Watermark,,,exec,ETL.USP_GETWATERMARK,etl-control,ETL control,False,direct
EXT_ORA_ApInvoiceHdr,01_oracle_extract,4,Microsoft.Pipeline,Extract AP Invoice Headers,ORA V_AP_INVOICE_EXTRACT,WWI_Oracle_ERP,read,WWI_FIN.AP_INVOICE_HOLD,oracle,Oracle,True,direct
EXT_ORA_ApInvoiceHdr,01_oracle_extract,4,Microsoft.Pipeline,Extract AP Invoice Headers,ORA V_AP_INVOICE_EXTRACT,WWI_Oracle_ERP,read,WWI_FIN.V_AP_INVOICE_EXTRACT,oracle,Oracle,True,direct
EXT_ORA_ApInvoiceHdr,01_oracle_extract,4,Microsoft.Pipeline,Extract AP Invoice Headers,err RejectedConstraintViolation,WWI_Staging_DB,write,ERR.REJECTEDCONSTRAINTVIOLATION,staging-err,SQL Server Staging,True,direct
EXT_ORA_ApInvoiceHdr,01_oracle_extract,4,Microsoft.Pipeline,Extract AP Invoice Headers,raw OracleApInvoiceHdr,WWI_Staging_DB,write,RAW.ORACLEAPINVOICEHDR,staging-raw,SQL Server Staging,True,direct
EXT_ORA_ApInvoiceHdr,01_oracle_extract,5,Microsoft.ExecuteSQLTask,Count Suppressed Holds,,,read,WWI_FIN.AP_INVOICE_HOLD,oracle,Oracle,True,direct
EXT_ORA_ApInvoiceHdr,01_oracle_extract,6,Microsoft.ExecuteSQLTask,Set Watermark,,,exec,ETL.USP_SETWATERMARK,etl-control,ETL control,False,direct
EXT_ORA_ApInvoiceHdr,01_oracle_extract,7,Microsoft.ExecuteSQLTask,Log Row Counts,,,exec,ETL.USP_LOGROWCOUNT,etl-control,ETL control,False,direct
EXT_ORA_ApInvoiceHdr,01_oracle_extract,8,Microsoft.ExecuteSQLTask,Log Package Success,,,exec,ETL.USP_LOGPACKAGEEND,etl-control,ETL control,False,direct
EXT_ORA_ApInvoiceHdr,01_oracle_extract,9,Microsoft.ExecuteSQLTask,Log Error,,,exec,ETL.USP_LOGERROR,etl-control,ETL control,False,direct
EXT_ORA_ApInvoiceHdr,01_oracle_extract,10,Microsoft.ExecuteSQLTask,Mark Execution Failed,,,exec,ETL.USP_LOGPACKAGEEND,etl-control,ETL control,False,direct
EXT_ORA_ApInvoiceLine,01_oracle_extract,2,Microsoft.ExecuteSQLTask,Log Package Start,,,exec,ETL.USP_LOGPACKAGESTART,etl-control,ETL control,False,direct
EXT_ORA_ApInvoiceLine,01_oracle_extract,3,Microsoft.ExecuteSQLTask,Get Watermark,,,exec,ETL.USP_GETWATERMARK,etl-control,ETL control,False,direct
EXT_ORA_ApInvoiceLine,01_oracle_extract,4,Microsoft.Pipeline,Extract AP Invoice Lines,ORA AP_INVOICE_LINE,WWI_Oracle_ERP,read,WWI_FIN.AP_INVOICE_HDR,oracle,Oracle,True,direct
EXT_ORA_ApInvoiceLine,01_oracle_extract,4,Microsoft.Pipeline,Extract AP Invoice Lines,ORA AP_INVOICE_LINE,WWI_Oracle_ERP,read,WWI_FIN.AP_INVOICE_LINE,oracle,Oracle,True,direct
EXT_ORA_ApInvoiceLine,01_oracle_extract,4,Microsoft.Pipeline,Extract AP Invoice Lines,Lookup Cost Center,WWI_Staging_DB,read,RAW.ORACLECOSTCENTER,staging-raw,SQL Server Staging,True,direct
EXT_ORA_ApInvoiceLine,01_oracle_extract,4,Microsoft.Pipeline,Extract AP Invoice Lines,Lookup Cost Center,WWI_Staging_DB,lookup,RAW.ORACLECOSTCENTER,staging-raw,SQL Server Staging,True,direct
EXT_ORA_ApInvoiceLine,01_oracle_extract,4,Microsoft.Pipeline,Extract AP Invoice Lines,err RejectedInvoiceLine,WWI_Staging_DB,write,ERR.REJECTEDINVOICELINE,staging-err,SQL Server Staging,True,direct
EXT_ORA_ApInvoiceLine,01_oracle_extract,4,Microsoft.Pipeline,Extract AP Invoice Lines,raw OracleApInvoiceLine,WWI_Staging_DB,write,RAW.ORACLEAPINVOICELINE,staging-raw,SQL Server Staging,True,direct
EXT_ORA_ApInvoiceLine,01_oracle_extract,5,Microsoft.ExecuteSQLTask,Set Watermark,,,exec,ETL.USP_SETWATERMARK,etl-control,ETL control,False,direct
EXT_ORA_ApInvoiceLine,01_oracle_extract,6,Microsoft.ExecuteSQLTask,Log Row Counts,,,exec,ETL.USP_LOGROWCOUNT,etl-control,ETL control,False,direct
EXT_ORA_ApInvoiceLine,01_oracle_extract,7,Microsoft.ExecuteSQLTask,Log Package Success,,,exec,ETL.USP_LOGPACKAGEEND,etl-control,ETL control,False,direct
EXT_ORA_ApInvoiceLine,01_oracle_extract,8,Microsoft.ExecuteSQLTask,Log Error,,,exec,ETL.USP_LOGERROR,etl-control,ETL control,False,direct
EXT_ORA_ApInvoiceLine,01_oracle_extract,9,Microsoft.ExecuteSQLTask,Mark Execution Failed,,,exec,ETL.USP_LOGPACKAGEEND,etl-control,ETL control,False,direct
EXT_ORA_ApPayment,01_oracle_extract,2,Microsoft.ExecuteSQLTask,Log Package Start,,,exec,ETL.USP_LOGPACKAGESTART,etl-control,ETL control,False,direct
EXT_ORA_ApPayment,01_oracle_extract,3,Microsoft.ExecuteSQLTask,Get Watermark,,,exec,ETL.USP_GETWATERMARK,etl-control,ETL control,False,direct
EXT_ORA_ApPayment,01_oracle_extract,4,Microsoft.Pipeline,Extract AP Payments,ORA V_AP_PAYMENT_EXTRACT,WWI_Oracle_ERP,read,WWI_FIN.V_AP_PAYMENT_EXTRACT,oracle,Oracle,True,direct
EXT_ORA_ApPayment,01_oracle_extract,4,Microsoft.Pipeline,Extract AP Payments,ORA V_AP_PAYMENT_EXTRACT,WWI_Oracle_ERP,read,WWI_REF.FX_RATE_DAILY,oracle,Oracle,True,direct
EXT_ORA_ApPayment,01_oracle_extract,4,Microsoft.Pipeline,Extract AP Payments,raw OracleApPayment,WWI_Staging_DB,write,RAW.ORACLEAPPAYMENT,staging-raw,SQL Server Staging,True,direct
EXT_ORA_ApPayment,01_oracle_extract,4,Microsoft.Pipeline,Extract AP Payments,err RejectedPayment,WWI_Staging_DB,write,ERR.REJECTEDPAYMENT,staging-err,SQL Server Staging,True,direct
EXT_ORA_ApPayment,01_oracle_extract,5,Microsoft.ExecuteSQLTask,Set Watermark,,,exec,ETL.USP_SETWATERMARK,etl-control,ETL control,False,direct
EXT_ORA_ApPayment,01_oracle_extract,6,Microsoft.ExecuteSQLTask,Log Row Counts,,,exec,ETL.USP_LOGROWCOUNT,etl-control,ETL control,False,direct
EXT_ORA_ApPayment,01_oracle_extract,7,Microsoft.ExecuteSQLTask,Log Package Success,,,exec,ETL.USP_LOGPACKAGEEND,etl-control,ETL control,False,direct
EXT_ORA_ApPayment,01_oracle_extract,8,Microsoft.ExecuteSQLTask,Log Error,,,exec,ETL.USP_LOGERROR,etl-control,ETL control,False,direct
EXT_ORA_ApPayment,01_oracle_extract,9,Microsoft.ExecuteSQLTask,Mark Execution Failed,,,exec,ETL.USP_LOGPACKAGEEND,etl-control,ETL control,False,direct
EXT_ORA_ApPaymentApply,01_oracle_extract,2,Microsoft.ExecuteSQLTask,Log Package Start,,,exec,ETL.USP_LOGPACKAGESTART,etl-control,ETL control,False,direct
EXT_ORA_ApPaymentApply,01_oracle_extract,3,Microsoft.ExecuteSQLTask,Get Watermark,,,exec,ETL.USP_GETWATERMARK,etl-control,ETL control,False,direct
EXT_ORA_ApPaymentApply,01_oracle_extract,4,Microsoft.Pipeline,Extract Payment Applications,ORA AP_PAYMENT_APPLY,WWI_Oracle_ERP,read,WWI_FIN.AP_INVOICE_HDR,oracle,Oracle,True,direct
EXT_ORA_ApPaymentApply,01_oracle_extract,4,Microsoft.Pipeline,Extract Payment Applications,ORA AP_PAYMENT_APPLY,WWI_Oracle_ERP,read,WWI_FIN.AP_PAYMENT,oracle,Oracle,True,direct
EXT_ORA_ApPaymentApply,01_oracle_extract,4,Microsoft.Pipeline,Extract Payment Applications,ORA AP_PAYMENT_APPLY,WWI_Oracle_ERP,read,WWI_FIN.AP_PAYMENT_APPLY,oracle,Oracle,True,direct
EXT_ORA_ApPaymentApply,01_oracle_extract,4,Microsoft.Pipeline,Extract Payment Applications,ORA AP_PAYMENT_APPLY,WWI_Oracle_ERP,read,WWI_FIN.WITHHOLDING_RULE,oracle,Oracle,True,direct
EXT_ORA_ApPaymentApply,01_oracle_extract,4,Microsoft.Pipeline,Extract Payment Applications,err RejectedPayment,WWI_Staging_DB,write,ERR.REJECTEDPAYMENT,staging-err,SQL Server Staging,True,direct
EXT_ORA_ApPaymentApply,01_oracle_extract,4,Microsoft.Pipeline,Extract Payment Applications,raw OracleApPayment Applications,WWI_Staging_DB,write,RAW.ORACLEAPPAYMENT,staging-raw,SQL Server Staging,True,direct
EXT_ORA_ApPaymentApply,01_oracle_extract,5,Microsoft.ExecuteSQLTask,Set Watermark,,,exec,ETL.USP_SETWATERMARK,etl-control,ETL control,False,direct
EXT_ORA_ApPaymentApply,01_oracle_extract,6,Microsoft.ExecuteSQLTask,Log Row Counts,,,exec,ETL.USP_LOGROWCOUNT,etl-control,ETL control,False,direct
EXT_ORA_ApPaymentApply,01_oracle_extract,7,Microsoft.ExecuteSQLTask,Log Package Success,,,exec,ETL.USP_LOGPACKAGEEND,etl-control,ETL control,False,direct
EXT_ORA_ApPaymentApply,01_oracle_extract,8,Microsoft.ExecuteSQLTask,Log Error,,,exec,ETL.USP_LOGERROR,etl-control,ETL control,False,direct
EXT_ORA_ApPaymentApply,01_oracle_extract,9,Microsoft.ExecuteSQLTask,Mark Execution Failed,,,exec,ETL.USP_LOGPACKAGEEND,etl-control,ETL control,False,direct
EXT_ORA_CodeTranslation,01_oracle_extract,2,Microsoft.ExecuteSQLTask,Log Package Start,,,exec,ETL.USP_LOGPACKAGESTART,etl-control,ETL control,False,direct
EXT_ORA_CodeTranslation,01_oracle_extract,3,Microsoft.ExecuteSQLTask,Delete Code Rows,,,read,RAW.ORACLECUSTOMERMASTER,staging-raw,SQL Server Staging,True,direct
EXT_ORA_CodeTranslation,01_oracle_extract,3,Microsoft.ExecuteSQLTask,Delete Code Rows,,,write,RAW.ORACLECUSTOMERMASTER,staging-raw,SQL Server Staging,True,direct
EXT_ORA_CodeTranslation,01_oracle_extract,4,Microsoft.Pipeline,Load Code Translations,ORA CODE_TRANSLATION,WWI_Oracle_ERP,read,WWI_REF.CODE_TRANSLATION,oracle,Oracle,True,direct
EXT_ORA_CodeTranslation,01_oracle_extract,4,Microsoft.Pipeline,Load Code Translations,raw OracleCustomerMaster CodeXref,WWI_Staging_DB,write,RAW.ORACLECUSTOMERMASTER,staging-raw,SQL Server Staging,True,direct
EXT_ORA_CodeTranslation,01_oracle_extract,5,Microsoft.ExecuteSQLTask,Log Row Counts,,,exec,ETL.USP_LOGROWCOUNT,etl-control,ETL control,False,direct
EXT_ORA_CodeTranslation,01_oracle_extract,6,Microsoft.ExecuteSQLTask,Log Package Success,,,exec,ETL.USP_LOGPACKAGEEND,etl-control,ETL control,False,direct
EXT_ORA_CodeTranslation,01_oracle_extract,7,Microsoft.ExecuteSQLTask,Log Error,,,exec,ETL.USP_LOGERROR,etl-control,ETL control,False,direct
EXT_ORA_CodeTranslation,01_oracle_extract,8,Microsoft.ExecuteSQLTask,Mark Execution Failed,,,exec,ETL.USP_LOGPACKAGEEND,etl-control,ETL control,False,direct
EXT_ORA_CostCenter,01_oracle_extract,2,Microsoft.ExecuteSQLTask,Log Package Start,,,exec,ETL.USP_LOGPACKAGESTART,etl-control,ETL control,False,direct
EXT_ORA_CostCenter,01_oracle_extract,3,Microsoft.ExecuteSQLTask,Truncate raw_OracleCostCenter,,,write,RAW.ORACLECOSTCENTER,staging-raw,SQL Server Staging,True,direct
EXT_ORA_CostCenter,01_oracle_extract,4,Microsoft.Pipeline,Load Cost Centers,ORA V_COST_CENTER_HIERARCHY,WWI_Oracle_ERP,read,WWI_FIN.COST_ALLOCATION_RULE,oracle,Oracle,True,direct
EXT_ORA_CostCenter,01_oracle_extract,4,Microsoft.Pipeline,Load Cost Centers,ORA V_COST_CENTER_HIERARCHY,WWI_Oracle_ERP,read,WWI_FIN.V_COST_CENTER_HIERARCHY,oracle,Oracle,True,direct
EXT_ORA_CostCenter,01_oracle_extract,4,Microsoft.Pipeline,Load Cost Centers,raw OracleCostCenter,WWI_Staging_DB,write,RAW.ORACLECOSTCENTER,staging-raw,SQL Server Staging,True,direct
EXT_ORA_CostCenter,01_oracle_extract,5,Microsoft.ExecuteSQLTask,Assign Surrogate Keys,,,read,RAW.ORACLECOSTCENTER,staging-raw,SQL Server Staging,True,direct
EXT_ORA_CostCenter,01_oracle_extract,5,Microsoft.ExecuteSQLTask,Assign Surrogate Keys,,,write,RAW.ORACLECOSTCENTER,staging-raw,SQL Server Staging,True,direct
EXT_ORA_CostCenter,01_oracle_extract,6,Microsoft.ExecuteSQLTask,Log Row Counts,,,exec,ETL.USP_LOGROWCOUNT,etl-control,ETL control,False,direct
EXT_ORA_CostCenter,01_oracle_extract,7,Microsoft.ExecuteSQLTask,Log Package Success,,,exec,ETL.USP_LOGPACKAGEEND,etl-control,ETL control,False,direct
EXT_ORA_CostCenter,01_oracle_extract,8,Microsoft.ExecuteSQLTask,Log Error,,,exec,ETL.USP_LOGERROR,etl-control,ETL control,False,direct
EXT_ORA_CostCenter,01_oracle_extract,9,Microsoft.ExecuteSQLTask,Mark Execution Failed,,,exec,ETL.USP_LOGPACKAGEEND,etl-control,ETL control,False,direct
EXT_ORA_Currency,01_oracle_extract,2,Microsoft.ExecuteSQLTask,Log Package Start,,,exec,ETL.USP_LOGPACKAGESTART,etl-control,ETL control,False,direct
EXT_ORA_Currency,01_oracle_extract,3,Microsoft.ExecuteSQLTask,Truncate raw_OracleCurrency,,,write,RAW.ORACLECURRENCY,staging-raw,SQL Server Staging,True,direct
EXT_ORA_Currency,01_oracle_extract,4,Microsoft.Pipeline,Load Currencies,ORA V_CURRENCY_EXTRACT,WWI_Oracle_ERP,read,WWI_REF.V_CURRENCY_EXTRACT,oracle,Oracle,True,direct
EXT_ORA_Currency,01_oracle_extract,4,Microsoft.Pipeline,Load Currencies,raw OracleCurrency,WWI_Staging_DB,write,RAW.ORACLECURRENCY,staging-raw,SQL Server Staging,True,direct
EXT_ORA_Currency,01_oracle_extract,5,Microsoft.ExecuteSQLTask,Log Row Counts,,,exec,ETL.USP_LOGROWCOUNT,etl-control,ETL control,False,direct
EXT_ORA_Currency,01_oracle_extract,6,Microsoft.ExecuteSQLTask,Log Package Success,,,exec,ETL.USP_LOGPACKAGEEND,etl-control,ETL control,False,direct
EXT_ORA_Currency,01_oracle_extract,7,Microsoft.ExecuteSQLTask,Log Error,,,exec,ETL.USP_LOGERROR,etl-control,ETL control,False,direct
EXT_ORA_Currency,01_oracle_extract,8,Microsoft.ExecuteSQLTask,Mark Execution Failed,,,exec,ETL.USP_LOGPACKAGEEND,etl-control,ETL control,False,direct
EXT_ORA_CustomerAddress,01_oracle_extract,2,Microsoft.ExecuteSQLTask,Log Package Start,,,exec,ETL.USP_LOGPACKAGESTART,etl-control,ETL control,False,direct
EXT_ORA_CustomerAddress,01_oracle_extract,3,Microsoft.ExecuteSQLTask,Get Watermark,,,exec,ETL.USP_GETWATERMARK,etl-control,ETL control,False,direct
EXT_ORA_CustomerAddress,01_oracle_extract,4,Microsoft.Pipeline,Extract Customer Addresses,ORA V_CUSTOMER_ADDRESS_CURRENT,WWI_Oracle_ERP,read,WWI_MDM.V_CUSTOMER_ADDRESS_CURRENT,oracle,Oracle,True,direct
EXT_ORA_CustomerAddress,01_oracle_extract,4,Microsoft.Pipeline,Extract Customer Addresses,Lookup Geography Key,WWI_Staging_DB,read,RAW.ORACLEGEOGRAPHY,staging-raw,SQL Server Staging,True,direct
EXT_ORA_CustomerAddress,01_oracle_extract,4,Microsoft.Pipeline,Extract Customer Addresses,Lookup Geography Key,WWI_Staging_DB,lookup,RAW.ORACLEGEOGRAPHY,staging-raw,SQL Server Staging,True,direct
EXT_ORA_CustomerAddress,01_oracle_extract,4,Microsoft.Pipeline,Extract Customer Addresses,err RejectedLookupFailure,WWI_Staging_DB,write,ERR.REJECTEDLOOKUPFAILURE,staging-err,SQL Server Staging,True,direct
EXT_ORA_CustomerAddress,01_oracle_extract,4,Microsoft.Pipeline,Extract Customer Addresses,raw OracleCustomerAddress,WWI_Staging_DB,write,RAW.ORACLECUSTOMERADDRESS,staging-raw,SQL Server Staging,True,direct
EXT_ORA_CustomerAddress,01_oracle_extract,5,Microsoft.ExecuteSQLTask,Log Unmatched Geography,,,exec,ETL.USP_LOGREJECTEDRECORD,etl-control,ETL control,False,direct
EXT_ORA_CustomerAddress,01_oracle_extract,6,Microsoft.ExecuteSQLTask,Set Watermark,,,exec,ETL.USP_SETWATERMARK,etl-control,ETL control,False,direct
EXT_ORA_CustomerAddress,01_oracle_extract,7,Microsoft.ExecuteSQLTask,Log Row Counts,,,exec,ETL.USP_LOGROWCOUNT,etl-control,ETL control,False,direct
EXT_ORA_CustomerAddress,01_oracle_extract,8,Microsoft.ExecuteSQLTask,Log Package Success,,,exec,ETL.USP_LOGPACKAGEEND,etl-control,ETL control,False,direct
EXT_ORA_CustomerAddress,01_oracle_extract,9,Microsoft.ExecuteSQLTask,Log Error,,,exec,ETL.USP_LOGERROR,etl-control,ETL control,False,direct
EXT_ORA_CustomerAddress,01_oracle_extract,10,Microsoft.ExecuteSQLTask,Mark Execution Failed,,,exec,ETL.USP_LOGPACKAGEEND,etl-control,ETL control,False,direct
EXT_ORA_CustomerMaster,01_oracle_extract,2,Microsoft.ExecuteSQLTask,Log Package Start,,,exec,ETL.USP_LOGPACKAGESTART,etl-control,ETL control,False,direct
EXT_ORA_CustomerMaster,01_oracle_extract,3,Microsoft.ExecuteSQLTask,Get Watermark,,,exec,ETL.USP_GETWATERMARK,etl-control,ETL control,False,direct
EXT_ORA_CustomerMaster,01_oracle_extract,4,Microsoft.Pipeline,Extract Customer Master,ORA CUST_MASTER,WWI_Oracle_ERP,read,WWI_MDM.CUST_CLASSIFICATION,oracle,Oracle,True,direct
EXT_ORA_CustomerMaster,01_oracle_extract,4,Microsoft.Pipeline,Extract Customer Master,ORA CUST_MASTER,WWI_Oracle_ERP,read,WWI_MDM.CUST_CREDIT_PROFILE,oracle,Oracle,True,direct
EXT_ORA_CustomerMaster,01_oracle_extract,4,Microsoft.Pipeline,Extract Customer Master,ORA CUST_MASTER,WWI_Oracle_ERP,read,WWI_MDM.CUST_MASTER,oracle,Oracle,True,direct
EXT_ORA_CustomerMaster,01_oracle_extract,4,Microsoft.Pipeline,Extract Customer Master,err RejectedCustomer Conversion,WWI_Staging_DB,write,ERR.REJECTEDCUSTOMER,staging-err,SQL Server Staging,True,direct
EXT_ORA_CustomerMaster,01_oracle_extract,4,Microsoft.Pipeline,Extract Customer Master,raw OracleCustomerMaster,WWI_Staging_DB,write,RAW.ORACLECUSTOMERMASTER,staging-raw,SQL Server Staging,True,direct
EXT_ORA_CustomerMaster,01_oracle_extract,4,Microsoft.Pipeline,Extract Customer Master,err RejectedCustomer,WWI_Staging_DB,write,ERR.REJECTEDCUSTOMER,staging-err,SQL Server Staging,True,direct
EXT_ORA_CustomerMaster,01_oracle_extract,5,Microsoft.Pipeline,Detect Deleted Customers,ORA CHANGE_LOG Customer Deletes,WWI_Oracle_ERP,read,WWI_AUDIT.CHANGE_LOG,oracle,Oracle,True,direct
EXT_ORA_CustomerMaster,01_oracle_extract,5,Microsoft.Pipeline,Detect Deleted Customers,raw OracleCustomerMaster Deletes,WWI_Staging_DB,write,RAW.ORACLECUSTOMERMASTER,staging-raw,SQL Server Staging,True,direct
EXT_ORA_CustomerMaster,01_oracle_extract,6,Microsoft.ExecuteSQLTask,Capture Insert Count,,,read,RAW.ORACLECUSTOMERMASTER,staging-raw,SQL Server Staging,True,direct
EXT_ORA_CustomerMaster,01_oracle_extract,7,Microsoft.ExecuteSQLTask,Set Watermark,,,exec,ETL.USP_SETWATERMARK,etl-control,ETL control,False,direct
EXT_ORA_CustomerMaster,01_oracle_extract,8,Microsoft.ExecuteSQLTask,Log Row Counts,,,exec,ETL.USP_LOGROWCOUNT,etl-control,ETL control,False,direct
EXT_ORA_CustomerMaster,01_oracle_extract,9,Microsoft.ExecuteSQLTask,Log Package Success,,,exec,ETL.USP_LOGPACKAGEEND,etl-control,ETL control,False,direct
EXT_ORA_CustomerMaster,01_oracle_extract,10,Microsoft.ExecuteSQLTask,Log Error,,,exec,ETL.USP_LOGERROR,etl-control,ETL control,False,direct
EXT_ORA_CustomerMaster,01_oracle_extract,11,Microsoft.ExecuteSQLTask,Mark Execution Failed,,,exec,ETL.USP_LOGPACKAGEEND,etl-control,ETL control,False,direct
EXT_ORA_FxRateDaily,01_oracle_extract,2,Microsoft.ExecuteSQLTask,Log Package Start,,,exec,ETL.USP_LOGPACKAGESTART,etl-control,ETL control,False,direct
EXT_ORA_FxRateDaily,01_oracle_extract,3,Microsoft.ExecuteSQLTask,Get Watermark,,,exec,ETL.USP_GETWATERMARK,etl-control,ETL control,False,direct
EXT_ORA_FxRateDaily,01_oracle_extract,4,Microsoft.ExecuteSQLTask,Clear Rate Window,,,read,RAW.ORACLEFXRATE,staging-raw,SQL Server Staging,True,direct
EXT_ORA_FxRateDaily,01_oracle_extract,4,Microsoft.ExecuteSQLTask,Clear Rate Window,,,write,RAW.ORACLEFXRATE,staging-raw,SQL Server Staging,True,direct
EXT_ORA_FxRateDaily,01_oracle_extract,5,Microsoft.Pipeline,Extract FX Rates,ORA FX_RATE_DAILY,WWI_Oracle_ERP,read,WWI_REF.FX_RATE_DAILY,oracle,Oracle,True,direct
EXT_ORA_FxRateDaily,01_oracle_extract,5,Microsoft.Pipeline,Extract FX Rates,err RejectedConstraintViolation,WWI_Staging_DB,write,ERR.REJECTEDCONSTRAINTVIOLATION,staging-err,SQL Server Staging,True,direct
EXT_ORA_FxRateDaily,01_oracle_extract,5,Microsoft.Pipeline,Extract FX Rates,raw OracleFxRate,WWI_Staging_DB,write,RAW.ORACLEFXRATE,staging-raw,SQL Server Staging,True,direct
EXT_ORA_FxRateDaily,01_oracle_extract,6,Microsoft.ExecuteSQLTask,Count Missing Rate Days,,,read,ETL.CONFIGURATION,etl-control,ETL control,True,direct
EXT_ORA_FxRateDaily,01_oracle_extract,6,Microsoft.ExecuteSQLTask,Count Missing Rate Days,,,read,RAW.ORACLEFXRATE,staging-raw,SQL Server Staging,True,direct
EXT_ORA_FxRateDaily,01_oracle_extract,7,Microsoft.ExecuteSQLTask,Set Watermark,,,exec,ETL.USP_SETWATERMARK,etl-control,ETL control,False,direct
EXT_ORA_FxRateDaily,01_oracle_extract,8,Microsoft.ExecuteSQLTask,Log Row Counts,,,exec,ETL.USP_LOGROWCOUNT,etl-control,ETL control,False,direct
EXT_ORA_FxRateDaily,01_oracle_extract,9,Microsoft.ExecuteSQLTask,Log Package Success,,,exec,ETL.USP_LOGPACKAGEEND,etl-control,ETL control,False,direct
EXT_ORA_FxRateDaily,01_oracle_extract,10,Microsoft.ExecuteSQLTask,Log Error,,,exec,ETL.USP_LOGERROR,etl-control,ETL control,False,direct
EXT_ORA_FxRateDaily,01_oracle_extract,11,Microsoft.ExecuteSQLTask,Mark Execution Failed,,,exec,ETL.USP_LOGPACKAGEEND,etl-control,ETL control,False,direct
EXT_ORA_Geography,01_oracle_extract,2,Microsoft.ExecuteSQLTask,Log Package Start,,,exec,ETL.USP_LOGPACKAGESTART,etl-control,ETL control,False,direct
EXT_ORA_Geography,01_oracle_extract,3,Microsoft.ExecuteSQLTask,Truncate raw_OracleGeography,,,write,RAW.ORACLEGEOGRAPHY,staging-raw,SQL Server Staging,True,direct
EXT_ORA_Geography,01_oracle_extract,4,Microsoft.Pipeline,Load Geography,ORA V_GEOGRAPHY_EXTRACT,WWI_Oracle_ERP,read,WWI_REF.V_GEOGRAPHY_EXTRACT,oracle,Oracle,True,direct
EXT_ORA_Geography,01_oracle_extract,4,Microsoft.Pipeline,Load Geography,err RejectedConstraintViolation,WWI_Staging_DB,write,ERR.REJECTEDCONSTRAINTVIOLATION,staging-err,SQL Server Staging,True,direct
EXT_ORA_Geography,01_oracle_extract,4,Microsoft.Pipeline,Load Geography,raw OracleGeography,WWI_Staging_DB,write,RAW.ORACLEGEOGRAPHY,staging-raw,SQL Server Staging,True,direct
EXT_ORA_Geography,01_oracle_extract,5,Microsoft.ExecuteSQLTask,Log Row Counts,,,exec,ETL.USP_LOGROWCOUNT,etl-control,ETL control,False,direct
EXT_ORA_Geography,01_oracle_extract,6,Microsoft.ExecuteSQLTask,Log Package Success,,,exec,ETL.USP_LOGPACKAGEEND,etl-control,ETL control,False,direct
EXT_ORA_Geography,01_oracle_extract,7,Microsoft.ExecuteSQLTask,Log Error,,,exec,ETL.USP_LOGERROR,etl-control,ETL control,False,direct
EXT_ORA_Geography,01_oracle_extract,8,Microsoft.ExecuteSQLTask,Mark Execution Failed,,,exec,ETL.USP_LOGPACKAGEEND,etl-control,ETL control,False,direct
EXT_ORA_GlJournalLine,01_oracle_extract,2,Microsoft.ExecuteSQLTask,Log Package Start,,,exec,ETL.USP_LOGPACKAGESTART,etl-control,ETL control,False,direct
EXT_ORA_GlJournalLine,01_oracle_extract,3,Microsoft.ExecuteSQLTask,Get Watermark,,,exec,ETL.USP_GETWATERMARK,etl-control,ETL control,False,direct
EXT_ORA_GlJournalLine,01_oracle_extract,4,Microsoft.ExecuteSQLTask,Clear Target Window,,,read,RAW.ORACLEGLJOURNALLINE,staging-raw,SQL Server Staging,True,direct
EXT_ORA_GlJournalLine,01_oracle_extract,4,Microsoft.ExecuteSQLTask,Clear Target Window,,,write,RAW.ORACLEGLJOURNALLINE,staging-raw,SQL Server Staging,True,direct
EXT_ORA_GlJournalLine,01_oracle_extract,5,Microsoft.Pipeline,Extract GL Journal Lines,ORA GL_JOURNAL_LINE,WWI_Oracle_ERP,read,WWI_FIN.GL_JOURNAL_HDR,oracle,Oracle,True,direct
EXT_ORA_GlJournalLine,01_oracle_extract,5,Microsoft.Pipeline,Extract GL Journal Lines,ORA GL_JOURNAL_LINE,WWI_Oracle_ERP,read,WWI_FIN.GL_JOURNAL_LINE,oracle,Oracle,True,direct
EXT_ORA_GlJournalLine,01_oracle_extract,5,Microsoft.Pipeline,Extract GL Journal Lines,ORA GL_JOURNAL_LINE,WWI_Oracle_ERP,read,WWI_FIN.GL_PERIOD_STATUS,oracle,Oracle,True,direct
EXT_ORA_GlJournalLine,01_oracle_extract,5,Microsoft.Pipeline,Extract GL Journal Lines,err RejectedConstraintViolation,WWI_Staging_DB,write,ERR.REJECTEDCONSTRAINTVIOLATION,staging-err,SQL Server Staging,True,direct
EXT_ORA_GlJournalLine,01_oracle_extract,5,Microsoft.Pipeline,Extract GL Journal Lines,raw OracleGlJournalLine,WWI_Staging_DB,write,RAW.ORACLEGLJOURNALLINE,staging-raw,SQL Server Staging,True,direct
EXT_ORA_GlJournalLine,01_oracle_extract,6,Microsoft.ExecuteSQLTask,Set Watermark,,,exec,ETL.USP_SETWATERMARK,etl-control,ETL control,False,direct
EXT_ORA_GlJournalLine,01_oracle_extract,7,Microsoft.ExecuteSQLTask,Log Row Counts,,,exec,ETL.USP_LOGROWCOUNT,etl-control,ETL control,False,direct
EXT_ORA_GlJournalLine,01_oracle_extract,8,Microsoft.ExecuteSQLTask,Log Package Success,,,exec,ETL.USP_LOGPACKAGEEND,etl-control,ETL control,False,direct
EXT_ORA_GlJournalLine,01_oracle_extract,9,Microsoft.ExecuteSQLTask,Log Error,,,exec,ETL.USP_LOGERROR,etl-control,ETL control,False,direct
EXT_ORA_GlJournalLine,01_oracle_extract,10,Microsoft.ExecuteSQLTask,Mark Execution Failed,,,exec,ETL.USP_LOGPACKAGEEND,etl-control,ETL control,False,direct
EXT_ORA_PaymentTerms,01_oracle_extract,2,Microsoft.ExecuteSQLTask,Log Package Start,,,exec,ETL.USP_LOGPACKAGESTART,etl-control,ETL control,False,direct
EXT_ORA_PaymentTerms,01_oracle_extract,3,Microsoft.ExecuteSQLTask,Truncate raw_OraclePaymentTerms,,,write,RAW.ORACLEPAYMENTTERMS,staging-raw,SQL Server Staging,True,direct
EXT_ORA_PaymentTerms,01_oracle_extract,4,Microsoft.Pipeline,Load Payment Terms,ORA V_PAYMENT_TERMS_EXTRACT,WWI_Oracle_ERP,read,WWI_FIN.V_PAYMENT_TERMS_EXTRACT,oracle,Oracle,False,direct
EXT_ORA_PaymentTerms,01_oracle_extract,4,Microsoft.Pipeline,Load Payment Terms,raw OraclePaymentTerms,WWI_Staging_DB,write,RAW.ORACLEPAYMENTTERMS,staging-raw,SQL Server Staging,True,direct
EXT_ORA_PaymentTerms,01_oracle_extract,5,Microsoft.ExecuteSQLTask,Log Row Counts,,,exec,ETL.USP_LOGROWCOUNT,etl-control,ETL control,False,direct
EXT_ORA_PaymentTerms,01_oracle_extract,6,Microsoft.ExecuteSQLTask,Log Package Success,,,exec,ETL.USP_LOGPACKAGEEND,etl-control,ETL control,False,direct
EXT_ORA_PaymentTerms,01_oracle_extract,7,Microsoft.ExecuteSQLTask,Log Error,,,exec,ETL.USP_LOGERROR,etl-control,ETL control,False,direct
EXT_ORA_PaymentTerms,01_oracle_extract,8,Microsoft.ExecuteSQLTask,Mark Execution Failed,,,exec,ETL.USP_LOGPACKAGEEND,etl-control,ETL control,False,direct
EXT_ORA_ProductHierarchy,01_oracle_extract,2,Microsoft.ExecuteSQLTask,Log Package Start,,,exec,ETL.USP_LOGPACKAGESTART,etl-control,ETL control,False,direct
EXT_ORA_ProductHierarchy,01_oracle_extract,3,Microsoft.ExecuteSQLTask,Delete Hierarchy Rows,,,read,RAW.ORACLEPRODUCTMASTER,staging-raw,SQL Server Staging,True,direct
EXT_ORA_ProductHierarchy,01_oracle_extract,3,Microsoft.ExecuteSQLTask,Delete Hierarchy Rows,,,write,RAW.ORACLEPRODUCTMASTER,staging-raw,SQL Server Staging,True,direct
EXT_ORA_ProductHierarchy,01_oracle_extract,4,Microsoft.Pipeline,Load Product Hierarchy,ORA PRODUCT_HIERARCHY,WWI_Oracle_ERP,read,WWI_MDM.PRODUCT_HIERARCHY,oracle,Oracle,True,direct
EXT_ORA_ProductHierarchy,01_oracle_extract,4,Microsoft.Pipeline,Load Product Hierarchy,raw OracleProductMaster Hierarchy,WWI_Staging_DB,write,RAW.ORACLEPRODUCTMASTER,staging-raw,SQL Server Staging,True,direct
EXT_ORA_ProductHierarchy,01_oracle_extract,5,Microsoft.ExecuteSQLTask,Log Row Counts,,,exec,ETL.USP_LOGROWCOUNT,etl-control,ETL control,False,direct
EXT_ORA_ProductHierarchy,01_oracle_extract,6,Microsoft.ExecuteSQLTask,Log Package Success,,,exec,ETL.USP_LOGPACKAGEEND,etl-control,ETL control,False,direct
EXT_ORA_ProductHierarchy,01_oracle_extract,7,Microsoft.ExecuteSQLTask,Log Error,,,exec,ETL.USP_LOGERROR,etl-control,ETL control,False,direct
EXT_ORA_ProductHierarchy,01_oracle_extract,8,Microsoft.ExecuteSQLTask,Mark Execution Failed,,,exec,ETL.USP_LOGPACKAGEEND,etl-control,ETL control,False,direct
EXT_ORA_ProductMaster,01_oracle_extract,2,Microsoft.ExecuteSQLTask,Log Package Start,,,exec,ETL.USP_LOGPACKAGESTART,etl-control,ETL control,False,direct
EXT_ORA_ProductMaster,01_oracle_extract,3,Microsoft.ExecuteSQLTask,Get Watermark,,,exec,ETL.USP_GETWATERMARK,etl-control,ETL control,False,direct
EXT_ORA_ProductMaster,01_oracle_extract,4,Microsoft.Pipeline,Extract Product Master,ORA PRODUCT_MASTER,WWI_Oracle_ERP,read,WWI_MDM.PRODUCT_CATEGORY,oracle,Oracle,True,direct
EXT_ORA_ProductMaster,01_oracle_extract,4,Microsoft.Pipeline,Extract Product Master,ORA PRODUCT_MASTER,WWI_Oracle_ERP,read,WWI_MDM.PRODUCT_MASTER,oracle,Oracle,True,direct
EXT_ORA_ProductMaster,01_oracle_extract,4,Microsoft.Pipeline,Extract Product Master,ORA PRODUCT_MASTER,WWI_Oracle_ERP,read,WWI_MDM.PRODUCT_UOM_CONV,oracle,Oracle,True,direct
EXT_ORA_ProductMaster,01_oracle_extract,4,Microsoft.Pipeline,Extract Product Master,err RejectedProduct,WWI_Staging_DB,write,ERR.REJECTEDPRODUCT,staging-err,SQL Server Staging,True,direct
EXT_ORA_ProductMaster,01_oracle_extract,4,Microsoft.Pipeline,Extract Product Master,raw OracleProductMaster,WWI_Staging_DB,write,RAW.ORACLEPRODUCTMASTER,staging-raw,SQL Server Staging,True,direct
EXT_ORA_ProductMaster,01_oracle_extract,5,Microsoft.Pipeline,Detect Obsoleted Products,ORA CHANGE_LOG Product Deletes,WWI_Oracle_ERP,read,WWI_AUDIT.CHANGE_LOG,oracle,Oracle,True,direct
EXT_ORA_ProductMaster,01_oracle_extract,5,Microsoft.Pipeline,Detect Obsoleted Products,raw OracleProductMaster Deletes,WWI_Staging_DB,write,RAW.ORACLEPRODUCTMASTER,staging-raw,SQL Server Staging,True,direct
EXT_ORA_ProductMaster,01_oracle_extract,6,Microsoft.ExecuteSQLTask,Set Watermark,,,exec,ETL.USP_SETWATERMARK,etl-control,ETL control,False,direct
EXT_ORA_ProductMaster,01_oracle_extract,7,Microsoft.ExecuteSQLTask,Log Row Counts,,,exec,ETL.USP_LOGROWCOUNT,etl-control,ETL control,False,direct
EXT_ORA_ProductMaster,01_oracle_extract,8,Microsoft.ExecuteSQLTask,Log Package Success,,,exec,ETL.USP_LOGPACKAGEEND,etl-control,ETL control,False,direct
EXT_ORA_ProductMaster,01_oracle_extract,9,Microsoft.ExecuteSQLTask,Log Error,,,exec,ETL.USP_LOGERROR,etl-control,ETL control,False,direct
EXT_ORA_ProductMaster,01_oracle_extract,10,Microsoft.ExecuteSQLTask,Mark Execution Failed,,,exec,ETL.USP_LOGPACKAGEEND,etl-control,ETL control,False,direct
EXT_ORA_PurchaseOrderHdr,01_oracle_extract,2,Microsoft.ExecuteSQLTask,Log Package Start,,,exec,ETL.USP_LOGPACKAGESTART,etl-control,ETL control,False,direct
EXT_ORA_PurchaseOrderHdr,01_oracle_extract,3,Microsoft.ExecuteSQLTask,Get Watermark,,,exec,ETL.USP_GETWATERMARK,etl-control,ETL control,False,direct
EXT_ORA_PurchaseOrderHdr,01_oracle_extract,4,Microsoft.Pipeline,Extract Purchase Orders,ORA V_PURCHASE_ORDER_EXTRACT,WWI_Oracle_ERP,read,WWI_PROC.V_PURCHASE_ORDER_EXTRACT,oracle,Oracle,True,direct
EXT_ORA_PurchaseOrderHdr,01_oracle_extract,4,Microsoft.Pipeline,Extract Purchase Orders,raw OraclePurchaseOrderHdr,WWI_Staging_DB,write,RAW.ORACLEPURCHASEORDERHDR,staging-raw,SQL Server Staging,True,direct
EXT_ORA_PurchaseOrderHdr,01_oracle_extract,4,Microsoft.Pipeline,Extract Purchase Orders,raw OraclePurchaseOrderHdr Cancelled,WWI_Staging_DB,write,RAW.ORACLEPURCHASEORDERHDR,staging-raw,SQL Server Staging,True,direct
EXT_ORA_PurchaseOrderHdr,01_oracle_extract,5,Microsoft.ExecuteSQLTask,Set Watermark,,,exec,ETL.USP_SETWATERMARK,etl-control,ETL control,False,direct
EXT_ORA_PurchaseOrderHdr,01_oracle_extract,6,Microsoft.ExecuteSQLTask,Log Row Counts,,,exec,ETL.USP_LOGROWCOUNT,etl-control,ETL control,False,direct
EXT_ORA_PurchaseOrderHdr,01_oracle_extract,7,Microsoft.ExecuteSQLTask,Log Package Success,,,exec,ETL.USP_LOGPACKAGEEND,etl-control,ETL control,False,direct
EXT_ORA_PurchaseOrderHdr,01_oracle_extract,8,Microsoft.ExecuteSQLTask,Log Error,,,exec,ETL.USP_LOGERROR,etl-control,ETL control,False,direct
EXT_ORA_PurchaseOrderHdr,01_oracle_extract,9,Microsoft.ExecuteSQLTask,Mark Execution Failed,,,exec,ETL.USP_LOGPACKAGEEND,etl-control,ETL control,False,direct
EXT_ORA_PurchaseOrderLine,01_oracle_extract,2,Microsoft.ExecuteSQLTask,Log Package Start,,,exec,ETL.USP_LOGPACKAGESTART,etl-control,ETL control,False,direct
EXT_ORA_PurchaseOrderLine,01_oracle_extract,3,Microsoft.ExecuteSQLTask,Get Watermark,,,exec,ETL.USP_GETWATERMARK,etl-control,ETL control,False,direct
EXT_ORA_PurchaseOrderLine,01_oracle_extract,4,Microsoft.ExecuteSQLTask,Read Source Max Key,,,read,WWI_PROC.PURCHASE_ORDER_LINE,oracle,Oracle,True,direct
EXT_ORA_PurchaseOrderLine,01_oracle_extract,5,Microsoft.Pipeline,Extract Purchase Order Lines,ORA V_PO_LINE_EXTRACT,WWI_Oracle_ERP,read,WWI_PROC.V_PO_LINE_EXTRACT,oracle,Oracle,True,direct
EXT_ORA_PurchaseOrderLine,01_oracle_extract,5,Microsoft.Pipeline,Extract Purchase Order Lines,err RejectedConstraintViolation,WWI_Staging_DB,write,ERR.REJECTEDCONSTRAINTVIOLATION,staging-err,SQL Server Staging,True,direct
EXT_ORA_PurchaseOrderLine,01_oracle_extract,5,Microsoft.Pipeline,Extract Purchase Order Lines,raw OraclePurchaseOrderLine,WWI_Staging_DB,write,RAW.ORACLEPURCHASEORDERLINE,staging-raw,SQL Server Staging,True,direct
EXT_ORA_PurchaseOrderLine,01_oracle_extract,6,Microsoft.ExecuteSQLTask,Set Watermark,,,exec,ETL.USP_SETWATERMARK,etl-control,ETL control,False,direct
EXT_ORA_PurchaseOrderLine,01_oracle_extract,7,Microsoft.ExecuteSQLTask,Log Row Counts,,,exec,ETL.USP_LOGROWCOUNT,etl-control,ETL control,False,direct
EXT_ORA_PurchaseOrderLine,01_oracle_extract,8,Microsoft.ExecuteSQLTask,Log Package Success,,,exec,ETL.USP_LOGPACKAGEEND,etl-control,ETL control,False,direct
EXT_ORA_PurchaseOrderLine,01_oracle_extract,9,Microsoft.ExecuteSQLTask,Log Error,,,exec,ETL.USP_LOGERROR,etl-control,ETL control,False,direct
EXT_ORA_PurchaseOrderLine,01_oracle_extract,10,Microsoft.ExecuteSQLTask,Mark Execution Failed,,,exec,ETL.USP_LOGPACKAGEEND,etl-control,ETL control,False,direct
EXT_ORA_ReceiptLine,01_oracle_extract,2,Microsoft.ExecuteSQLTask,Log Package Start,,,exec,ETL.USP_LOGPACKAGESTART,etl-control,ETL control,False,direct
EXT_ORA_ReceiptLine,01_oracle_extract,3,Microsoft.ExecuteSQLTask,Get Watermark,,,exec,ETL.USP_GETWATERMARK,etl-control,ETL control,False,direct
EXT_ORA_ReceiptLine,01_oracle_extract,4,Microsoft.Pipeline,Extract Receipt Lines,ORA PO_RECEIPT_LINE,WWI_Oracle_ERP,read,WWI_PROC.PO_RECEIPT_HDR,oracle,Oracle,True,direct
EXT_ORA_ReceiptLine,01_oracle_extract,4,Microsoft.Pipeline,Extract Receipt Lines,ORA PO_RECEIPT_LINE,WWI_Oracle_ERP,read,WWI_PROC.PO_RECEIPT_LINE,oracle,Oracle,True,direct
EXT_ORA_ReceiptLine,01_oracle_extract,4,Microsoft.Pipeline,Extract Receipt Lines,ORA PO_RECEIPT_LINE,WWI_Oracle_ERP,read,WWI_PROC.PURCHASE_ORDER_HDR,oracle,Oracle,True,direct
EXT_ORA_ReceiptLine,01_oracle_extract,4,Microsoft.Pipeline,Extract Receipt Lines,ORA PO_RECEIPT_LINE,WWI_Oracle_ERP,read,WWI_PROC.PURCHASE_ORDER_LINE,oracle,Oracle,True,direct
EXT_ORA_ReceiptLine,01_oracle_extract,4,Microsoft.Pipeline,Extract Receipt Lines,raw OracleReceiptLine,WWI_Staging_DB,write,RAW.ORACLERECEIPTLINE,staging-raw,SQL Server Staging,True,direct
EXT_ORA_ReceiptLine,01_oracle_extract,4,Microsoft.Pipeline,Extract Receipt Lines,raw OracleReceiptLine Quarantined,WWI_Staging_DB,write,RAW.ORACLERECEIPTLINE,staging-raw,SQL Server Staging,True,direct
EXT_ORA_ReceiptLine,01_oracle_extract,5,Microsoft.ExecuteSQLTask,Set Watermark,,,exec,ETL.USP_SETWATERMARK,etl-control,ETL control,False,direct
EXT_ORA_ReceiptLine,01_oracle_extract,6,Microsoft.ExecuteSQLTask,Log Row Counts,,,exec,ETL.USP_LOGROWCOUNT,etl-control,ETL control,False,direct
EXT_ORA_ReceiptLine,01_oracle_extract,7,Microsoft.ExecuteSQLTask,Log Package Success,,,exec,ETL.USP_LOGPACKAGEEND,etl-control,ETL control,False,direct
EXT_ORA_ReceiptLine,01_oracle_extract,8,Microsoft.ExecuteSQLTask,Log Error,,,exec,ETL.USP_LOGERROR,etl-control,ETL control,False,direct
EXT_ORA_ReceiptLine,01_oracle_extract,9,Microsoft.ExecuteSQLTask,Mark Execution Failed,,,exec,ETL.USP_LOGPACKAGEEND,etl-control,ETL control,False,direct
EXT_ORA_SupplierMaster,01_oracle_extract,2,Microsoft.ExecuteSQLTask,Log Package Start,,,exec,ETL.USP_LOGPACKAGESTART,etl-control,ETL control,False,direct
EXT_ORA_SupplierMaster,01_oracle_extract,3,Microsoft.ExecuteSQLTask,Get Watermark,,,exec,ETL.USP_GETWATERMARK,etl-control,ETL control,False,direct
EXT_ORA_SupplierMaster,01_oracle_extract,4,Microsoft.Pipeline,Extract Supplier Master,ORA SUPP_MASTER,WWI_Oracle_ERP,read,WWI_MDM.SUPP_CERTIFICATION,oracle,Oracle,True,direct
EXT_ORA_SupplierMaster,01_oracle_extract,4,Microsoft.Pipeline,Extract Supplier Master,ORA SUPP_MASTER,WWI_Oracle_ERP,read,WWI_MDM.SUPP_MASTER,oracle,Oracle,True,direct
EXT_ORA_SupplierMaster,01_oracle_extract,4,Microsoft.Pipeline,Extract Supplier Master,ORA SUPP_MASTER,WWI_Oracle_ERP,read,WWI_MDM.V_SUPPLIER_BANK_MASKED,oracle,Oracle,True,direct
EXT_ORA_SupplierMaster,01_oracle_extract,4,Microsoft.Pipeline,Extract Supplier Master,err RejectedSupplier,WWI_Staging_DB,write,ERR.REJECTEDSUPPLIER,staging-err,SQL Server Staging,True,direct
EXT_ORA_SupplierMaster,01_oracle_extract,4,Microsoft.Pipeline,Extract Supplier Master,raw OracleSupplierMaster,WWI_Staging_DB,write,RAW.ORACLESUPPLIERMASTER,staging-raw,SQL Server Staging,True,direct
EXT_ORA_SupplierMaster,01_oracle_extract,5,Microsoft.ExecuteSQLTask,Set Watermark,,,exec,ETL.USP_SETWATERMARK,etl-control,ETL control,False,direct
EXT_ORA_SupplierMaster,01_oracle_extract,6,Microsoft.ExecuteSQLTask,Log Row Counts,,,exec,ETL.USP_LOGROWCOUNT,etl-control,ETL control,False,direct
EXT_ORA_SupplierMaster,01_oracle_extract,7,Microsoft.ExecuteSQLTask,Log Package Success,,,exec,ETL.USP_LOGPACKAGEEND,etl-control,ETL control,False,direct
EXT_ORA_SupplierMaster,01_oracle_extract,8,Microsoft.ExecuteSQLTask,Log Error,,,exec,ETL.USP_LOGERROR,etl-control,ETL control,False,direct
EXT_ORA_SupplierMaster,01_oracle_extract,9,Microsoft.ExecuteSQLTask,Mark Execution Failed,,,exec,ETL.USP_LOGPACKAGEEND,etl-control,ETL control,False,direct
EXT_ORA_TaxRate,01_oracle_extract,2,Microsoft.ExecuteSQLTask,Log Package Start,,,exec,ETL.USP_LOGPACKAGESTART,etl-control,ETL control,False,direct
EXT_ORA_TaxRate,01_oracle_extract,3,Microsoft.ExecuteSQLTask,Truncate raw_OracleTaxRate,,,write,RAW.ORACLETAXRATE,staging-raw,SQL Server Staging,True,direct
EXT_ORA_TaxRate,01_oracle_extract,4,Microsoft.Pipeline,Load Tax Rates,ORA TAX_RATE,WWI_Oracle_ERP,read,WWI_FIN.TAX_JURISDICTION,oracle,Oracle,True,direct
EXT_ORA_TaxRate,01_oracle_extract,4,Microsoft.Pipeline,Load Tax Rates,ORA TAX_RATE,WWI_Oracle_ERP,read,WWI_FIN.TAX_RATE,oracle,Oracle,True,direct
EXT_ORA_TaxRate,01_oracle_extract,4,Microsoft.Pipeline,Load Tax Rates,raw OracleTaxRate,WWI_Staging_DB,write,RAW.ORACLETAXRATE,staging-raw,SQL Server Staging,True,direct
EXT_ORA_TaxRate,01_oracle_extract,5,Microsoft.ExecuteSQLTask,Log Row Counts,,,exec,ETL.USP_LOGROWCOUNT,etl-control,ETL control,False,direct
EXT_ORA_TaxRate,01_oracle_extract,6,Microsoft.ExecuteSQLTask,Log Package Success,,,exec,ETL.USP_LOGPACKAGEEND,etl-control,ETL control,False,direct
EXT_ORA_TaxRate,01_oracle_extract,7,Microsoft.ExecuteSQLTask,Log Error,,,exec,ETL.USP_LOGERROR,etl-control,ETL control,False,direct
EXT_ORA_TaxRate,01_oracle_extract,8,Microsoft.ExecuteSQLTask,Mark Execution Failed,,,exec,ETL.USP_LOGPACKAGEEND,etl-control,ETL control,False,direct
EXT_ORA_VendorContract,01_oracle_extract,2,Microsoft.ExecuteSQLTask,Log Package Start,,,exec,ETL.USP_LOGPACKAGESTART,etl-control,ETL control,False,direct
EXT_ORA_VendorContract,01_oracle_extract,3,Microsoft.ExecuteSQLTask,Truncate raw_OracleVendorContract,,,write,RAW.ORACLEVENDORCONTRACT,staging-raw,SQL Server Staging,True,direct
EXT_ORA_VendorContract,01_oracle_extract,4,Microsoft.Pipeline,Load Vendor Contracts,ORA VENDOR_CONTRACT,WWI_Oracle_ERP,read,WWI_PROC.VENDOR_CONTRACT,oracle,Oracle,True,direct
EXT_ORA_VendorContract,01_oracle_extract,4,Microsoft.Pipeline,Load Vendor Contracts,ORA VENDOR_CONTRACT,WWI_Oracle_ERP,read,WWI_PROC.VENDOR_CONTRACT_LINE,oracle,Oracle,True,direct
EXT_ORA_VendorContract,01_oracle_extract,4,Microsoft.Pipeline,Load Vendor Contracts,raw OracleVendorContract,WWI_Staging_DB,write,RAW.ORACLEVENDORCONTRACT,staging-raw,SQL Server Staging,True,direct
EXT_ORA_VendorContract,01_oracle_extract,5,Microsoft.ExecuteSQLTask,Log Row Counts,,,exec,ETL.USP_LOGROWCOUNT,etl-control,ETL control,False,direct
EXT_ORA_VendorContract,01_oracle_extract,6,Microsoft.ExecuteSQLTask,Log Package Success,,,exec,ETL.USP_LOGPACKAGEEND,etl-control,ETL control,False,direct
EXT_ORA_VendorContract,01_oracle_extract,7,Microsoft.ExecuteSQLTask,Log Error,,,exec,ETL.USP_LOGERROR,etl-control,ETL control,False,direct
EXT_ORA_VendorContract,01_oracle_extract,8,Microsoft.ExecuteSQLTask,Mark Execution Failed,,,exec,ETL.USP_LOGPACKAGEEND,etl-control,ETL control,False,direct
EXT_SQL_Cities,02_sqlserver_extract,2,Microsoft.ExecuteSQLTask,Log Package Start,,,exec,ETL.USP_LOGPACKAGESTART,etl-control,ETL control,False,direct
EXT_SQL_Cities,02_sqlserver_extract,3,Microsoft.ExecuteSQLTask,Delete OLTP City Rows,,,read,RAW.ORACLEGEOGRAPHY,staging-raw,SQL Server Staging,True,direct
EXT_SQL_Cities,02_sqlserver_extract,3,Microsoft.ExecuteSQLTask,Delete OLTP City Rows,,,write,RAW.ORACLEGEOGRAPHY,staging-raw,SQL Server Staging,True,direct
EXT_SQL_Cities,02_sqlserver_extract,4,Microsoft.Pipeline,Load Cities,OLTP Application_Cities,WWI_Source_DB,read,APPLICATION.CITIES,oltp,SQL Server OLTP,False,direct
EXT_SQL_Cities,02_sqlserver_extract,4,Microsoft.Pipeline,Load Cities,OLTP Application_Cities,WWI_Source_DB,read,APPLICATION.COUNTRIES,oltp,SQL Server OLTP,False,direct
EXT_SQL_Cities,02_sqlserver_extract,4,Microsoft.Pipeline,Load Cities,OLTP Application_Cities,WWI_Source_DB,read,APPLICATION.STATEPROVINCES,oltp,SQL Server OLTP,False,direct
EXT_SQL_Cities,02_sqlserver_extract,4,Microsoft.Pipeline,Load Cities,err RejectedConstraintViolation,WWI_Staging_DB,write,ERR.REJECTEDCONSTRAINTVIOLATION,staging-err,SQL Server Staging,True,direct
EXT_SQL_Cities,02_sqlserver_extract,4,Microsoft.Pipeline,Load Cities,raw OracleGeography Cities,WWI_Staging_DB,write,RAW.ORACLEGEOGRAPHY,staging-raw,SQL Server Staging,True,direct
EXT_SQL_Cities,02_sqlserver_extract,5,Microsoft.ExecuteSQLTask,Log Row Counts,,,exec,ETL.USP_LOGROWCOUNT,etl-control,ETL control,False,direct
EXT_SQL_Cities,02_sqlserver_extract,6,Microsoft.ExecuteSQLTask,Log Package Success,,,exec,ETL.USP_LOGPACKAGEEND,etl-control,ETL control,False,direct
EXT_SQL_Cities,02_sqlserver_extract,7,Microsoft.ExecuteSQLTask,Log Error,,,exec,ETL.USP_LOGERROR,etl-control,ETL control,False,direct
EXT_SQL_Cities,02_sqlserver_extract,8,Microsoft.ExecuteSQLTask,Mark Execution Failed,,,exec,ETL.USP_LOGPACKAGEEND,etl-control,ETL control,False,direct
EXT_SQL_CreditNotes,02_sqlserver_extract,2,Microsoft.ExecuteSQLTask,Log Package Start,,,exec,ETL.USP_LOGPACKAGESTART,etl-control,ETL control,False,direct
EXT_SQL_CreditNotes,02_sqlserver_extract,3,Microsoft.ExecuteSQLTask,Get Watermark,,,exec,ETL.USP_GETWATERMARK,etl-control,ETL control,False,direct
EXT_SQL_CreditNotes,02_sqlserver_extract,4,Microsoft.Pipeline,Extract Credit Note Lines,OLTP vw_CreditNoteExtract,WWI_Source_DB,read,RETURNS.CREDITNOTES,unknown,SQL Server OLTP,True,direct
EXT_SQL_CreditNotes,02_sqlserver_extract,4,Microsoft.Pipeline,Extract Credit Note Lines,OLTP vw_CreditNoteExtract,WWI_Source_DB,read,RETURNS.VW_CREDITNOTEEXTRACT,unknown,SQL Server OLTP,True,direct
EXT_SQL_CreditNotes,02_sqlserver_extract,4,Microsoft.Pipeline,Extract Credit Note Lines,err RejectedConstraintViolation,WWI_Staging_DB,write,ERR.REJECTEDCONSTRAINTVIOLATION,staging-err,SQL Server Staging,True,direct
EXT_SQL_CreditNotes,02_sqlserver_extract,4,Microsoft.Pipeline,Extract Credit Note Lines,raw SqlCreditNote,WWI_Staging_DB,write,RAW.SQLCREDITNOTE,staging-raw,SQL Server Staging,True,direct
EXT_SQL_CreditNotes,02_sqlserver_extract,5,Microsoft.ExecuteSQLTask,Set Watermark,,,exec,ETL.USP_SETWATERMARK,etl-control,ETL control,False,direct
EXT_SQL_CreditNotes,02_sqlserver_extract,6,Microsoft.ExecuteSQLTask,Log Row Counts,,,exec,ETL.USP_LOGROWCOUNT,etl-control,ETL control,False,direct
EXT_SQL_CreditNotes,02_sqlserver_extract,7,Microsoft.ExecuteSQLTask,Log Package Success,,,exec,ETL.USP_LOGPACKAGEEND,etl-control,ETL control,False,direct
EXT_SQL_CreditNotes,02_sqlserver_extract,8,Microsoft.ExecuteSQLTask,Log Error,,,exec,ETL.USP_LOGERROR,etl-control,ETL control,False,direct
EXT_SQL_CreditNotes,02_sqlserver_extract,9,Microsoft.ExecuteSQLTask,Mark Execution Failed,,,exec,ETL.USP_LOGPACKAGEEND,etl-control,ETL control,False,direct
EXT_SQL_CustomerSegments,02_sqlserver_extract,2,Microsoft.ExecuteSQLTask,Log Package Start,,,exec,ETL.USP_LOGPACKAGESTART,etl-control,ETL control,False,direct
EXT_SQL_CustomerSegments,02_sqlserver_extract,3,Microsoft.ExecuteSQLTask,Delete Segment Rows,,,read,RAW.SQLORDER,staging-raw,SQL Server Staging,True,direct
EXT_SQL_CustomerSegments,02_sqlserver_extract,3,Microsoft.ExecuteSQLTask,Delete Segment Rows,,,write,RAW.SQLORDER,staging-raw,SQL Server Staging,True,direct
EXT_SQL_CustomerSegments,02_sqlserver_extract,4,Microsoft.Pipeline,Load Customer Segments,OLTP vw_CustomerSegmentCurrent,WWI_Source_DB,read,SALES.CUSTOMERSEGMENTS,oltp,SQL Server OLTP,True,direct
EXT_SQL_CustomerSegments,02_sqlserver_extract,4,Microsoft.Pipeline,Load Customer Segments,OLTP vw_CustomerSegmentCurrent,WWI_Source_DB,read,SALES.VW_CUSTOMERSEGMENTCURRENT,oltp,SQL Server OLTP,True,direct
EXT_SQL_CustomerSegments,02_sqlserver_extract,4,Microsoft.Pipeline,Load Customer Segments,err RejectedCustomer,WWI_Staging_DB,write,ERR.REJECTEDCUSTOMER,staging-err,SQL Server Staging,True,direct
EXT_SQL_CustomerSegments,02_sqlserver_extract,4,Microsoft.Pipeline,Load Customer Segments,raw SqlOrder Segments,WWI_Staging_DB,write,RAW.SQLORDER,staging-raw,SQL Server Staging,True,direct
EXT_SQL_CustomerSegments,02_sqlserver_extract,5,Microsoft.ExecuteSQLTask,Log Row Counts,,,exec,ETL.USP_LOGROWCOUNT,etl-control,ETL control,False,direct
EXT_SQL_CustomerSegments,02_sqlserver_extract,6,Microsoft.ExecuteSQLTask,Log Package Success,,,exec,ETL.USP_LOGPACKAGEEND,etl-control,ETL control,False,direct
EXT_SQL_CustomerSegments,02_sqlserver_extract,7,Microsoft.ExecuteSQLTask,Log Error,,,exec,ETL.USP_LOGERROR,etl-control,ETL control,False,direct
EXT_SQL_CustomerSegments,02_sqlserver_extract,8,Microsoft.ExecuteSQLTask,Mark Execution Failed,,,exec,ETL.USP_LOGPACKAGEEND,etl-control,ETL control,False,direct
EXT_SQL_CustomerTransactions,02_sqlserver_extract,2,Microsoft.ExecuteSQLTask,Log Package Start,,,exec,ETL.USP_LOGPACKAGESTART,etl-control,ETL control,False,direct
EXT_SQL_CustomerTransactions,02_sqlserver_extract,3,Microsoft.ExecuteSQLTask,Get Watermark,,,exec,ETL.USP_GETWATERMARK,etl-control,ETL control,False,direct
EXT_SQL_CustomerTransactions,02_sqlserver_extract,4,Microsoft.ExecuteSQLTask,Read Source Max CustomerTransactionID,,,read,SALES.CUSTOMERTRANSACTIONS,oltp,SQL Server OLTP,False,direct
EXT_SQL_CustomerTransactions,02_sqlserver_extract,5,Microsoft.Pipeline,Extract Customer Transactions,OLTP Sales_CustomerTransactions,WWI_Source_DB,read,APPLICATION.PAYMENTMETHODS,oltp,SQL Server OLTP,False,direct
EXT_SQL_CustomerTransactions,02_sqlserver_extract,5,Microsoft.Pipeline,Extract Customer Transactions,OLTP Sales_CustomerTransactions,WWI_Source_DB,read,APPLICATION.TRANSACTIONTYPES,oltp,SQL Server OLTP,False,direct
EXT_SQL_CustomerTransactions,02_sqlserver_extract,5,Microsoft.Pipeline,Extract Customer Transactions,OLTP Sales_CustomerTransactions,WWI_Source_DB,read,SALES.CUSTOMERTRANSACTIONS,oltp,SQL Server OLTP,False,direct
EXT_SQL_CustomerTransactions,02_sqlserver_extract,5,Microsoft.Pipeline,Extract Customer Transactions,err RejectedConstraintViolation,WWI_Staging_DB,write,ERR.REJECTEDCONSTRAINTVIOLATION,staging-err,SQL Server Staging,True,direct
EXT_SQL_CustomerTransactions,02_sqlserver_extract,5,Microsoft.Pipeline,Extract Customer Transactions,raw SqlInvoice AR Transactions,WWI_Staging_DB,write,RAW.SQLINVOICE,staging-raw,SQL Server Staging,True,direct
EXT_SQL_CustomerTransactions,02_sqlserver_extract,6,Microsoft.ExecuteSQLTask,Set Watermark,,,exec,ETL.USP_SETWATERMARK,etl-control,ETL control,False,direct
EXT_SQL_CustomerTransactions,02_sqlserver_extract,7,Microsoft.ExecuteSQLTask,Log Row Counts,,,exec,ETL.USP_LOGROWCOUNT,etl-control,ETL control,False,direct
EXT_SQL_CustomerTransactions,02_sqlserver_extract,8,Microsoft.ExecuteSQLTask,Log Package Success,,,exec,ETL.USP_LOGPACKAGEEND,etl-control,ETL control,False,direct
EXT_SQL_CustomerTransactions,02_sqlserver_extract,9,Microsoft.ExecuteSQLTask,Log Error,,,exec,ETL.USP_LOGERROR,etl-control,ETL control,False,direct
EXT_SQL_CustomerTransactions,02_sqlserver_extract,10,Microsoft.ExecuteSQLTask,Mark Execution Failed,,,exec,ETL.USP_LOGPACKAGEEND,etl-control,ETL control,False,direct
EXT_SQL_InvoiceLines,02_sqlserver_extract,2,Microsoft.ExecuteSQLTask,Log Package Start,,,exec,ETL.USP_LOGPACKAGESTART,etl-control,ETL control,False,direct
EXT_SQL_InvoiceLines,02_sqlserver_extract,3,Microsoft.ExecuteSQLTask,Get Watermark,,,exec,ETL.USP_GETWATERMARK,etl-control,ETL control,False,direct
EXT_SQL_InvoiceLines,02_sqlserver_extract,4,Microsoft.ExecuteSQLTask,Read Source Max InvoiceLineID,,,read,SALES.INVOICELINES,oltp,SQL Server OLTP,False,direct
EXT_SQL_InvoiceLines,02_sqlserver_extract,5,Microsoft.Pipeline,Extract Invoice Lines,OLTP Sales_InvoiceLines,WWI_Source_DB,read,SALES.INVOICELINES,oltp,SQL Server OLTP,False,direct
EXT_SQL_InvoiceLines,02_sqlserver_extract,5,Microsoft.Pipeline,Extract Invoice Lines,OLTP Sales_InvoiceLines,WWI_Source_DB,read,WAREHOUSE.STOCKITEMS,oltp,SQL Server OLTP,False,direct
EXT_SQL_InvoiceLines,02_sqlserver_extract,5,Microsoft.Pipeline,Extract Invoice Lines,err RejectedConstraintViolation,WWI_Staging_DB,write,ERR.REJECTEDCONSTRAINTVIOLATION,staging-err,SQL Server Staging,True,direct
EXT_SQL_InvoiceLines,02_sqlserver_extract,5,Microsoft.Pipeline,Extract Invoice Lines,raw SqlInvoiceLine,WWI_Staging_DB,write,RAW.SQLINVOICELINE,staging-raw,SQL Server Staging,True,direct
EXT_SQL_InvoiceLines,02_sqlserver_extract,6,Microsoft.ExecuteSQLTask,Set Watermark,,,exec,ETL.USP_SETWATERMARK,etl-control,ETL control,False,direct
EXT_SQL_InvoiceLines,02_sqlserver_extract,7,Microsoft.ExecuteSQLTask,Log Row Counts,,,exec,ETL.USP_LOGROWCOUNT,etl-control,ETL control,False,direct
EXT_SQL_InvoiceLines,02_sqlserver_extract,8,Microsoft.ExecuteSQLTask,Log Package Success,,,exec,ETL.USP_LOGPACKAGEEND,etl-control,ETL control,False,direct
EXT_SQL_InvoiceLines,02_sqlserver_extract,9,Microsoft.ExecuteSQLTask,Log Error,,,exec,ETL.USP_LOGERROR,etl-control,ETL control,False,direct
EXT_SQL_InvoiceLines,02_sqlserver_extract,10,Microsoft.ExecuteSQLTask,Mark Execution Failed,,,exec,ETL.USP_LOGPACKAGEEND,etl-control,ETL control,False,direct
EXT_SQL_Invoices,02_sqlserver_extract,2,Microsoft.ExecuteSQLTask,Log Package Start,,,exec,ETL.USP_LOGPACKAGESTART,etl-control,ETL control,False,direct
EXT_SQL_Invoices,02_sqlserver_extract,3,Microsoft.ExecuteSQLTask,Get Watermark,,,exec,ETL.USP_GETWATERMARK,etl-control,ETL control,False,direct
EXT_SQL_Invoices,02_sqlserver_extract,4,Microsoft.ExecuteSQLTask,Read Source Max InvoiceID,,,read,SALES.INVOICES,oltp,SQL Server OLTP,False,direct
EXT_SQL_Invoices,02_sqlserver_extract,5,Microsoft.Pipeline,Extract Invoices,OLTP vw_InvoiceExtract,WWI_Source_DB,read,SALES.VW_INVOICEEXTRACT,oltp,SQL Server OLTP,True,direct
EXT_SQL_Invoices,02_sqlserver_extract,5,Microsoft.Pipeline,Extract Invoices,raw SqlInvoice,WWI_Staging_DB,write,RAW.SQLINVOICE,staging-raw,SQL Server Staging,True,direct
EXT_SQL_Invoices,02_sqlserver_extract,5,Microsoft.Pipeline,Extract Invoices,raw SqlInvoice Credit Notes,WWI_Staging_DB,write,RAW.SQLINVOICE,staging-raw,SQL Server Staging,True,direct
EXT_SQL_Invoices,02_sqlserver_extract,6,Microsoft.ExecuteSQLTask,Set Watermark,,,exec,ETL.USP_SETWATERMARK,etl-control,ETL control,False,direct
EXT_SQL_Invoices,02_sqlserver_extract,7,Microsoft.ExecuteSQLTask,Log Row Counts,,,exec,ETL.USP_LOGROWCOUNT,etl-control,ETL control,False,direct
EXT_SQL_Invoices,02_sqlserver_extract,8,Microsoft.ExecuteSQLTask,Log Package Success,,,exec,ETL.USP_LOGPACKAGEEND,etl-control,ETL control,False,direct
EXT_SQL_Invoices,02_sqlserver_extract,9,Microsoft.ExecuteSQLTask,Log Error,,,exec,ETL.USP_LOGERROR,etl-control,ETL control,False,direct
EXT_SQL_Invoices,02_sqlserver_extract,10,Microsoft.ExecuteSQLTask,Mark Execution Failed,,,exec,ETL.USP_LOGPACKAGEEND,etl-control,ETL control,False,direct
EXT_SQL_LoyaltyLedger,02_sqlserver_extract,2,Microsoft.ExecuteSQLTask,Log Package Start,,,exec,ETL.USP_LOGPACKAGESTART,etl-control,ETL control,False,direct
EXT_SQL_LoyaltyLedger,02_sqlserver_extract,3,Microsoft.ExecuteSQLTask,Get Watermark,,,exec,ETL.USP_GETWATERMARK,etl-control,ETL control,False,direct
EXT_SQL_LoyaltyLedger,02_sqlserver_extract,4,Microsoft.ExecuteSQLTask,Clear Reread Window,,,read,RAW.SQLLOYALTYLEDGER,staging-raw,SQL Server Staging,True,direct
EXT_SQL_LoyaltyLedger,02_sqlserver_extract,4,Microsoft.ExecuteSQLTask,Clear Reread Window,,,write,RAW.SQLLOYALTYLEDGER,staging-raw,SQL Server Staging,True,direct
EXT_SQL_LoyaltyLedger,02_sqlserver_extract,5,Microsoft.Pipeline,Extract Loyalty Ledger,OLTP Loyalty_LoyaltyPointsLedger,WWI_Source_DB,read,LOYALTY.LOYALTYMEMBERS,unknown,SQL Server OLTP,True,direct
EXT_SQL_LoyaltyLedger,02_sqlserver_extract,5,Microsoft.Pipeline,Extract Loyalty Ledger,OLTP Loyalty_LoyaltyPointsLedger,WWI_Source_DB,read,LOYALTY.LOYALTYPOINTSLEDGER,unknown,SQL Server OLTP,True,direct
EXT_SQL_LoyaltyLedger,02_sqlserver_extract,5,Microsoft.Pipeline,Extract Loyalty Ledger,OLTP Loyalty_LoyaltyPointsLedger,WWI_Source_DB,read,LOYALTY.LOYALTYPROGRAMS,unknown,SQL Server OLTP,True,direct
EXT_SQL_LoyaltyLedger,02_sqlserver_extract,5,Microsoft.Pipeline,Extract Loyalty Ledger,raw SqlLoyaltyLedger,WWI_Staging_DB,write,RAW.SQLLOYALTYLEDGER,staging-raw,SQL Server Staging,True,direct
EXT_SQL_LoyaltyLedger,02_sqlserver_extract,6,Microsoft.ExecuteSQLTask,Set Watermark,,,exec,ETL.USP_SETWATERMARK,etl-control,ETL control,False,direct
EXT_SQL_LoyaltyLedger,02_sqlserver_extract,7,Microsoft.ExecuteSQLTask,Log Row Counts,,,exec,ETL.USP_LOGROWCOUNT,etl-control,ETL control,False,direct
EXT_SQL_LoyaltyLedger,02_sqlserver_extract,8,Microsoft.ExecuteSQLTask,Log Package Success,,,exec,ETL.USP_LOGPACKAGEEND,etl-control,ETL control,False,direct
EXT_SQL_LoyaltyLedger,02_sqlserver_extract,9,Microsoft.ExecuteSQLTask,Log Error,,,exec,ETL.USP_LOGERROR,etl-control,ETL control,False,direct
EXT_SQL_LoyaltyLedger,02_sqlserver_extract,10,Microsoft.ExecuteSQLTask,Mark Execution Failed,,,exec,ETL.USP_LOGPACKAGEEND,etl-control,ETL control,False,direct
EXT_SQL_OrderLines,02_sqlserver_extract,2,Microsoft.ExecuteSQLTask,Log Package Start,,,exec,ETL.USP_LOGPACKAGESTART,etl-control,ETL control,False,direct
EXT_SQL_OrderLines,02_sqlserver_extract,3,Microsoft.ExecuteSQLTask,Get Watermark,,,exec,ETL.USP_GETWATERMARK,etl-control,ETL control,False,direct
EXT_SQL_OrderLines,02_sqlserver_extract,4,Microsoft.ExecuteSQLTask,Read Source Max OrderLineID,,,read,SALES.ORDERLINES,oltp,SQL Server OLTP,False,direct
EXT_SQL_OrderLines,02_sqlserver_extract,5,Microsoft.Pipeline,Extract Order Lines,OLTP vw_OrderLineExtract,WWI_Source_DB,read,SALES.ORDERDISCOUNTS,oltp,SQL Server OLTP,True,direct
EXT_SQL_OrderLines,02_sqlserver_extract,5,Microsoft.Pipeline,Extract Order Lines,OLTP vw_OrderLineExtract,WWI_Source_DB,read,SALES.VW_ORDERLINEEXTRACT,oltp,SQL Server OLTP,True,direct
EXT_SQL_OrderLines,02_sqlserver_extract,5,Microsoft.Pipeline,Extract Order Lines,err RejectedConstraintViolation,WWI_Staging_DB,write,ERR.REJECTEDCONSTRAINTVIOLATION,staging-err,SQL Server Staging,True,direct
EXT_SQL_OrderLines,02_sqlserver_extract,5,Microsoft.Pipeline,Extract Order Lines,raw SqlOrderLine,WWI_Staging_DB,write,RAW.SQLORDERLINE,staging-raw,SQL Server Staging,True,direct
EXT_SQL_OrderLines,02_sqlserver_extract,6,Microsoft.ExecuteSQLTask,Set Watermark,,,exec,ETL.USP_SETWATERMARK,etl-control,ETL control,False,direct
EXT_SQL_OrderLines,02_sqlserver_extract,7,Microsoft.ExecuteSQLTask,Log Row Counts,,,exec,ETL.USP_LOGROWCOUNT,etl-control,ETL control,False,direct
EXT_SQL_OrderLines,02_sqlserver_extract,8,Microsoft.ExecuteSQLTask,Log Package Success,,,exec,ETL.USP_LOGPACKAGEEND,etl-control,ETL control,False,direct
EXT_SQL_OrderLines,02_sqlserver_extract,9,Microsoft.ExecuteSQLTask,Log Error,,,exec,ETL.USP_LOGERROR,etl-control,ETL control,False,direct
EXT_SQL_OrderLines,02_sqlserver_extract,10,Microsoft.ExecuteSQLTask,Mark Execution Failed,,,exec,ETL.USP_LOGPACKAGEEND,etl-control,ETL control,False,direct
EXT_SQL_Orders,02_sqlserver_extract,2,Microsoft.ExecuteSQLTask,Log Package Start,,,exec,ETL.USP_LOGPACKAGESTART,etl-control,ETL control,False,direct
EXT_SQL_Orders,02_sqlserver_extract,3,Microsoft.ExecuteSQLTask,Get Watermark,,,exec,ETL.USP_GETWATERMARK,etl-control,ETL control,False,direct
EXT_SQL_Orders,02_sqlserver_extract,4,Microsoft.ExecuteSQLTask,Read Change Tracking Version,,,read,INTEGRATION.CHANGETRACKINGWATERMARK,dw-integration,SQL Server OLTP,True,direct
EXT_SQL_Orders,02_sqlserver_extract,5,Microsoft.ExecuteSQLTask,Read Source Max OrderID,,,read,SALES.ORDERS,oltp,SQL Server OLTP,False,direct
EXT_SQL_Orders,02_sqlserver_extract,6,Microsoft.Pipeline,Extract Orders,OLTP Sales_Orders,WWI_Source_DB,read,SALES.ORDERS,oltp,SQL Server OLTP,False,direct
EXT_SQL_Orders,02_sqlserver_extract,6,Microsoft.Pipeline,Extract Orders,OLTP Sales_Orders,WWI_Source_DB,read,SALES.SALESCHANNELS,oltp,SQL Server OLTP,True,direct
EXT_SQL_Orders,02_sqlserver_extract,6,Microsoft.Pipeline,Extract Orders,OLTP Sales_Orders,WWI_Source_DB,read,SALES.SALESTERRITORIES,oltp,SQL Server OLTP,True,direct
EXT_SQL_Orders,02_sqlserver_extract,6,Microsoft.Pipeline,Extract Orders,err RejectedConstraintViolation,WWI_Staging_DB,write,ERR.REJECTEDCONSTRAINTVIOLATION,staging-err,SQL Server Staging,True,direct
EXT_SQL_Orders,02_sqlserver_extract,6,Microsoft.Pipeline,Extract Orders,raw SqlOrder,WWI_Staging_DB,write,RAW.SQLORDER,staging-raw,SQL Server Staging,True,direct
EXT_SQL_Orders,02_sqlserver_extract,7,Microsoft.Pipeline,Detect Deleted Orders,raw SqlOrder Deletes,WWI_Staging_DB,write,RAW.SQLORDER,staging-raw,SQL Server Staging,True,direct
EXT_SQL_Orders,02_sqlserver_extract,8,Microsoft.ExecuteSQLTask,Set Watermark,,,exec,ETL.USP_SETWATERMARK,etl-control,ETL control,False,direct
EXT_SQL_Orders,02_sqlserver_extract,9,Microsoft.ExecuteSQLTask,Log Row Counts,,,exec,ETL.USP_LOGROWCOUNT,etl-control,ETL control,False,direct
EXT_SQL_Orders,02_sqlserver_extract,10,Microsoft.ExecuteSQLTask,Log Package Success,,,exec,ETL.USP_LOGPACKAGEEND,etl-control,ETL control,False,direct
EXT_SQL_Orders,02_sqlserver_extract,11,Microsoft.ExecuteSQLTask,Log Error,,,exec,ETL.USP_LOGERROR,etl-control,ETL control,False,direct
EXT_SQL_Orders,02_sqlserver_extract,12,Microsoft.ExecuteSQLTask,Mark Execution Failed,,,exec,ETL.USP_LOGPACKAGEEND,etl-control,ETL control,False,direct
EXT_SQL_PaymentMethods,02_sqlserver_extract,2,Microsoft.ExecuteSQLTask,Log Package Start,,,exec,ETL.USP_LOGPACKAGESTART,etl-control,ETL control,False,direct
EXT_SQL_PaymentMethods,02_sqlserver_extract,3,Microsoft.ExecuteSQLTask,Delete Payment Method Rows,,,read,RAW.SQLINVOICE,staging-raw,SQL Server Staging,True,direct
EXT_SQL_PaymentMethods,02_sqlserver_extract,3,Microsoft.ExecuteSQLTask,Delete Payment Method Rows,,,write,RAW.SQLINVOICE,staging-raw,SQL Server Staging,True,direct
EXT_SQL_PaymentMethods,02_sqlserver_extract,4,Microsoft.Pipeline,Load Payment Methods,OLTP Application_PaymentMethods,WWI_Source_DB,read,APPLICATION.PAYMENTMETHODS,oltp,SQL Server OLTP,False,direct
EXT_SQL_PaymentMethods,02_sqlserver_extract,4,Microsoft.Pipeline,Load Payment Methods,raw SqlInvoice Payment Methods,WWI_Staging_DB,write,RAW.SQLINVOICE,staging-raw,SQL Server Staging,True,direct
EXT_SQL_PaymentMethods,02_sqlserver_extract,5,Microsoft.ExecuteSQLTask,Log Row Counts,,,exec,ETL.USP_LOGROWCOUNT,etl-control,ETL control,False,direct
EXT_SQL_PaymentMethods,02_sqlserver_extract,6,Microsoft.ExecuteSQLTask,Log Package Success,,,exec,ETL.USP_LOGPACKAGEEND,etl-control,ETL control,False,direct
EXT_SQL_PaymentMethods,02_sqlserver_extract,7,Microsoft.ExecuteSQLTask,Log Error,,,exec,ETL.USP_LOGERROR,etl-control,ETL control,False,direct
EXT_SQL_PaymentMethods,02_sqlserver_extract,8,Microsoft.ExecuteSQLTask,Mark Execution Failed,,,exec,ETL.USP_LOGPACKAGEEND,etl-control,ETL control,False,direct
EXT_SQL_People,02_sqlserver_extract,2,Microsoft.ExecuteSQLTask,Log Package Start,,,exec,ETL.USP_LOGPACKAGESTART,etl-control,ETL control,False,direct
EXT_SQL_People,02_sqlserver_extract,3,Microsoft.ExecuteSQLTask,Delete Person Rows,,,read,RAW.SQLORDER,staging-raw,SQL Server Staging,True,direct
EXT_SQL_People,02_sqlserver_extract,3,Microsoft.ExecuteSQLTask,Delete Person Rows,,,write,RAW.SQLORDER,staging-raw,SQL Server Staging,True,direct
EXT_SQL_People,02_sqlserver_extract,4,Microsoft.Pipeline,Load People,OLTP Application_People,WWI_Source_DB,read,APPLICATION.PEOPLE,oltp,SQL Server OLTP,False,direct
EXT_SQL_People,02_sqlserver_extract,4,Microsoft.Pipeline,Load People,raw SqlOrder People,WWI_Staging_DB,write,RAW.SQLORDER,staging-raw,SQL Server Staging,True,direct
EXT_SQL_People,02_sqlserver_extract,5,Microsoft.ExecuteSQLTask,Log Row Counts,,,exec,ETL.USP_LOGROWCOUNT,etl-control,ETL control,False,direct
EXT_SQL_People,02_sqlserver_extract,6,Microsoft.ExecuteSQLTask,Log Package Success,,,exec,ETL.USP_LOGPACKAGEEND,etl-control,ETL control,False,direct
EXT_SQL_People,02_sqlserver_extract,7,Microsoft.ExecuteSQLTask,Log Error,,,exec,ETL.USP_LOGERROR,etl-control,ETL control,False,direct
EXT_SQL_People,02_sqlserver_extract,8,Microsoft.ExecuteSQLTask,Mark Execution Failed,,,exec,ETL.USP_LOGPACKAGEEND,etl-control,ETL control,False,direct
EXT_SQL_Promotions,02_sqlserver_extract,2,Microsoft.ExecuteSQLTask,Log Package Start,,,exec,ETL.USP_LOGPACKAGESTART,etl-control,ETL control,False,direct
EXT_SQL_Promotions,02_sqlserver_extract,3,Microsoft.ExecuteSQLTask,Delete Promotion Rows,,,read,RAW.SQLORDER,staging-raw,SQL Server Staging,True,direct
EXT_SQL_Promotions,02_sqlserver_extract,3,Microsoft.ExecuteSQLTask,Delete Promotion Rows,,,write,RAW.SQLORDER,staging-raw,SQL Server Staging,True,direct
EXT_SQL_Promotions,02_sqlserver_extract,4,Microsoft.Pipeline,Load Promotions,OLTP Sales_Promotions,WWI_Source_DB,read,SALES.PROMOTIONLINES,oltp,SQL Server OLTP,True,direct
EXT_SQL_Promotions,02_sqlserver_extract,4,Microsoft.Pipeline,Load Promotions,OLTP Sales_Promotions,WWI_Source_DB,read,SALES.PROMOTIONREDEMPTIONS,oltp,SQL Server OLTP,True,direct
EXT_SQL_Promotions,02_sqlserver_extract,4,Microsoft.Pipeline,Load Promotions,OLTP Sales_Promotions,WWI_Source_DB,read,SALES.PROMOTIONS,oltp,SQL Server OLTP,True,direct
EXT_SQL_Promotions,02_sqlserver_extract,4,Microsoft.Pipeline,Load Promotions,raw SqlOrder Promotions,WWI_Staging_DB,write,RAW.SQLORDER,staging-raw,SQL Server Staging,True,direct
EXT_SQL_Promotions,02_sqlserver_extract,5,Microsoft.ExecuteSQLTask,Log Row Counts,,,exec,ETL.USP_LOGROWCOUNT,etl-control,ETL control,False,direct
EXT_SQL_Promotions,02_sqlserver_extract,6,Microsoft.ExecuteSQLTask,Log Package Success,,,exec,ETL.USP_LOGPACKAGEEND,etl-control,ETL control,False,direct
EXT_SQL_Promotions,02_sqlserver_extract,7,Microsoft.ExecuteSQLTask,Log Error,,,exec,ETL.USP_LOGERROR,etl-control,ETL control,False,direct
EXT_SQL_Promotions,02_sqlserver_extract,8,Microsoft.ExecuteSQLTask,Mark Execution Failed,,,exec,ETL.USP_LOGPACKAGEEND,etl-control,ETL control,False,direct
EXT_SQL_Returns,02_sqlserver_extract,2,Microsoft.ExecuteSQLTask,Log Package Start,,,exec,ETL.USP_LOGPACKAGESTART,etl-control,ETL control,False,direct
EXT_SQL_Returns,02_sqlserver_extract,3,Microsoft.ExecuteSQLTask,Get Watermark,,,exec,ETL.USP_GETWATERMARK,etl-control,ETL control,False,direct
EXT_SQL_Returns,02_sqlserver_extract,4,Microsoft.Pipeline,Extract Return Lines,OLTP vw_ReturnExtract,WWI_Source_DB,read,RETURNS.RETURNAUTHORIZATIONS,unknown,SQL Server OLTP,True,direct
EXT_SQL_Returns,02_sqlserver_extract,4,Microsoft.Pipeline,Extract Return Lines,OLTP vw_ReturnExtract,WWI_Source_DB,read,RETURNS.RETURNINSPECTIONS,unknown,SQL Server OLTP,True,direct
EXT_SQL_Returns,02_sqlserver_extract,4,Microsoft.Pipeline,Extract Return Lines,OLTP vw_ReturnExtract,WWI_Source_DB,read,RETURNS.RETURNREASONS,unknown,SQL Server OLTP,True,direct
EXT_SQL_Returns,02_sqlserver_extract,4,Microsoft.Pipeline,Extract Return Lines,OLTP vw_ReturnExtract,WWI_Source_DB,read,RETURNS.VW_RETURNEXTRACT,unknown,SQL Server OLTP,True,direct
EXT_SQL_Returns,02_sqlserver_extract,4,Microsoft.Pipeline,Extract Return Lines,raw SqlReturnLine,WWI_Staging_DB,write,RAW.SQLRETURNLINE,staging-raw,SQL Server Staging,True,direct
EXT_SQL_Returns,02_sqlserver_extract,4,Microsoft.Pipeline,Extract Return Lines,raw SqlReturnLine Pending,WWI_Staging_DB,write,RAW.SQLRETURNLINE,staging-raw,SQL Server Staging,True,direct
EXT_SQL_Returns,02_sqlserver_extract,5,Microsoft.ExecuteSQLTask,Set Watermark,,,exec,ETL.USP_SETWATERMARK,etl-control,ETL control,False,direct
EXT_SQL_Returns,02_sqlserver_extract,6,Microsoft.ExecuteSQLTask,Log Row Counts,,,exec,ETL.USP_LOGROWCOUNT,etl-control,ETL control,False,direct
EXT_SQL_Returns,02_sqlserver_extract,7,Microsoft.ExecuteSQLTask,Log Package Success,,,exec,ETL.USP_LOGPACKAGEEND,etl-control,ETL control,False,direct
EXT_SQL_Returns,02_sqlserver_extract,8,Microsoft.ExecuteSQLTask,Log Error,,,exec,ETL.USP_LOGERROR,etl-control,ETL control,False,direct
EXT_SQL_Returns,02_sqlserver_extract,9,Microsoft.ExecuteSQLTask,Mark Execution Failed,,,exec,ETL.USP_LOGPACKAGEEND,etl-control,ETL control,False,direct
EXT_SQL_SalesTerritories,02_sqlserver_extract,2,Microsoft.ExecuteSQLTask,Log Package Start,,,exec,ETL.USP_LOGPACKAGESTART,etl-control,ETL control,False,direct
EXT_SQL_SalesTerritories,02_sqlserver_extract,3,Microsoft.ExecuteSQLTask,Delete Territory Rows,,,read,RAW.SQLORDER,staging-raw,SQL Server Staging,True,direct
EXT_SQL_SalesTerritories,02_sqlserver_extract,3,Microsoft.ExecuteSQLTask,Delete Territory Rows,,,write,RAW.SQLORDER,staging-raw,SQL Server Staging,True,direct
EXT_SQL_SalesTerritories,02_sqlserver_extract,4,Microsoft.Pipeline,Load Sales Territories,OLTP Sales_SalesTerritories,WWI_Source_DB,read,SALES.COMMISSIONPLANS,oltp,SQL Server OLTP,True,direct
EXT_SQL_SalesTerritories,02_sqlserver_extract,4,Microsoft.Pipeline,Load Sales Territories,OLTP Sales_SalesTerritories,WWI_Source_DB,read,SALES.SALESQUOTAS,oltp,SQL Server OLTP,True,direct
EXT_SQL_SalesTerritories,02_sqlserver_extract,4,Microsoft.Pipeline,Load Sales Territories,OLTP Sales_SalesTerritories,WWI_Source_DB,read,SALES.SALESTERRITORIES,oltp,SQL Server OLTP,True,direct
EXT_SQL_SalesTerritories,02_sqlserver_extract,4,Microsoft.Pipeline,Load Sales Territories,raw SqlOrder Territories,WWI_Staging_DB,write,RAW.SQLORDER,staging-raw,SQL Server Staging,True,direct
EXT_SQL_SalesTerritories,02_sqlserver_extract,5,Microsoft.ExecuteSQLTask,Log Row Counts,,,exec,ETL.USP_LOGROWCOUNT,etl-control,ETL control,False,direct
EXT_SQL_SalesTerritories,02_sqlserver_extract,6,Microsoft.ExecuteSQLTask,Log Package Success,,,exec,ETL.USP_LOGPACKAGEEND,etl-control,ETL control,False,direct
EXT_SQL_SalesTerritories,02_sqlserver_extract,7,Microsoft.ExecuteSQLTask,Log Error,,,exec,ETL.USP_LOGERROR,etl-control,ETL control,False,direct
EXT_SQL_SalesTerritories,02_sqlserver_extract,8,Microsoft.ExecuteSQLTask,Mark Execution Failed,,,exec,ETL.USP_LOGPACKAGEEND,etl-control,ETL control,False,direct
EXT_SQL_ShipmentLines,02_sqlserver_extract,2,Microsoft.ExecuteSQLTask,Log Package Start,,,exec,ETL.USP_LOGPACKAGESTART,etl-control,ETL control,False,direct
EXT_SQL_ShipmentLines,02_sqlserver_extract,3,Microsoft.ExecuteSQLTask,Get Watermark,,,exec,ETL.USP_GETWATERMARK,etl-control,ETL control,False,direct
EXT_SQL_ShipmentLines,02_sqlserver_extract,4,Microsoft.ExecuteSQLTask,Read Source Max ShipmentLineID,,,read,SHIPPING.SHIPMENTLINES,unknown,SQL Server OLTP,True,direct
EXT_SQL_ShipmentLines,02_sqlserver_extract,5,Microsoft.Pipeline,Extract Shipment Lines,OLTP Shipping_ShipmentLines,WWI_Source_DB,read,SHIPPING.PACKAGINGTYPES,unknown,SQL Server OLTP,True,direct
EXT_SQL_ShipmentLines,02_sqlserver_extract,5,Microsoft.Pipeline,Extract Shipment Lines,OLTP Shipping_ShipmentLines,WWI_Source_DB,read,SHIPPING.SHIPMENTEVENTS,unknown,SQL Server OLTP,True,direct
EXT_SQL_ShipmentLines,02_sqlserver_extract,5,Microsoft.Pipeline,Extract Shipment Lines,OLTP Shipping_ShipmentLines,WWI_Source_DB,read,SHIPPING.SHIPMENTLINES,unknown,SQL Server OLTP,True,direct
EXT_SQL_ShipmentLines,02_sqlserver_extract,5,Microsoft.Pipeline,Extract Shipment Lines,err RejectedConstraintViolation,WWI_Staging_DB,write,ERR.REJECTEDCONSTRAINTVIOLATION,staging-err,SQL Server Staging,True,direct
EXT_SQL_ShipmentLines,02_sqlserver_extract,5,Microsoft.Pipeline,Extract Shipment Lines,raw SqlShipmentLine,WWI_Staging_DB,write,RAW.SQLSHIPMENTLINE,staging-raw,SQL Server Staging,True,direct
EXT_SQL_ShipmentLines,02_sqlserver_extract,6,Microsoft.ExecuteSQLTask,Set Watermark,,,exec,ETL.USP_SETWATERMARK,etl-control,ETL control,False,direct
EXT_SQL_ShipmentLines,02_sqlserver_extract,7,Microsoft.ExecuteSQLTask,Log Row Counts,,,exec,ETL.USP_LOGROWCOUNT,etl-control,ETL control,False,direct
EXT_SQL_ShipmentLines,02_sqlserver_extract,8,Microsoft.ExecuteSQLTask,Log Package Success,,,exec,ETL.USP_LOGPACKAGEEND,etl-control,ETL control,False,direct
EXT_SQL_ShipmentLines,02_sqlserver_extract,9,Microsoft.ExecuteSQLTask,Log Error,,,exec,ETL.USP_LOGERROR,etl-control,ETL control,False,direct
EXT_SQL_ShipmentLines,02_sqlserver_extract,10,Microsoft.ExecuteSQLTask,Mark Execution Failed,,,exec,ETL.USP_LOGPACKAGEEND,etl-control,ETL control,False,direct
EXT_SQL_Shipments,02_sqlserver_extract,2,Microsoft.ExecuteSQLTask,Log Package Start,,,exec,ETL.USP_LOGPACKAGESTART,etl-control,ETL control,False,direct
EXT_SQL_Shipments,02_sqlserver_extract,3,Microsoft.ExecuteSQLTask,Get Watermark,,,exec,ETL.USP_GETWATERMARK,etl-control,ETL control,False,direct
EXT_SQL_Shipments,02_sqlserver_extract,4,Microsoft.ExecuteSQLTask,Read Source Max ShipmentHeaderID,,,read,SHIPPING.SHIPMENTHEADERS,unknown,SQL Server OLTP,True,direct
EXT_SQL_Shipments,02_sqlserver_extract,5,Microsoft.Pipeline,Extract Shipments,OLTP vw_ShipmentExtract,WWI_Source_DB,read,SHIPPING.CARRIERS,unknown,SQL Server OLTP,True,direct
EXT_SQL_Shipments,02_sqlserver_extract,5,Microsoft.Pipeline,Extract Shipments,OLTP vw_ShipmentExtract,WWI_Source_DB,read,SHIPPING.CUSTOMSDECLARATIONS,unknown,SQL Server OLTP,True,direct
EXT_SQL_Shipments,02_sqlserver_extract,5,Microsoft.Pipeline,Extract Shipments,OLTP vw_ShipmentExtract,WWI_Source_DB,read,SHIPPING.DELIVERYROUTES,unknown,SQL Server OLTP,True,direct
EXT_SQL_Shipments,02_sqlserver_extract,5,Microsoft.Pipeline,Extract Shipments,OLTP vw_ShipmentExtract,WWI_Source_DB,read,SHIPPING.FREIGHTRATES,unknown,SQL Server OLTP,True,direct
EXT_SQL_Shipments,02_sqlserver_extract,5,Microsoft.Pipeline,Extract Shipments,OLTP vw_ShipmentExtract,WWI_Source_DB,read,SHIPPING.VW_SHIPMENTEXTRACT,unknown,SQL Server OLTP,True,direct
EXT_SQL_Shipments,02_sqlserver_extract,5,Microsoft.Pipeline,Extract Shipments,err RejectedConstraintViolation,WWI_Staging_DB,write,ERR.REJECTEDCONSTRAINTVIOLATION,staging-err,SQL Server Staging,True,direct
EXT_SQL_Shipments,02_sqlserver_extract,5,Microsoft.Pipeline,Extract Shipments,raw SqlShipment,WWI_Staging_DB,write,RAW.SQLSHIPMENT,staging-raw,SQL Server Staging,True,direct
EXT_SQL_Shipments,02_sqlserver_extract,6,Microsoft.ExecuteSQLTask,Set Watermark,,,exec,ETL.USP_SETWATERMARK,etl-control,ETL control,False,direct
EXT_SQL_Shipments,02_sqlserver_extract,7,Microsoft.ExecuteSQLTask,Log Row Counts,,,exec,ETL.USP_LOGROWCOUNT,etl-control,ETL control,False,direct
EXT_SQL_Shipments,02_sqlserver_extract,8,Microsoft.ExecuteSQLTask,Log Package Success,,,exec,ETL.USP_LOGPACKAGEEND,etl-control,ETL control,False,direct
EXT_SQL_Shipments,02_sqlserver_extract,9,Microsoft.ExecuteSQLTask,Log Error,,,exec,ETL.USP_LOGERROR,etl-control,ETL control,False,direct
EXT_SQL_Shipments,02_sqlserver_extract,10,Microsoft.ExecuteSQLTask,Mark Execution Failed,,,exec,ETL.USP_LOGPACKAGEEND,etl-control,ETL control,False,direct
EXT_SQL_StockItems,02_sqlserver_extract,2,Microsoft.ExecuteSQLTask,Log Package Start,,,exec,ETL.USP_LOGPACKAGESTART,etl-control,ETL control,False,direct
EXT_SQL_StockItems,02_sqlserver_extract,3,Microsoft.ExecuteSQLTask,Get Watermark,,,exec,ETL.USP_GETWATERMARK,etl-control,ETL control,False,direct
EXT_SQL_StockItems,02_sqlserver_extract,4,Microsoft.Pipeline,Extract Stock Items,OLTP Warehouse_StockItems,WWI_Source_DB,read,WAREHOUSE.REPLENISHMENTRULES,oltp,SQL Server OLTP,True,direct
EXT_SQL_StockItems,02_sqlserver_extract,4,Microsoft.Pipeline,Extract Stock Items,OLTP Warehouse_StockItems,WWI_Source_DB,read,WAREHOUSE.STOCKITEMHOLDINGS,oltp,SQL Server OLTP,False,direct
EXT_SQL_StockItems,02_sqlserver_extract,4,Microsoft.Pipeline,Extract Stock Items,OLTP Warehouse_StockItems,WWI_Source_DB,read,WAREHOUSE.STOCKITEMS,oltp,SQL Server OLTP,False,direct
EXT_SQL_StockItems,02_sqlserver_extract,4,Microsoft.Pipeline,Extract Stock Items,err RejectedProduct,WWI_Staging_DB,write,ERR.REJECTEDPRODUCT,staging-err,SQL Server Staging,True,direct
EXT_SQL_StockItems,02_sqlserver_extract,4,Microsoft.Pipeline,Extract Stock Items,raw SqlStockItem,WWI_Staging_DB,write,RAW.SQLSTOCKITEM,staging-raw,SQL Server Staging,True,direct
EXT_SQL_StockItems,02_sqlserver_extract,5,Microsoft.Pipeline,Detect Deleted Stock Items,raw SqlStockItem Deletes,WWI_Staging_DB,write,RAW.SQLSTOCKITEM,staging-raw,SQL Server Staging,True,direct
EXT_SQL_StockItems,02_sqlserver_extract,6,Microsoft.ExecuteSQLTask,Set Watermark,,,exec,ETL.USP_SETWATERMARK,etl-control,ETL control,False,direct
EXT_SQL_StockItems,02_sqlserver_extract,7,Microsoft.ExecuteSQLTask,Log Row Counts,,,exec,ETL.USP_LOGROWCOUNT,etl-control,ETL control,False,direct
EXT_SQL_StockItems,02_sqlserver_extract,8,Microsoft.ExecuteSQLTask,Log Package Success,,,exec,ETL.USP_LOGPACKAGEEND,etl-control,ETL control,False,direct
EXT_SQL_StockItems,02_sqlserver_extract,9,Microsoft.ExecuteSQLTask,Log Error,,,exec,ETL.USP_LOGERROR,etl-control,ETL control,False,direct
EXT_SQL_StockItems,02_sqlserver_extract,10,Microsoft.ExecuteSQLTask,Mark Execution Failed,,,exec,ETL.USP_LOGPACKAGEEND,etl-control,ETL control,False,direct
EXT_SQL_StockMovements,02_sqlserver_extract,2,Microsoft.ExecuteSQLTask,Log Package Start,,,exec,ETL.USP_LOGPACKAGESTART,etl-control,ETL control,False,direct
EXT_SQL_StockMovements,02_sqlserver_extract,3,Microsoft.ExecuteSQLTask,Get Watermark,,,exec,ETL.USP_GETWATERMARK,etl-control,ETL control,False,direct
EXT_SQL_StockMovements,02_sqlserver_extract,4,Microsoft.ExecuteSQLTask,Read Source Max TransactionID,,,read,WAREHOUSE.STOCKITEMTRANSACTIONS,oltp,SQL Server OLTP,False,direct
EXT_SQL_StockMovements,02_sqlserver_extract,5,Microsoft.Pipeline,Extract Stock Movements,OLTP vw_StockMovementExtract,WWI_Source_DB,read,APPLICATION.TRANSACTIONTYPES,oltp,SQL Server OLTP,False,direct
EXT_SQL_StockMovements,02_sqlserver_extract,5,Microsoft.Pipeline,Extract Stock Movements,OLTP vw_StockMovementExtract,WWI_Source_DB,read,WAREHOUSE.BINS,oltp,SQL Server OLTP,True,direct
EXT_SQL_StockMovements,02_sqlserver_extract,5,Microsoft.Pipeline,Extract Stock Movements,OLTP vw_StockMovementExtract,WWI_Source_DB,read,WAREHOUSE.VW_STOCKMOVEMENTEXTRACT,oltp,SQL Server OLTP,True,direct
EXT_SQL_StockMovements,02_sqlserver_extract,5,Microsoft.Pipeline,Extract Stock Movements,OLTP vw_StockMovementExtract,WWI_Source_DB,read,WAREHOUSE.WAREHOUSESITES,oltp,SQL Server OLTP,True,direct
EXT_SQL_StockMovements,02_sqlserver_extract,5,Microsoft.Pipeline,Extract Stock Movements,err RejectedConstraintViolation,WWI_Staging_DB,write,ERR.REJECTEDCONSTRAINTVIOLATION,staging-err,SQL Server Staging,True,direct
EXT_SQL_StockMovements,02_sqlserver_extract,5,Microsoft.Pipeline,Extract Stock Movements,raw SqlStockMovement,WWI_Staging_DB,write,RAW.SQLSTOCKMOVEMENT,staging-raw,SQL Server Staging,True,direct
EXT_SQL_StockMovements,02_sqlserver_extract,5,Microsoft.Pipeline,Extract Stock Movements,raw SqlStockMovement Adjustments,WWI_Staging_DB,write,RAW.SQLSTOCKMOVEMENT,staging-raw,SQL Server Staging,True,direct
EXT_SQL_StockMovements,02_sqlserver_extract,6,Microsoft.ExecuteSQLTask,Set Watermark,,,exec,ETL.USP_SETWATERMARK,etl-control,ETL control,False,direct
EXT_SQL_StockMovements,02_sqlserver_extract,7,Microsoft.ExecuteSQLTask,Log Row Counts,,,exec,ETL.USP_LOGROWCOUNT,etl-control,ETL control,False,direct
EXT_SQL_StockMovements,02_sqlserver_extract,8,Microsoft.ExecuteSQLTask,Log Package Success,,,exec,ETL.USP_LOGPACKAGEEND,etl-control,ETL control,False,direct
EXT_SQL_StockMovements,02_sqlserver_extract,9,Microsoft.ExecuteSQLTask,Log Error,,,exec,ETL.USP_LOGERROR,etl-control,ETL control,False,direct
EXT_SQL_StockMovements,02_sqlserver_extract,10,Microsoft.ExecuteSQLTask,Mark Execution Failed,,,exec,ETL.USP_LOGPACKAGEEND,etl-control,ETL control,False,direct
EXT_SQL_StockTransfers,02_sqlserver_extract,2,Microsoft.ExecuteSQLTask,Log Package Start,,,exec,ETL.USP_LOGPACKAGESTART,etl-control,ETL control,False,direct
EXT_SQL_StockTransfers,02_sqlserver_extract,3,Microsoft.ExecuteSQLTask,Get Watermark,,,exec,ETL.USP_GETWATERMARK,etl-control,ETL control,False,direct
EXT_SQL_StockTransfers,02_sqlserver_extract,4,Microsoft.Pipeline,Extract Stock Transfers,OLTP Warehouse_StockTransferLines,WWI_Source_DB,read,WAREHOUSE.STOCKTRANSFERLINES,oltp,SQL Server OLTP,True,direct
EXT_SQL_StockTransfers,02_sqlserver_extract,4,Microsoft.Pipeline,Extract Stock Transfers,OLTP Warehouse_StockTransferLines,WWI_Source_DB,read,WAREHOUSE.STOCKTRANSFERS,oltp,SQL Server OLTP,True,direct
EXT_SQL_StockTransfers,02_sqlserver_extract,4,Microsoft.Pipeline,Extract Stock Transfers,OLTP Warehouse_StockTransferLines,WWI_Source_DB,read,WAREHOUSE.WAREHOUSESITES,oltp,SQL Server OLTP,True,direct
EXT_SQL_StockTransfers,02_sqlserver_extract,4,Microsoft.Pipeline,Extract Stock Transfers,err RejectedConstraintViolation,WWI_Staging_DB,write,ERR.REJECTEDCONSTRAINTVIOLATION,staging-err,SQL Server Staging,True,direct
EXT_SQL_StockTransfers,02_sqlserver_extract,4,Microsoft.Pipeline,Extract Stock Transfers,raw SqlStockMovement Transfers,WWI_Staging_DB,write,RAW.SQLSTOCKMOVEMENT,staging-raw,SQL Server Staging,True,direct
EXT_SQL_StockTransfers,02_sqlserver_extract,5,Microsoft.ExecuteSQLTask,Set Watermark,,,exec,ETL.USP_SETWATERMARK,etl-control,ETL control,False,direct
EXT_SQL_StockTransfers,02_sqlserver_extract,6,Microsoft.ExecuteSQLTask,Log Row Counts,,,exec,ETL.USP_LOGROWCOUNT,etl-control,ETL control,False,direct
EXT_SQL_StockTransfers,02_sqlserver_extract,7,Microsoft.ExecuteSQLTask,Log Package Success,,,exec,ETL.USP_LOGPACKAGEEND,etl-control,ETL control,False,direct
EXT_SQL_StockTransfers,02_sqlserver_extract,8,Microsoft.ExecuteSQLTask,Log Error,,,exec,ETL.USP_LOGERROR,etl-control,ETL control,False,direct
EXT_SQL_StockTransfers,02_sqlserver_extract,9,Microsoft.ExecuteSQLTask,Mark Execution Failed,,,exec,ETL.USP_LOGPACKAGEEND,etl-control,ETL control,False,direct
EXT_SQL_SupplierTransactions,02_sqlserver_extract,2,Microsoft.ExecuteSQLTask,Log Package Start,,,exec,ETL.USP_LOGPACKAGESTART,etl-control,ETL control,False,direct
EXT_SQL_SupplierTransactions,02_sqlserver_extract,3,Microsoft.ExecuteSQLTask,Get Watermark,,,exec,ETL.USP_GETWATERMARK,etl-control,ETL control,False,direct
EXT_SQL_SupplierTransactions,02_sqlserver_extract,4,Microsoft.Pipeline,Extract Supplier Transactions,OLTP Purchasing_SupplierTransactions,WWI_Source_DB,read,APPLICATION.TRANSACTIONTYPES,oltp,SQL Server OLTP,False,direct
EXT_SQL_SupplierTransactions,02_sqlserver_extract,4,Microsoft.Pipeline,Extract Supplier Transactions,OLTP Purchasing_SupplierTransactions,WWI_Source_DB,read,PURCHASING.SUPPLIERS,oltp,SQL Server OLTP,False,direct
EXT_SQL_SupplierTransactions,02_sqlserver_extract,4,Microsoft.Pipeline,Extract Supplier Transactions,OLTP Purchasing_SupplierTransactions,WWI_Source_DB,read,PURCHASING.SUPPLIERTRANSACTIONS,oltp,SQL Server OLTP,False,direct
EXT_SQL_SupplierTransactions,02_sqlserver_extract,4,Microsoft.Pipeline,Extract Supplier Transactions,err RejectedConstraintViolation,WWI_Staging_DB,write,ERR.REJECTEDCONSTRAINTVIOLATION,staging-err,SQL Server Staging,True,direct
EXT_SQL_SupplierTransactions,02_sqlserver_extract,4,Microsoft.Pipeline,Extract Supplier Transactions,raw SqlInvoice AP Transactions,WWI_Staging_DB,write,RAW.SQLINVOICE,staging-raw,SQL Server Staging,True,direct
EXT_SQL_SupplierTransactions,02_sqlserver_extract,5,Microsoft.ExecuteSQLTask,Set Watermark,,,exec,ETL.USP_SETWATERMARK,etl-control,ETL control,False,direct
EXT_SQL_SupplierTransactions,02_sqlserver_extract,6,Microsoft.ExecuteSQLTask,Log Row Counts,,,exec,ETL.USP_LOGROWCOUNT,etl-control,ETL control,False,direct
EXT_SQL_SupplierTransactions,02_sqlserver_extract,7,Microsoft.ExecuteSQLTask,Log Package Success,,,exec,ETL.USP_LOGPACKAGEEND,etl-control,ETL control,False,direct
EXT_SQL_SupplierTransactions,02_sqlserver_extract,8,Microsoft.ExecuteSQLTask,Log Error,,,exec,ETL.USP_LOGERROR,etl-control,ETL control,False,direct
EXT_SQL_SupplierTransactions,02_sqlserver_extract,9,Microsoft.ExecuteSQLTask,Mark Execution Failed,,,exec,ETL.USP_LOGPACKAGEEND,etl-control,ETL control,False,direct
EXT_SQL_TransactionTypes,02_sqlserver_extract,2,Microsoft.ExecuteSQLTask,Log Package Start,,,exec,ETL.USP_LOGPACKAGESTART,etl-control,ETL control,False,direct
EXT_SQL_TransactionTypes,02_sqlserver_extract,3,Microsoft.ExecuteSQLTask,Delete Transaction Type Rows,,,read,RAW.SQLINVOICE,staging-raw,SQL Server Staging,True,direct
EXT_SQL_TransactionTypes,02_sqlserver_extract,3,Microsoft.ExecuteSQLTask,Delete Transaction Type Rows,,,write,RAW.SQLINVOICE,staging-raw,SQL Server Staging,True,direct
EXT_SQL_TransactionTypes,02_sqlserver_extract,4,Microsoft.Pipeline,Load Transaction Types,OLTP Application_TransactionTypes,WWI_Source_DB,read,APPLICATION.TRANSACTIONTYPES,oltp,SQL Server OLTP,False,direct
EXT_SQL_TransactionTypes,02_sqlserver_extract,4,Microsoft.Pipeline,Load Transaction Types,raw SqlInvoice Transaction Types,WWI_Staging_DB,write,RAW.SQLINVOICE,staging-raw,SQL Server Staging,True,direct
EXT_SQL_TransactionTypes,02_sqlserver_extract,5,Microsoft.ExecuteSQLTask,Log Reference Refresh,,,exec,ETL.USP_LOGROWCOUNT,etl-control,ETL control,False,direct
EXT_SQL_TransactionTypes,02_sqlserver_extract,6,Microsoft.ExecuteSQLTask,Log Row Counts,,,exec,ETL.USP_LOGROWCOUNT,etl-control,ETL control,False,direct
EXT_SQL_TransactionTypes,02_sqlserver_extract,7,Microsoft.ExecuteSQLTask,Log Package Success,,,exec,ETL.USP_LOGPACKAGEEND,etl-control,ETL control,False,direct
EXT_SQL_TransactionTypes,02_sqlserver_extract,8,Microsoft.ExecuteSQLTask,Log Error,,,exec,ETL.USP_LOGERROR,etl-control,ETL control,False,direct
EXT_SQL_TransactionTypes,02_sqlserver_extract,9,Microsoft.ExecuteSQLTask,Mark Execution Failed,,,exec,ETL.USP_LOGPACKAGEEND,etl-control,ETL control,False,direct
EXT_SQL_WebSessions,02_sqlserver_extract,2,Microsoft.ExecuteSQLTask,Log Package Start,,,exec,ETL.USP_LOGPACKAGESTART,etl-control,ETL control,False,direct
EXT_SQL_WebSessions,02_sqlserver_extract,3,Microsoft.ExecuteSQLTask,Get Watermark,,,exec,ETL.USP_GETWATERMARK,etl-control,ETL control,False,direct
EXT_SQL_WebSessions,02_sqlserver_extract,4,Microsoft.ExecuteSQLTask,Clear Session Window,,,read,RAW.SQLWEBSESSION,staging-raw,SQL Server Staging,True,direct
EXT_SQL_WebSessions,02_sqlserver_extract,4,Microsoft.ExecuteSQLTask,Clear Session Window,,,write,RAW.SQLWEBSESSION,staging-raw,SQL Server Staging,True,direct
EXT_SQL_WebSessions,02_sqlserver_extract,5,Microsoft.Pipeline,Extract Web Sessions,OLTP Ecommerce_WebSessions,WWI_Source_DB,read,ECOMMERCE.CARTHEADERS,unknown,SQL Server OLTP,True,direct
EXT_SQL_WebSessions,02_sqlserver_extract,5,Microsoft.Pipeline,Extract Web Sessions,OLTP Ecommerce_WebSessions,WWI_Source_DB,read,ECOMMERCE.WEBSESSIONS,unknown,SQL Server OLTP,True,direct
EXT_SQL_WebSessions,02_sqlserver_extract,5,Microsoft.Pipeline,Extract Web Sessions,raw SqlWebSession,WWI_Staging_DB,write,RAW.SQLWEBSESSION,staging-raw,SQL Server Staging,True,direct
EXT_SQL_WebSessions,02_sqlserver_extract,6,Microsoft.ExecuteSQLTask,Set Watermark,,,exec,ETL.USP_SETWATERMARK,etl-control,ETL control,False,direct
EXT_SQL_WebSessions,02_sqlserver_extract,7,Microsoft.ExecuteSQLTask,Log Row Counts,,,exec,ETL.USP_LOGROWCOUNT,etl-control,ETL control,False,direct
EXT_SQL_WebSessions,02_sqlserver_extract,8,Microsoft.ExecuteSQLTask,Log Package Success,,,exec,ETL.USP_LOGPACKAGEEND,etl-control,ETL control,False,direct
EXT_SQL_WebSessions,02_sqlserver_extract,9,Microsoft.ExecuteSQLTask,Log Error,,,exec,ETL.USP_LOGERROR,etl-control,ETL control,False,direct
EXT_SQL_WebSessions,02_sqlserver_extract,10,Microsoft.ExecuteSQLTask,Mark Execution Failed,,,exec,ETL.USP_LOGPACKAGEEND,etl-control,ETL control,False,direct
FACT_APAC_Load_Sale,08_facts,2,Microsoft.ExecuteSQLTask,Log Package Start,,,exec,ETL.USP_LOGPACKAGESTART,etl-control,ETL control,False,direct
FACT_APAC_Load_Sale,08_facts,3,Microsoft.ExecuteSQLTask,Get Watermark,,,exec,ETL.USP_GETWATERMARK,etl-control,ETL control,False,direct
FACT_APAC_Load_Sale,08_facts,4,Microsoft.Pipeline,Load Fact Sale APAC,stg SaleLine APAC,WWI_Staging_DB,read,STG.SALELINE,staging-stg,SQL Server Staging,True,direct
FACT_APAC_Load_Sale,08_facts,4,Microsoft.Pipeline,Load Fact Sale APAC,Lookup Customer Key,WWI_DW_Destination_DB,read,DIMENSION.CUSTOMER,dw-dimension,SQL Server DW,True,direct
FACT_APAC_Load_Sale,08_facts,4,Microsoft.Pipeline,Load Fact Sale APAC,Lookup Customer Key,WWI_DW_Destination_DB,lookup,DIMENSION.CUSTOMER,dw-dimension,SQL Server DW,True,direct
FACT_APAC_Load_Sale,08_facts,4,Microsoft.Pipeline,Load Fact Sale APAC,Reject Source Errors,WWI_Staging_DB,write,ERR.REJECTEDINVOICELINE,staging-err,SQL Server Staging,True,direct
FACT_APAC_Load_Sale,08_facts,4,Microsoft.Pipeline,Load Fact Sale APAC,Lookup Stock Item Key,WWI_DW_Destination_DB,read,DIMENSION.STOCK ITEM,dw-dimension,SQL Server DW,True,direct
FACT_APAC_Load_Sale,08_facts,4,Microsoft.Pipeline,Load Fact Sale APAC,Lookup Stock Item Key,WWI_DW_Destination_DB,lookup,DIMENSION.STOCK ITEM,dw-dimension,SQL Server DW,True,direct
FACT_APAC_Load_Sale,08_facts,4,Microsoft.Pipeline,Load Fact Sale APAC,Lookup Ship To Country,WWI_DW_Destination_DB,read,DIMENSION.CITY,dw-dimension,SQL Server DW,True,direct
FACT_APAC_Load_Sale,08_facts,4,Microsoft.Pipeline,Load Fact Sale APAC,Lookup Ship To Country,WWI_DW_Destination_DB,lookup,DIMENSION.CITY,dw-dimension,SQL Server DW,True,direct
FACT_APAC_Load_Sale,08_facts,4,Microsoft.Pipeline,Load Fact Sale APAC,Lookup GST Rate,WWI_Staging_DB,read,STG.TAXRATE,staging-stg,SQL Server Staging,True,direct
FACT_APAC_Load_Sale,08_facts,4,Microsoft.Pipeline,Load Fact Sale APAC,Lookup GST Rate,WWI_Staging_DB,lookup,STG.TAXRATE,staging-stg,SQL Server Staging,True,direct
FACT_APAC_Load_Sale,08_facts,4,Microsoft.Pipeline,Load Fact Sale APAC,Lookup Effective FX Rate,WWI_Staging_DB,read,STG.CURRENCYRATE,staging-stg,SQL Server Staging,False,direct
FACT_APAC_Load_Sale,08_facts,4,Microsoft.Pipeline,Load Fact Sale APAC,Lookup Effective FX Rate,WWI_Staging_DB,lookup,STG.CURRENCYRATE,staging-stg,SQL Server Staging,False,direct
FACT_APAC_Load_Sale,08_facts,4,Microsoft.Pipeline,Load Fact Sale APAC,Lookup Invoice Date Key,WWI_DW_Destination_DB,read,DIMENSION.DATE,dw-dimension,SQL Server DW,True,direct
FACT_APAC_Load_Sale,08_facts,4,Microsoft.Pipeline,Load Fact Sale APAC,Lookup Invoice Date Key,WWI_DW_Destination_DB,lookup,DIMENSION.DATE,dw-dimension,SQL Server DW,True,direct
FACT_APAC_Load_Sale,08_facts,4,Microsoft.Pipeline,Load Fact Sale APAC,Lookup Delivery Date Key,WWI_DW_Destination_DB,read,DIMENSION.DATE,dw-dimension,SQL Server DW,True,direct
FACT_APAC_Load_Sale,08_facts,4,Microsoft.Pipeline,Load Fact Sale APAC,Lookup Delivery Date Key,WWI_DW_Destination_DB,lookup,DIMENSION.DATE,dw-dimension,SQL Server DW,True,direct
FACT_APAC_Load_Sale,08_facts,4,Microsoft.Pipeline,Load Fact Sale APAC,Insert GST Inclusive Lines,WWI_DW_Destination_DB,write,FACT.SALE,dw-fact,SQL Server DW,True,direct
FACT_APAC_Load_Sale,08_facts,4,Microsoft.Pipeline,Load Fact Sale APAC,Insert GST Exclusive Lines,WWI_DW_Destination_DB,write,FACT.SALE,dw-fact,SQL Server DW,True,direct
FACT_APAC_Load_Sale,08_facts,4,Microsoft.Pipeline,Load Fact Sale APAC,Hold Lines Without FX Rate,WWI_Staging_DB,write,WORK.CURRENCYCONVERSIONSCRATCH,staging-work,SQL Server Staging,True,direct
FACT_APAC_Load_Sale,08_facts,4,Microsoft.Pipeline,Load Fact Sale APAC,Hold Missing Customer,WWI_Staging_DB,write,ERR.REJECTEDLOOKUPFAILURE,staging-err,SQL Server Staging,True,direct
FACT_APAC_Load_Sale,08_facts,5,Microsoft.ExecuteSQLTask,Queue Late Arriving Customer,,,read,ERR.REJECTEDLOOKUPFAILURE,staging-err,SQL Server Staging,True,direct
FACT_APAC_Load_Sale,08_facts,5,Microsoft.ExecuteSQLTask,Queue Late Arriving Customer,,,read,WORK.LATEARRIVINGDIMENSIONQUEUE,staging-work,SQL Server Staging,True,direct
FACT_APAC_Load_Sale,08_facts,5,Microsoft.ExecuteSQLTask,Queue Late Arriving Customer,,,write,WORK.LATEARRIVINGDIMENSIONQUEUE,staging-work,SQL Server Staging,True,direct
FACT_APAC_Load_Sale,08_facts,6,Microsoft.ExecuteSQLTask,Post Distributor Rebate Accrual,,,exec,INTEGRATION.LOADFACTSALE,dw-integration,SQL Server DW,False,direct
FACT_APAC_Load_Sale,08_facts,7,Microsoft.ExecuteSQLTask,Set Watermark,,,exec,ETL.USP_SETWATERMARK,etl-control,ETL control,False,direct
FACT_APAC_Load_Sale,08_facts,8,Microsoft.ExecuteSQLTask,Log Rejected Records,,,exec,ETL.USP_LOGREJECTEDRECORD,etl-control,ETL control,False,direct
FACT_APAC_Load_Sale,08_facts,9,Microsoft.ExecuteSQLTask,Log Row Counts,,,exec,ETL.USP_LOGROWCOUNT,etl-control,ETL control,False,direct
FACT_APAC_Load_Sale,08_facts,10,Microsoft.ExecuteSQLTask,Log Package Success,,,exec,ETL.USP_LOGPACKAGEEND,etl-control,ETL control,False,direct
FACT_APAC_Load_Sale,08_facts,11,Microsoft.ExecuteSQLTask,Log Error,,,exec,ETL.USP_LOGERROR,etl-control,ETL control,False,direct
FACT_APAC_Load_Sale,08_facts,12,Microsoft.ExecuteSQLTask,Mark Execution Failed,,,exec,ETL.USP_LOGPACKAGEEND,etl-control,ETL control,False,direct
FACT_Apply_Corrections,08_facts,2,Microsoft.ExecuteSQLTask,Log Package Start,,,exec,ETL.USP_LOGPACKAGESTART,etl-control,ETL control,False,direct
FACT_Apply_Corrections,08_facts,3,Microsoft.ExecuteSQLTask,Check Correction Volume,,,read,WORK.FACTREKEYQUEUE,staging-work,SQL Server Staging,True,direct
FACT_Apply_Corrections,08_facts,4,Microsoft.ExecuteSQLTask,Clear Correction Work Table,,,write,WORK.SALELINEENRICHED,staging-work,SQL Server Staging,True,direct
FACT_Apply_Corrections,08_facts,5,Microsoft.Pipeline,Classify Corrections,work FactRekeyQueue,WWI_Staging_DB,read,WORK.FACTREKEYQUEUE,staging-work,SQL Server Staging,True,direct
FACT_Apply_Corrections,08_facts,5,Microsoft.Pipeline,Classify Corrections,Reject Source Errors,WWI_Staging_DB,write,ERR.REJECTEDCONSTRAINTVIOLATION,staging-err,SQL Server Staging,True,direct
FACT_Apply_Corrections,08_facts,5,Microsoft.Pipeline,Classify Corrections,Stage Sale Reversals,WWI_Staging_DB,write,WORK.SALELINEENRICHED,staging-work,SQL Server Staging,True,direct
FACT_Apply_Corrections,08_facts,5,Microsoft.Pipeline,Classify Corrections,Stage Order Restatements,WWI_Staging_DB,write,WORK.ORDERLINEENRICHED,staging-work,SQL Server Staging,True,direct
FACT_Apply_Corrections,08_facts,5,Microsoft.Pipeline,Classify Corrections,Stage Payment Restatements,WWI_Staging_DB,write,WORK.PAYMENTMATCHED,staging-work,SQL Server Staging,True,direct
FACT_Apply_Corrections,08_facts,5,Microsoft.Pipeline,Classify Corrections,Reject Unroutable Corrections,WWI_Staging_DB,write,ERR.REJECTEDCONSTRAINTVIOLATION,staging-err,SQL Server Staging,True,direct
FACT_Apply_Corrections,08_facts,7,Microsoft.ExecuteSQLTask,Write Sale Reversal And Replacement Rows,,,read,FACT.SALE,dw-fact,SQL Server DW,True,direct
FACT_Apply_Corrections,08_facts,7,Microsoft.ExecuteSQLTask,Write Sale Reversal And Replacement Rows,,,read,WORK.SALELINEENRICHED,staging-work,SQL Server Staging,True,direct
FACT_Apply_Corrections,08_facts,7,Microsoft.ExecuteSQLTask,Write Sale Reversal And Replacement Rows,,,write,FACT.SALE,dw-fact,SQL Server DW,True,direct
FACT_Apply_Corrections,08_facts,8,Microsoft.ExecuteSQLTask,Restate Order Rows In Place,,,read,FACT.ORDER,dw-fact,SQL Server DW,True,direct
FACT_Apply_Corrections,08_facts,8,Microsoft.ExecuteSQLTask,Restate Order Rows In Place,,,read,WORK.ORDERLINEENRICHED,staging-work,SQL Server Staging,True,direct
FACT_Apply_Corrections,08_facts,8,Microsoft.ExecuteSQLTask,Restate Order Rows In Place,,,write,FACT.ORDER,dw-fact,SQL Server DW,True,direct
FACT_Apply_Corrections,08_facts,9,Microsoft.ExecuteSQLTask,Restate Payment Rows In Place,,,read,FACT.PAYMENT,dw-fact,SQL Server DW,True,direct
FACT_Apply_Corrections,08_facts,9,Microsoft.ExecuteSQLTask,Restate Payment Rows In Place,,,read,WORK.PAYMENTMATCHED,staging-work,SQL Server Staging,True,direct
FACT_Apply_Corrections,08_facts,9,Microsoft.ExecuteSQLTask,Restate Payment Rows In Place,,,write,FACT.PAYMENT,dw-fact,SQL Server DW,True,direct
FACT_Apply_Corrections,08_facts,10,Microsoft.ExecuteSQLTask,Post Correction Audit Trail,,,exec,INTEGRATION.APPLYFACTCORRECTIONS,dw-integration,SQL Server DW,False,direct
FACT_Apply_Corrections,08_facts,11,Microsoft.ExecuteSQLTask,Close Applied Corrections,,,write,WORK.FACTREKEYQUEUE,staging-work,SQL Server Staging,True,direct
FACT_Apply_Corrections,08_facts,12,Microsoft.ExecuteSQLTask,Log Rejected Records,,,exec,ETL.USP_LOGREJECTEDRECORD,etl-control,ETL control,False,direct
FACT_Apply_Corrections,08_facts,13,Microsoft.ExecuteSQLTask,Log Row Counts,,,exec,ETL.USP_LOGROWCOUNT,etl-control,ETL control,False,direct
FACT_Apply_Corrections,08_facts,14,Microsoft.ExecuteSQLTask,Log Package Success,,,exec,ETL.USP_LOGPACKAGEEND,etl-control,ETL control,False,direct
FACT_Apply_Corrections,08_facts,15,Microsoft.ExecuteSQLTask,Log Error,,,exec,ETL.USP_LOGERROR,etl-control,ETL control,False,direct
FACT_Apply_Corrections,08_facts,16,Microsoft.ExecuteSQLTask,Mark Execution Failed,,,exec,ETL.USP_LOGPACKAGEEND,etl-control,ETL control,False,direct
FACT_Dedup_Sale,08_facts,2,Microsoft.ExecuteSQLTask,Log Package Start,,,exec,ETL.USP_LOGPACKAGESTART,etl-control,ETL control,False,direct
FACT_Dedup_Sale,08_facts,3,Microsoft.ExecuteSQLTask,Clear Dedup Work Table,,,write,WORK.SALELINEENRICHED,staging-work,SQL Server Staging,True,direct
FACT_Dedup_Sale,08_facts,4,Microsoft.Pipeline,Detect Duplicate Sale Rows,Fact Sale Recent Window,WWI_DW_Destination_DB,read,DIMENSION.DATE,dw-dimension,SQL Server DW,True,direct
FACT_Dedup_Sale,08_facts,4,Microsoft.Pipeline,Detect Duplicate Sale Rows,Fact Sale Recent Window,WWI_DW_Destination_DB,read,FACT.SALE,dw-fact,SQL Server DW,True,direct
FACT_Dedup_Sale,08_facts,4,Microsoft.Pipeline,Detect Duplicate Sale Rows,Reject Source Errors,WWI_Staging_DB,write,ERR.REJECTEDINVOICELINE,staging-err,SQL Server Staging,True,direct
FACT_Dedup_Sale,08_facts,4,Microsoft.Pipeline,Detect Duplicate Sale Rows,Stage Duplicate Groups,WWI_Staging_DB,write,WORK.SALELINEENRICHED,staging-work,SQL Server Staging,True,direct
FACT_Dedup_Sale,08_facts,5,Microsoft.ExecuteSQLTask,Archive Losing Rows,,,read,FACT.SALE,dw-fact,SQL Server DW,True,direct
FACT_Dedup_Sale,08_facts,5,Microsoft.ExecuteSQLTask,Archive Losing Rows,,,write,FACT.SALE DUPLICATE ARCHIVE,dw-fact,SQL Server DW,False,direct
FACT_Dedup_Sale,08_facts,6,Microsoft.ExecuteSQLTask,Delete Superseded Duplicates,,,exec,INTEGRATION.DEDUPLICATEFACTSALE,dw-integration,SQL Server DW,False,direct
FACT_Dedup_Sale,08_facts,7,Microsoft.ExecuteSQLTask,Log Rejected Records,,,exec,ETL.USP_LOGREJECTEDRECORD,etl-control,ETL control,False,direct
FACT_Dedup_Sale,08_facts,8,Microsoft.ExecuteSQLTask,Log Row Counts,,,exec,ETL.USP_LOGROWCOUNT,etl-control,ETL control,False,direct
FACT_Dedup_Sale,08_facts,9,Microsoft.ExecuteSQLTask,Log Package Success,,,exec,ETL.USP_LOGPACKAGEEND,etl-control,ETL control,False,direct
FACT_Dedup_Sale,08_facts,10,Microsoft.ExecuteSQLTask,Log Error,,,exec,ETL.USP_LOGERROR,etl-control,ETL control,False,direct
FACT_Dedup_Sale,08_facts,11,Microsoft.ExecuteSQLTask,Mark Execution Failed,,,exec,ETL.USP_LOGPACKAGEEND,etl-control,ETL control,False,direct
FACT_EU_Load_Sale,08_facts,2,Microsoft.ExecuteSQLTask,Log Package Start,,,exec,ETL.USP_LOGPACKAGESTART,etl-control,ETL control,False,direct
FACT_EU_Load_Sale,08_facts,3,Microsoft.ExecuteSQLTask,Get Watermark,,,exec,ETL.USP_GETWATERMARK,etl-control,ETL control,False,direct
FACT_EU_Load_Sale,08_facts,4,Microsoft.ExecuteSQLTask,Clear FX Scratch Table,,,write,WORK.CURRENCYCONVERSIONSCRATCH,staging-work,SQL Server Staging,True,direct
FACT_EU_Load_Sale,08_facts,5,Microsoft.Pipeline,Load Fact Sale EU,stg SaleLine EU,WWI_Staging_DB,read,STG.SALELINE,staging-stg,SQL Server Staging,True,direct
FACT_EU_Load_Sale,08_facts,5,Microsoft.Pipeline,Load Fact Sale EU,Lookup Customer Key,WWI_DW_Destination_DB,read,DIMENSION.CUSTOMER,dw-dimension,SQL Server DW,True,direct
FACT_EU_Load_Sale,08_facts,5,Microsoft.Pipeline,Load Fact Sale EU,Lookup Customer Key,WWI_DW_Destination_DB,lookup,DIMENSION.CUSTOMER,dw-dimension,SQL Server DW,True,direct
FACT_EU_Load_Sale,08_facts,5,Microsoft.Pipeline,Load Fact Sale EU,Reject Source Errors,WWI_Staging_DB,write,ERR.REJECTEDINVOICELINE,staging-err,SQL Server Staging,True,direct
FACT_EU_Load_Sale,08_facts,5,Microsoft.Pipeline,Load Fact Sale EU,Lookup Stock Item Key,WWI_DW_Destination_DB,read,DIMENSION.STOCK ITEM,dw-dimension,SQL Server DW,True,direct
FACT_EU_Load_Sale,08_facts,5,Microsoft.Pipeline,Load Fact Sale EU,Lookup Stock Item Key,WWI_DW_Destination_DB,lookup,DIMENSION.STOCK ITEM,dw-dimension,SQL Server DW,True,direct
FACT_EU_Load_Sale,08_facts,5,Microsoft.Pipeline,Load Fact Sale EU,Lookup Ship To Country,WWI_DW_Destination_DB,read,DIMENSION.CITY,dw-dimension,SQL Server DW,True,direct
FACT_EU_Load_Sale,08_facts,5,Microsoft.Pipeline,Load Fact Sale EU,Lookup Ship To Country,WWI_DW_Destination_DB,lookup,DIMENSION.CITY,dw-dimension,SQL Server DW,True,direct
FACT_EU_Load_Sale,08_facts,5,Microsoft.Pipeline,Load Fact Sale EU,Lookup Customer VAT Status,WWI_Staging_DB,read,STG.CUSTOMER,staging-stg,SQL Server Staging,True,direct
FACT_EU_Load_Sale,08_facts,5,Microsoft.Pipeline,Load Fact Sale EU,Lookup Customer VAT Status,WWI_Staging_DB,lookup,STG.CUSTOMER,staging-stg,SQL Server Staging,True,direct
FACT_EU_Load_Sale,08_facts,5,Microsoft.Pipeline,Load Fact Sale EU,Lookup Country VAT Rate,WWI_Staging_DB,read,STG.TAXRATE,staging-stg,SQL Server Staging,True,direct
FACT_EU_Load_Sale,08_facts,5,Microsoft.Pipeline,Load Fact Sale EU,Lookup Country VAT Rate,WWI_Staging_DB,lookup,STG.TAXRATE,staging-stg,SQL Server Staging,True,direct
FACT_EU_Load_Sale,08_facts,5,Microsoft.Pipeline,Load Fact Sale EU,Lookup Effective FX Rate,WWI_Staging_DB,read,STG.CURRENCYRATE,staging-stg,SQL Server Staging,False,direct
FACT_EU_Load_Sale,08_facts,5,Microsoft.Pipeline,Load Fact Sale EU,Lookup Effective FX Rate,WWI_Staging_DB,lookup,STG.CURRENCYRATE,staging-stg,SQL Server Staging,False,direct
FACT_EU_Load_Sale,08_facts,5,Microsoft.Pipeline,Load Fact Sale EU,Lookup Invoice Date Key,WWI_DW_Destination_DB,read,DIMENSION.DATE,dw-dimension,SQL Server DW,True,direct
FACT_EU_Load_Sale,08_facts,5,Microsoft.Pipeline,Load Fact Sale EU,Lookup Invoice Date Key,WWI_DW_Destination_DB,lookup,DIMENSION.DATE,dw-dimension,SQL Server DW,True,direct
FACT_EU_Load_Sale,08_facts,5,Microsoft.Pipeline,Load Fact Sale EU,Lookup Delivery Date Key,WWI_DW_Destination_DB,read,DIMENSION.DATE,dw-dimension,SQL Server DW,True,direct
FACT_EU_Load_Sale,08_facts,5,Microsoft.Pipeline,Load Fact Sale EU,Lookup Delivery Date Key,WWI_DW_Destination_DB,lookup,DIMENSION.DATE,dw-dimension,SQL Server DW,True,direct
FACT_EU_Load_Sale,08_facts,5,Microsoft.Pipeline,Load Fact Sale EU,Insert Domestic Lines,WWI_DW_Destination_DB,write,FACT.SALE,dw-fact,SQL Server DW,True,direct
FACT_EU_Load_Sale,08_facts,5,Microsoft.Pipeline,Load Fact Sale EU,Insert Reverse Charged Lines,WWI_DW_Destination_DB,write,FACT.SALE,dw-fact,SQL Server DW,True,direct
FACT_EU_Load_Sale,08_facts,5,Microsoft.Pipeline,Load Fact Sale EU,Hold Lines Without FX Rate,WWI_Staging_DB,write,WORK.CURRENCYCONVERSIONSCRATCH,staging-work,SQL Server Staging,True,direct
FACT_EU_Load_Sale,08_facts,5,Microsoft.Pipeline,Load Fact Sale EU,Hold Missing Customer,WWI_Staging_DB,write,ERR.REJECTEDLOOKUPFAILURE,staging-err,SQL Server Staging,True,direct
FACT_EU_Load_Sale,08_facts,6,Microsoft.ExecuteSQLTask,Retry Held Lines With Prior Day Rate,,,read,STG.CURRENCYRATE,staging-stg,SQL Server Staging,False,direct
FACT_EU_Load_Sale,08_facts,6,Microsoft.ExecuteSQLTask,Retry Held Lines With Prior Day Rate,,,read,WORK.CURRENCYCONVERSIONSCRATCH,staging-work,SQL Server Staging,True,direct
FACT_EU_Load_Sale,08_facts,6,Microsoft.ExecuteSQLTask,Retry Held Lines With Prior Day Rate,,,write,WORK.CURRENCYCONVERSIONSCRATCH,staging-work,SQL Server Staging,True,direct
FACT_EU_Load_Sale,08_facts,7,Microsoft.ExecuteSQLTask,Load Retried Lines,,,exec,INTEGRATION.LOADFACTSALE,dw-integration,SQL Server DW,False,direct
FACT_EU_Load_Sale,08_facts,8,Microsoft.ExecuteSQLTask,Queue Late Arriving Customer,,,read,ERR.REJECTEDLOOKUPFAILURE,staging-err,SQL Server Staging,True,direct
FACT_EU_Load_Sale,08_facts,8,Microsoft.ExecuteSQLTask,Queue Late Arriving Customer,,,read,WORK.LATEARRIVINGDIMENSIONQUEUE,staging-work,SQL Server Staging,True,direct
FACT_EU_Load_Sale,08_facts,8,Microsoft.ExecuteSQLTask,Queue Late Arriving Customer,,,write,WORK.LATEARRIVINGDIMENSIONQUEUE,staging-work,SQL Server Staging,True,direct
FACT_EU_Load_Sale,08_facts,9,Microsoft.ExecuteSQLTask,Set Watermark,,,exec,ETL.USP_SETWATERMARK,etl-control,ETL control,False,direct
FACT_EU_Load_Sale,08_facts,10,Microsoft.ExecuteSQLTask,Log Rejected Records,,,exec,ETL.USP_LOGREJECTEDRECORD,etl-control,ETL control,False,direct
FACT_EU_Load_Sale,08_facts,11,Microsoft.ExecuteSQLTask,Log Row Counts,,,exec,ETL.USP_LOGROWCOUNT,etl-control,ETL control,False,direct
FACT_EU_Load_Sale,08_facts,12,Microsoft.ExecuteSQLTask,Log Package Success,,,exec,ETL.USP_LOGPACKAGEEND,etl-control,ETL control,False,direct
FACT_EU_Load_Sale,08_facts,13,Microsoft.ExecuteSQLTask,Log Error,,,exec,ETL.USP_LOGERROR,etl-control,ETL control,False,direct
FACT_EU_Load_Sale,08_facts,14,Microsoft.ExecuteSQLTask,Mark Execution Failed,,,exec,ETL.USP_LOGPACKAGEEND,etl-control,ETL control,False,direct
FACT_Load_CreditNote,08_facts,2,Microsoft.ExecuteSQLTask,Log Package Start,,,exec,ETL.USP_LOGPACKAGESTART,etl-control,ETL control,False,direct
FACT_Load_CreditNote,08_facts,3,Microsoft.ExecuteSQLTask,Get Watermark,,,exec,ETL.USP_GETWATERMARK,etl-control,ETL control,False,direct
FACT_Load_CreditNote,08_facts,4,Microsoft.Pipeline,Load Fact Credit Note,stg CreditNote,WWI_Staging_DB,read,STG.CREDITNOTE,staging-stg,SQL Server Staging,True,direct
FACT_Load_CreditNote,08_facts,4,Microsoft.Pipeline,Load Fact Credit Note,Lookup Customer Key,WWI_DW_Destination_DB,read,DIMENSION.CUSTOMER,dw-dimension,SQL Server DW,True,direct
FACT_Load_CreditNote,08_facts,4,Microsoft.Pipeline,Load Fact Credit Note,Lookup Customer Key,WWI_DW_Destination_DB,lookup,DIMENSION.CUSTOMER,dw-dimension,SQL Server DW,True,direct
FACT_Load_CreditNote,08_facts,4,Microsoft.Pipeline,Load Fact Credit Note,Reject Source Errors,WWI_Staging_DB,write,ERR.REJECTEDINVOICELINE,staging-err,SQL Server Staging,True,direct
FACT_Load_CreditNote,08_facts,4,Microsoft.Pipeline,Load Fact Credit Note,Lookup Credit Note Date Key,WWI_DW_Destination_DB,read,DIMENSION.DATE,dw-dimension,SQL Server DW,True,direct
FACT_Load_CreditNote,08_facts,4,Microsoft.Pipeline,Load Fact Credit Note,Lookup Credit Note Date Key,WWI_DW_Destination_DB,lookup,DIMENSION.DATE,dw-dimension,SQL Server DW,True,direct
FACT_Load_CreditNote,08_facts,4,Microsoft.Pipeline,Load Fact Credit Note,Lookup Original Sale Row,WWI_DW_Destination_DB,read,FACT.SALE,dw-fact,SQL Server DW,True,direct
FACT_Load_CreditNote,08_facts,4,Microsoft.Pipeline,Load Fact Credit Note,Lookup Original Sale Row,WWI_DW_Destination_DB,lookup,FACT.SALE,dw-fact,SQL Server DW,True,direct
FACT_Load_CreditNote,08_facts,4,Microsoft.Pipeline,Load Fact Credit Note,Insert Approved Credits,WWI_DW_Destination_DB,write,FACT.CREDIT NOTE,dw-fact,SQL Server DW,True,direct
FACT_Load_CreditNote,08_facts,4,Microsoft.Pipeline,Load Fact Credit Note,Hold For Approval,WWI_Staging_DB,write,WORK.PAYMENTMATCHED,staging-work,SQL Server Staging,True,direct
FACT_Load_CreditNote,08_facts,4,Microsoft.Pipeline,Load Fact Credit Note,Reject Orphan Credit Note,WWI_Staging_DB,write,ERR.REJECTEDLOOKUPFAILURE,staging-err,SQL Server Staging,True,direct
FACT_Load_CreditNote,08_facts,5,Microsoft.ExecuteSQLTask,Restate Original Sale Rows,,,read,FACT.CREDIT NOTE,dw-fact,SQL Server DW,True,direct
FACT_Load_CreditNote,08_facts,5,Microsoft.ExecuteSQLTask,Restate Original Sale Rows,,,read,FACT.SALE,dw-fact,SQL Server DW,True,direct
FACT_Load_CreditNote,08_facts,5,Microsoft.ExecuteSQLTask,Restate Original Sale Rows,,,write,FACT.SALE,dw-fact,SQL Server DW,True,direct
FACT_Load_CreditNote,08_facts,6,Microsoft.ExecuteSQLTask,Record Restatement Audit,,,exec,INTEGRATION.LOADFACTCREDITNOTE,dw-integration,SQL Server DW,False,direct
FACT_Load_CreditNote,08_facts,7,Microsoft.ExecuteSQLTask,Set Watermark,,,exec,ETL.USP_SETWATERMARK,etl-control,ETL control,False,direct
FACT_Load_CreditNote,08_facts,8,Microsoft.ExecuteSQLTask,Log Rejected Records,,,exec,ETL.USP_LOGREJECTEDRECORD,etl-control,ETL control,False,direct
FACT_Load_CreditNote,08_facts,9,Microsoft.ExecuteSQLTask,Log Row Counts,,,exec,ETL.USP_LOGROWCOUNT,etl-control,ETL control,False,direct
FACT_Load_CreditNote,08_facts,10,Microsoft.ExecuteSQLTask,Log Package Success,,,exec,ETL.USP_LOGPACKAGEEND,etl-control,ETL control,False,direct
FACT_Load_CreditNote,08_facts,11,Microsoft.ExecuteSQLTask,Log Error,,,exec,ETL.USP_LOGERROR,etl-control,ETL control,False,direct
FACT_Load_CreditNote,08_facts,12,Microsoft.ExecuteSQLTask,Mark Execution Failed,,,exec,ETL.USP_LOGPACKAGEEND,etl-control,ETL control,False,direct
FACT_Load_CustomerTransaction,08_facts,2,Microsoft.ExecuteSQLTask,Log Package Start,,,exec,ETL.USP_LOGPACKAGESTART,etl-control,ETL control,False,direct
FACT_Load_CustomerTransaction,08_facts,3,Microsoft.ExecuteSQLTask,Get Watermark,,,exec,ETL.USP_GETWATERMARK,etl-control,ETL control,False,direct
FACT_Load_CustomerTransaction,08_facts,4,Microsoft.Pipeline,Load Fact Customer Transaction,stg CustomerTransaction,WWI_Staging_DB,read,STG.CUSTOMERTRANSACTION,staging-stg,SQL Server Staging,False,direct
FACT_Load_CustomerTransaction,08_facts,4,Microsoft.Pipeline,Load Fact Customer Transaction,Lookup Customer Key,WWI_DW_Destination_DB,read,DIMENSION.CUSTOMER,dw-dimension,SQL Server DW,True,direct
FACT_Load_CustomerTransaction,08_facts,4,Microsoft.Pipeline,Load Fact Customer Transaction,Lookup Customer Key,WWI_DW_Destination_DB,lookup,DIMENSION.CUSTOMER,dw-dimension,SQL Server DW,True,direct
FACT_Load_CustomerTransaction,08_facts,4,Microsoft.Pipeline,Load Fact Customer Transaction,Reject Source Errors,WWI_Staging_DB,write,ERR.REJECTEDPAYMENT,staging-err,SQL Server Staging,True,direct
FACT_Load_CustomerTransaction,08_facts,4,Microsoft.Pipeline,Load Fact Customer Transaction,Lookup Transaction Date Key,WWI_DW_Destination_DB,read,DIMENSION.DATE,dw-dimension,SQL Server DW,True,direct
FACT_Load_CustomerTransaction,08_facts,4,Microsoft.Pipeline,Load Fact Customer Transaction,Lookup Transaction Date Key,WWI_DW_Destination_DB,lookup,DIMENSION.DATE,dw-dimension,SQL Server DW,True,direct
FACT_Load_CustomerTransaction,08_facts,4,Microsoft.Pipeline,Load Fact Customer Transaction,Lookup Due Date Key,WWI_DW_Destination_DB,read,DIMENSION.DATE,dw-dimension,SQL Server DW,True,direct
FACT_Load_CustomerTransaction,08_facts,4,Microsoft.Pipeline,Load Fact Customer Transaction,Lookup Due Date Key,WWI_DW_Destination_DB,lookup,DIMENSION.DATE,dw-dimension,SQL Server DW,True,direct
FACT_Load_CustomerTransaction,08_facts,4,Microsoft.Pipeline,Load Fact Customer Transaction,Insert Current,WWI_DW_Destination_DB,write,FACT.CUSTOMER TRANSACTION,dw-fact,SQL Server DW,True,direct
FACT_Load_CustomerTransaction,08_facts,4,Microsoft.Pipeline,Load Fact Customer Transaction,Insert Past Due,WWI_DW_Destination_DB,write,FACT.CUSTOMER TRANSACTION,dw-fact,SQL Server DW,True,direct
FACT_Load_CustomerTransaction,08_facts,4,Microsoft.Pipeline,Load Fact Customer Transaction,Hold Unmatched Customer,WWI_Staging_DB,write,ERR.REJECTEDLOOKUPFAILURE,staging-err,SQL Server Staging,True,direct
FACT_Load_CustomerTransaction,08_facts,5,Microsoft.ExecuteSQLTask,Restate Outstanding Balances,,,exec,INTEGRATION.LOADFACTCUSTOMERTRANSACTION,dw-integration,SQL Server DW,False,direct
FACT_Load_CustomerTransaction,08_facts,6,Microsoft.ExecuteSQLTask,Queue Late Arriving Customer,,,read,ERR.REJECTEDLOOKUPFAILURE,staging-err,SQL Server Staging,True,direct
FACT_Load_CustomerTransaction,08_facts,6,Microsoft.ExecuteSQLTask,Queue Late Arriving Customer,,,read,WORK.LATEARRIVINGDIMENSIONQUEUE,staging-work,SQL Server Staging,True,direct
FACT_Load_CustomerTransaction,08_facts,6,Microsoft.ExecuteSQLTask,Queue Late Arriving Customer,,,write,WORK.LATEARRIVINGDIMENSIONQUEUE,staging-work,SQL Server Staging,True,direct
FACT_Load_CustomerTransaction,08_facts,7,Microsoft.ExecuteSQLTask,Set Watermark,,,exec,ETL.USP_SETWATERMARK,etl-control,ETL control,False,direct
FACT_Load_CustomerTransaction,08_facts,8,Microsoft.ExecuteSQLTask,Log Rejected Records,,,exec,ETL.USP_LOGREJECTEDRECORD,etl-control,ETL control,False,direct
FACT_Load_CustomerTransaction,08_facts,9,Microsoft.ExecuteSQLTask,Log Row Counts,,,exec,ETL.USP_LOGROWCOUNT,etl-control,ETL control,False,direct
FACT_Load_CustomerTransaction,08_facts,10,Microsoft.ExecuteSQLTask,Log Package Success,,,exec,ETL.USP_LOGPACKAGEEND,etl-control,ETL control,False,direct
FACT_Load_CustomerTransaction,08_facts,11,Microsoft.ExecuteSQLTask,Log Error,,,exec,ETL.USP_LOGERROR,etl-control,ETL control,False,direct
FACT_Load_CustomerTransaction,08_facts,12,Microsoft.ExecuteSQLTask,Mark Execution Failed,,,exec,ETL.USP_LOGPACKAGEEND,etl-control,ETL control,False,direct
FACT_Load_DailyInventorySnapshot,08_facts,2,Microsoft.ExecuteSQLTask,Log Package Start,,,exec,ETL.USP_LOGPACKAGESTART,etl-control,ETL control,False,direct
FACT_Load_DailyInventorySnapshot,08_facts,3,Microsoft.ExecuteSQLTask,Delete Existing Snapshot For Date,,,read,DIMENSION.DATE,dw-dimension,SQL Server DW,True,direct
FACT_Load_DailyInventorySnapshot,08_facts,3,Microsoft.ExecuteSQLTask,Delete Existing Snapshot For Date,,,read,FACT.DAILY INVENTORY SNAPSHOT,dw-fact,SQL Server DW,True,direct
FACT_Load_DailyInventorySnapshot,08_facts,3,Microsoft.ExecuteSQLTask,Delete Existing Snapshot For Date,,,write,FACT.DAILY INVENTORY SNAPSHOT,dw-fact,SQL Server DW,True,direct
FACT_Load_DailyInventorySnapshot,08_facts,4,Microsoft.Pipeline,Build Daily Inventory Snapshot,stg DailyInventorySnapshot,WWI_Staging_DB,read,STG.DAILYINVENTORYSNAPSHOT,staging-stg,SQL Server Staging,False,direct
FACT_Load_DailyInventorySnapshot,08_facts,4,Microsoft.Pipeline,Build Daily Inventory Snapshot,Lookup Stock Item Key,WWI_DW_Destination_DB,read,DIMENSION.STOCK ITEM,dw-dimension,SQL Server DW,True,direct
FACT_Load_DailyInventorySnapshot,08_facts,4,Microsoft.Pipeline,Build Daily Inventory Snapshot,Lookup Stock Item Key,WWI_DW_Destination_DB,lookup,DIMENSION.STOCK ITEM,dw-dimension,SQL Server DW,True,direct
FACT_Load_DailyInventorySnapshot,08_facts,4,Microsoft.Pipeline,Build Daily Inventory Snapshot,Reject Source Errors,WWI_Staging_DB,write,ERR.REJECTEDCONSTRAINTVIOLATION,staging-err,SQL Server Staging,True,direct
FACT_Load_DailyInventorySnapshot,08_facts,4,Microsoft.Pipeline,Build Daily Inventory Snapshot,Lookup Position Date Key,WWI_DW_Destination_DB,read,DIMENSION.DATE,dw-dimension,SQL Server DW,True,direct
FACT_Load_DailyInventorySnapshot,08_facts,4,Microsoft.Pipeline,Build Daily Inventory Snapshot,Lookup Position Date Key,WWI_DW_Destination_DB,lookup,DIMENSION.DATE,dw-dimension,SQL Server DW,True,direct
FACT_Load_DailyInventorySnapshot,08_facts,4,Microsoft.Pipeline,Build Daily Inventory Snapshot,Insert Standard Rows,WWI_DW_Destination_DB,write,FACT.DAILY INVENTORY SNAPSHOT,dw-fact,SQL Server DW,True,direct
FACT_Load_DailyInventorySnapshot,08_facts,4,Microsoft.Pipeline,Build Daily Inventory Snapshot,Insert Critical Cover Rows,WWI_DW_Destination_DB,write,FACT.DAILY INVENTORY SNAPSHOT,dw-fact,SQL Server DW,True,direct
FACT_Load_DailyInventorySnapshot,08_facts,4,Microsoft.Pipeline,Build Daily Inventory Snapshot,Reject Unknown Stock Item,WWI_Staging_DB,write,ERR.REJECTEDLOOKUPFAILURE,staging-err,SQL Server Staging,True,direct
FACT_Load_DailyInventorySnapshot,08_facts,5,Microsoft.ExecuteSQLTask,Prune Snapshots Past Retention,,,read,DIMENSION.DATE,dw-dimension,SQL Server DW,True,direct
FACT_Load_DailyInventorySnapshot,08_facts,5,Microsoft.ExecuteSQLTask,Prune Snapshots Past Retention,,,read,FACT.DAILY INVENTORY SNAPSHOT,dw-fact,SQL Server DW,True,direct
FACT_Load_DailyInventorySnapshot,08_facts,5,Microsoft.ExecuteSQLTask,Prune Snapshots Past Retention,,,write,FACT.DAILY INVENTORY SNAPSHOT,dw-fact,SQL Server DW,True,direct
FACT_Load_DailyInventorySnapshot,08_facts,6,Microsoft.ExecuteSQLTask,Log Rejected Records,,,exec,ETL.USP_LOGREJECTEDRECORD,etl-control,ETL control,False,direct
FACT_Load_DailyInventorySnapshot,08_facts,7,Microsoft.ExecuteSQLTask,Log Row Counts,,,exec,ETL.USP_LOGROWCOUNT,etl-control,ETL control,False,direct
FACT_Load_DailyInventorySnapshot,08_facts,8,Microsoft.ExecuteSQLTask,Log Package Success,,,exec,ETL.USP_LOGPACKAGEEND,etl-control,ETL control,False,direct
FACT_Load_DailyInventorySnapshot,08_facts,9,Microsoft.ExecuteSQLTask,Log Error,,,exec,ETL.USP_LOGERROR,etl-control,ETL control,False,direct
FACT_Load_DailyInventorySnapshot,08_facts,10,Microsoft.ExecuteSQLTask,Mark Execution Failed,,,exec,ETL.USP_LOGPACKAGEEND,etl-control,ETL control,False,direct
FACT_Load_DailySalesSnapshot,08_facts,2,Microsoft.ExecuteSQLTask,Log Package Start,,,exec,ETL.USP_LOGPACKAGESTART,etl-control,ETL control,False,direct
FACT_Load_DailySalesSnapshot,08_facts,3,Microsoft.ExecuteSQLTask,Delete Existing Snapshot For Date,,,read,DIMENSION.DATE,dw-dimension,SQL Server DW,True,direct
FACT_Load_DailySalesSnapshot,08_facts,3,Microsoft.ExecuteSQLTask,Delete Existing Snapshot For Date,,,read,FACT.DAILY SALES SNAPSHOT,dw-fact,SQL Server DW,True,direct
FACT_Load_DailySalesSnapshot,08_facts,3,Microsoft.ExecuteSQLTask,Delete Existing Snapshot For Date,,,write,FACT.DAILY SALES SNAPSHOT,dw-fact,SQL Server DW,True,direct
FACT_Load_DailySalesSnapshot,08_facts,4,Microsoft.Pipeline,Build Daily Sales Snapshot,stg DailySalesSnapshot,WWI_Staging_DB,read,STG.DAILYSALESSNAPSHOT,staging-stg,SQL Server Staging,False,direct
FACT_Load_DailySalesSnapshot,08_facts,4,Microsoft.Pipeline,Build Daily Sales Snapshot,Reject Source Errors,WWI_Staging_DB,write,ERR.REJECTEDINVOICELINE,staging-err,SQL Server Staging,True,direct
FACT_Load_DailySalesSnapshot,08_facts,4,Microsoft.Pipeline,Build Daily Sales Snapshot,Insert Standard Rows,WWI_DW_Destination_DB,write,FACT.DAILY SALES SNAPSHOT,dw-fact,SQL Server DW,True,direct
FACT_Load_DailySalesSnapshot,08_facts,4,Microsoft.Pipeline,Build Daily Sales Snapshot,Insert Negative Margin Rows,WWI_DW_Destination_DB,write,FACT.DAILY SALES SNAPSHOT,dw-fact,SQL Server DW,True,direct
FACT_Load_DailySalesSnapshot,08_facts,4,Microsoft.Pipeline,Build Daily Sales Snapshot,Reject Zero Value Rows,WWI_Staging_DB,write,ERR.REJECTEDCONSTRAINTVIOLATION,staging-err,SQL Server Staging,True,direct
FACT_Load_DailySalesSnapshot,08_facts,5,Microsoft.ExecuteSQLTask,Reconcile Snapshot To Fact Sale,,,exec,INTEGRATION.LOADFACTDAILYSALESSNAPSHOT,dw-integration,SQL Server DW,False,direct
FACT_Load_DailySalesSnapshot,08_facts,6,Microsoft.ExecuteSQLTask,Log Rejected Records,,,exec,ETL.USP_LOGREJECTEDRECORD,etl-control,ETL control,False,direct
FACT_Load_DailySalesSnapshot,08_facts,7,Microsoft.ExecuteSQLTask,Log Row Counts,,,exec,ETL.USP_LOGROWCOUNT,etl-control,ETL control,False,direct
FACT_Load_DailySalesSnapshot,08_facts,8,Microsoft.ExecuteSQLTask,Log Package Success,,,exec,ETL.USP_LOGPACKAGEEND,etl-control,ETL control,False,direct
FACT_Load_DailySalesSnapshot,08_facts,9,Microsoft.ExecuteSQLTask,Log Error,,,exec,ETL.USP_LOGERROR,etl-control,ETL control,False,direct
FACT_Load_DailySalesSnapshot,08_facts,10,Microsoft.ExecuteSQLTask,Mark Execution Failed,,,exec,ETL.USP_LOGPACKAGEEND,etl-control,ETL control,False,direct
FACT_Load_GLPosting,08_facts,2,Microsoft.ExecuteSQLTask,Log Package Start,,,exec,ETL.USP_LOGPACKAGESTART,etl-control,ETL control,False,direct
FACT_Load_GLPosting,08_facts,3,Microsoft.ExecuteSQLTask,Get Watermark,,,exec,ETL.USP_GETWATERMARK,etl-control,ETL control,False,direct
FACT_Load_GLPosting,08_facts,4,Microsoft.ExecuteSQLTask,Quarantine Unbalanced Batches,,,read,STG.GLPOSTING,staging-stg,SQL Server Staging,False,direct
FACT_Load_GLPosting,08_facts,4,Microsoft.ExecuteSQLTask,Quarantine Unbalanced Batches,,,write,ERR.REJECTEDCONSTRAINTVIOLATION,staging-err,SQL Server Staging,True,direct
FACT_Load_GLPosting,08_facts,5,Microsoft.Pipeline,Load Fact GL Posting,stg GLPosting,WWI_Staging_DB,read,STG.GLPOSTING,staging-stg,SQL Server Staging,False,direct
FACT_Load_GLPosting,08_facts,5,Microsoft.Pipeline,Load Fact GL Posting,Lookup GL Account Key,WWI_DW_Destination_DB,read,DIMENSION.GL ACCOUNT,dw-dimension,SQL Server DW,False,direct
FACT_Load_GLPosting,08_facts,5,Microsoft.Pipeline,Load Fact GL Posting,Lookup GL Account Key,WWI_DW_Destination_DB,lookup,DIMENSION.GL ACCOUNT,dw-dimension,SQL Server DW,False,direct
FACT_Load_GLPosting,08_facts,5,Microsoft.Pipeline,Load Fact GL Posting,Reject Source Errors,WWI_Staging_DB,write,ERR.REJECTEDCONSTRAINTVIOLATION,staging-err,SQL Server Staging,True,direct
FACT_Load_GLPosting,08_facts,5,Microsoft.Pipeline,Load Fact GL Posting,Lookup Posting Date Key,WWI_DW_Destination_DB,read,DIMENSION.DATE,dw-dimension,SQL Server DW,True,direct
FACT_Load_GLPosting,08_facts,5,Microsoft.Pipeline,Load Fact GL Posting,Lookup Posting Date Key,WWI_DW_Destination_DB,lookup,DIMENSION.DATE,dw-dimension,SQL Server DW,True,direct
FACT_Load_GLPosting,08_facts,5,Microsoft.Pipeline,Load Fact GL Posting,Lookup Effective FX Rate,WWI_Staging_DB,read,STG.CURRENCYRATE,staging-stg,SQL Server Staging,False,direct
FACT_Load_GLPosting,08_facts,5,Microsoft.Pipeline,Load Fact GL Posting,Lookup Effective FX Rate,WWI_Staging_DB,lookup,STG.CURRENCYRATE,staging-stg,SQL Server Staging,False,direct
FACT_Load_GLPosting,08_facts,5,Microsoft.Pipeline,Load Fact GL Posting,Insert System Journals,WWI_DW_Destination_DB,write,FACT.GL POSTING,dw-fact,SQL Server DW,True,direct
FACT_Load_GLPosting,08_facts,5,Microsoft.Pipeline,Load Fact GL Posting,Insert Manual Journals,WWI_DW_Destination_DB,write,FACT.GL POSTING,dw-fact,SQL Server DW,True,direct
FACT_Load_GLPosting,08_facts,5,Microsoft.Pipeline,Load Fact GL Posting,Reject Unknown Account,WWI_Staging_DB,write,ERR.REJECTEDLOOKUPFAILURE,staging-err,SQL Server Staging,True,direct
FACT_Load_GLPosting,08_facts,6,Microsoft.ExecuteSQLTask,Flag Closed Period Postings,,,exec,INTEGRATION.LOADFACTGLPOSTING,dw-integration,SQL Server DW,False,direct
FACT_Load_GLPosting,08_facts,7,Microsoft.ExecuteSQLTask,Set Watermark,,,exec,ETL.USP_SETWATERMARK,etl-control,ETL control,False,direct
FACT_Load_GLPosting,08_facts,8,Microsoft.ExecuteSQLTask,Log Rejected Records,,,exec,ETL.USP_LOGREJECTEDRECORD,etl-control,ETL control,False,direct
FACT_Load_GLPosting,08_facts,9,Microsoft.ExecuteSQLTask,Log Row Counts,,,exec,ETL.USP_LOGROWCOUNT,etl-control,ETL control,False,direct
FACT_Load_GLPosting,08_facts,10,Microsoft.ExecuteSQLTask,Log Package Success,,,exec,ETL.USP_LOGPACKAGEEND,etl-control,ETL control,False,direct
FACT_Load_GLPosting,08_facts,11,Microsoft.ExecuteSQLTask,Log Error,,,exec,ETL.USP_LOGERROR,etl-control,ETL control,False,direct
FACT_Load_GLPosting,08_facts,12,Microsoft.ExecuteSQLTask,Mark Execution Failed,,,exec,ETL.USP_LOGPACKAGEEND,etl-control,ETL control,False,direct
FACT_Load_LoyaltyPoints,08_facts,2,Microsoft.ExecuteSQLTask,Log Package Start,,,exec,ETL.USP_LOGPACKAGESTART,etl-control,ETL control,False,direct
FACT_Load_LoyaltyPoints,08_facts,3,Microsoft.ExecuteSQLTask,Get Watermark,,,exec,ETL.USP_GETWATERMARK,etl-control,ETL control,False,direct
FACT_Load_LoyaltyPoints,08_facts,4,Microsoft.Pipeline,Load Fact Loyalty Points,stg LoyaltyPoints,WWI_Staging_DB,read,STG.LOYALTYPOINTS,staging-stg,SQL Server Staging,False,direct
FACT_Load_LoyaltyPoints,08_facts,4,Microsoft.Pipeline,Load Fact Loyalty Points,Lookup Customer Key,WWI_DW_Destination_DB,read,DIMENSION.CUSTOMER,dw-dimension,SQL Server DW,True,direct
FACT_Load_LoyaltyPoints,08_facts,4,Microsoft.Pipeline,Load Fact Loyalty Points,Lookup Customer Key,WWI_DW_Destination_DB,lookup,DIMENSION.CUSTOMER,dw-dimension,SQL Server DW,True,direct
FACT_Load_LoyaltyPoints,08_facts,4,Microsoft.Pipeline,Load Fact Loyalty Points,Reject Source Errors,WWI_Staging_DB,write,ERR.REJECTEDCONSTRAINTVIOLATION,staging-err,SQL Server Staging,True,direct
FACT_Load_LoyaltyPoints,08_facts,4,Microsoft.Pipeline,Load Fact Loyalty Points,Lookup Event Date Key,WWI_DW_Destination_DB,read,DIMENSION.DATE,dw-dimension,SQL Server DW,True,direct
FACT_Load_LoyaltyPoints,08_facts,4,Microsoft.Pipeline,Load Fact Loyalty Points,Lookup Event Date Key,WWI_DW_Destination_DB,lookup,DIMENSION.DATE,dw-dimension,SQL Server DW,True,direct
FACT_Load_LoyaltyPoints,08_facts,4,Microsoft.Pipeline,Load Fact Loyalty Points,Insert Earnings,WWI_DW_Destination_DB,write,FACT.LOYALTY POINTS,dw-fact,SQL Server DW,True,direct
FACT_Load_LoyaltyPoints,08_facts,4,Microsoft.Pipeline,Load Fact Loyalty Points,Insert Redemptions,WWI_DW_Destination_DB,write,FACT.LOYALTY POINTS,dw-fact,SQL Server DW,True,direct
FACT_Load_LoyaltyPoints,08_facts,4,Microsoft.Pipeline,Load Fact Loyalty Points,Insert Adjustments,WWI_DW_Destination_DB,write,FACT.LOYALTY POINTS,dw-fact,SQL Server DW,True,direct
FACT_Load_LoyaltyPoints,08_facts,4,Microsoft.Pipeline,Load Fact Loyalty Points,Hold Unmatched Customer,WWI_Staging_DB,write,ERR.REJECTEDLOOKUPFAILURE,staging-err,SQL Server Staging,True,direct
FACT_Load_LoyaltyPoints,08_facts,5,Microsoft.ExecuteSQLTask,Generate Expiry Rows,,,exec,INTEGRATION.LOADFACTLOYALTYPOINTS,dw-integration,SQL Server DW,False,direct
FACT_Load_LoyaltyPoints,08_facts,6,Microsoft.ExecuteSQLTask,Set Watermark,,,exec,ETL.USP_SETWATERMARK,etl-control,ETL control,False,direct
FACT_Load_LoyaltyPoints,08_facts,7,Microsoft.ExecuteSQLTask,Log Rejected Records,,,exec,ETL.USP_LOGREJECTEDRECORD,etl-control,ETL control,False,direct
FACT_Load_LoyaltyPoints,08_facts,8,Microsoft.ExecuteSQLTask,Log Row Counts,,,exec,ETL.USP_LOGROWCOUNT,etl-control,ETL control,False,direct
FACT_Load_LoyaltyPoints,08_facts,9,Microsoft.ExecuteSQLTask,Log Package Success,,,exec,ETL.USP_LOGPACKAGEEND,etl-control,ETL control,False,direct
FACT_Load_LoyaltyPoints,08_facts,10,Microsoft.ExecuteSQLTask,Log Error,,,exec,ETL.USP_LOGERROR,etl-control,ETL control,False,direct
FACT_Load_LoyaltyPoints,08_facts,11,Microsoft.ExecuteSQLTask,Mark Execution Failed,,,exec,ETL.USP_LOGPACKAGEEND,etl-control,ETL control,False,direct
FACT_Load_Movement,08_facts,2,Microsoft.ExecuteSQLTask,Log Package Start,,,exec,ETL.USP_LOGPACKAGESTART,etl-control,ETL control,False,direct
FACT_Load_Movement,08_facts,3,Microsoft.ExecuteSQLTask,Get Watermark,,,exec,ETL.USP_GETWATERMARK,etl-control,ETL control,False,direct
FACT_Load_Movement,08_facts,4,Microsoft.Pipeline,Load Fact Movement,stg Movement,WWI_Staging_DB,read,STG.MOVEMENT,staging-stg,SQL Server Staging,False,direct
FACT_Load_Movement,08_facts,4,Microsoft.Pipeline,Load Fact Movement,Lookup Stock Item Key,WWI_DW_Destination_DB,read,DIMENSION.STOCK ITEM,dw-dimension,SQL Server DW,True,direct
FACT_Load_Movement,08_facts,4,Microsoft.Pipeline,Load Fact Movement,Lookup Stock Item Key,WWI_DW_Destination_DB,lookup,DIMENSION.STOCK ITEM,dw-dimension,SQL Server DW,True,direct
FACT_Load_Movement,08_facts,4,Microsoft.Pipeline,Load Fact Movement,Reject Source Errors,WWI_Staging_DB,write,ERR.REJECTEDCONSTRAINTVIOLATION,staging-err,SQL Server Staging,True,direct
FACT_Load_Movement,08_facts,4,Microsoft.Pipeline,Load Fact Movement,Lookup Movement Date Key,WWI_DW_Destination_DB,read,DIMENSION.DATE,dw-dimension,SQL Server DW,True,direct
FACT_Load_Movement,08_facts,4,Microsoft.Pipeline,Load Fact Movement,Lookup Movement Date Key,WWI_DW_Destination_DB,lookup,DIMENSION.DATE,dw-dimension,SQL Server DW,True,direct
FACT_Load_Movement,08_facts,4,Microsoft.Pipeline,Load Fact Movement,Insert Operational Movements,WWI_DW_Destination_DB,write,FACT.MOVEMENT,dw-fact,SQL Server DW,True,direct
FACT_Load_Movement,08_facts,4,Microsoft.Pipeline,Load Fact Movement,Insert Write Offs,WWI_DW_Destination_DB,write,FACT.MOVEMENT,dw-fact,SQL Server DW,True,direct
FACT_Load_Movement,08_facts,4,Microsoft.Pipeline,Load Fact Movement,Insert Reversal Rows,WWI_DW_Destination_DB,write,FACT.MOVEMENT,dw-fact,SQL Server DW,True,direct
FACT_Load_Movement,08_facts,4,Microsoft.Pipeline,Load Fact Movement,Hold Unknown Stock Item,WWI_Staging_DB,write,ERR.REJECTEDLOOKUPFAILURE,staging-err,SQL Server Staging,True,direct
FACT_Load_Movement,08_facts,5,Microsoft.ExecuteSQLTask,Link Reversals To Original Movements,,,read,FACT.MOVEMENT,dw-fact,SQL Server DW,True,direct
FACT_Load_Movement,08_facts,5,Microsoft.ExecuteSQLTask,Link Reversals To Original Movements,,,write,FACT.MOVEMENT,dw-fact,SQL Server DW,True,direct
FACT_Load_Movement,08_facts,6,Microsoft.ExecuteSQLTask,Queue Late Arriving Stock Item,,,read,ERR.REJECTEDLOOKUPFAILURE,staging-err,SQL Server Staging,True,direct
FACT_Load_Movement,08_facts,6,Microsoft.ExecuteSQLTask,Queue Late Arriving Stock Item,,,read,WORK.LATEARRIVINGDIMENSIONQUEUE,staging-work,SQL Server Staging,True,direct
FACT_Load_Movement,08_facts,6,Microsoft.ExecuteSQLTask,Queue Late Arriving Stock Item,,,write,WORK.LATEARRIVINGDIMENSIONQUEUE,staging-work,SQL Server Staging,True,direct
FACT_Load_Movement,08_facts,7,Microsoft.ExecuteSQLTask,Set Watermark,,,exec,ETL.USP_SETWATERMARK,etl-control,ETL control,False,direct
FACT_Load_Movement,08_facts,8,Microsoft.ExecuteSQLTask,Log Rejected Records,,,exec,ETL.USP_LOGREJECTEDRECORD,etl-control,ETL control,False,direct
FACT_Load_Movement,08_facts,9,Microsoft.ExecuteSQLTask,Log Row Counts,,,exec,ETL.USP_LOGROWCOUNT,etl-control,ETL control,False,direct
FACT_Load_Movement,08_facts,10,Microsoft.ExecuteSQLTask,Log Package Success,,,exec,ETL.USP_LOGPACKAGEEND,etl-control,ETL control,False,direct
FACT_Load_Movement,08_facts,11,Microsoft.ExecuteSQLTask,Log Error,,,exec,ETL.USP_LOGERROR,etl-control,ETL control,False,direct
FACT_Load_Movement,08_facts,12,Microsoft.ExecuteSQLTask,Mark Execution Failed,,,exec,ETL.USP_LOGPACKAGEEND,etl-control,ETL control,False,direct
FACT_Load_Order,08_facts,2,Microsoft.ExecuteSQLTask,Log Package Start,,,exec,ETL.USP_LOGPACKAGESTART,etl-control,ETL control,False,direct
FACT_Load_Order,08_facts,3,Microsoft.ExecuteSQLTask,Get Watermark,,,exec,ETL.USP_GETWATERMARK,etl-control,ETL control,False,direct
FACT_Load_Order,08_facts,4,Microsoft.Pipeline,Load Fact Order,stg Order,WWI_Staging_DB,read,STG.ORDER,staging-stg,SQL Server Staging,True,direct
FACT_Load_Order,08_facts,4,Microsoft.Pipeline,Load Fact Order,Lookup Customer Key,WWI_DW_Destination_DB,read,DIMENSION.CUSTOMER,dw-dimension,SQL Server DW,True,direct
FACT_Load_Order,08_facts,4,Microsoft.Pipeline,Load Fact Order,Lookup Customer Key,WWI_DW_Destination_DB,lookup,DIMENSION.CUSTOMER,dw-dimension,SQL Server DW,True,direct
FACT_Load_Order,08_facts,4,Microsoft.Pipeline,Load Fact Order,Reject Source Errors,WWI_Staging_DB,write,ERR.REJECTEDORDERLINE,staging-err,SQL Server Staging,True,direct
FACT_Load_Order,08_facts,4,Microsoft.Pipeline,Load Fact Order,Lookup Stock Item Key,WWI_DW_Destination_DB,read,DIMENSION.STOCK ITEM,dw-dimension,SQL Server DW,True,direct
FACT_Load_Order,08_facts,4,Microsoft.Pipeline,Load Fact Order,Lookup Stock Item Key,WWI_DW_Destination_DB,lookup,DIMENSION.STOCK ITEM,dw-dimension,SQL Server DW,True,direct
FACT_Load_Order,08_facts,4,Microsoft.Pipeline,Load Fact Order,Lookup Order Date Key,WWI_DW_Destination_DB,read,DIMENSION.DATE,dw-dimension,SQL Server DW,True,direct
FACT_Load_Order,08_facts,4,Microsoft.Pipeline,Load Fact Order,Lookup Order Date Key,WWI_DW_Destination_DB,lookup,DIMENSION.DATE,dw-dimension,SQL Server DW,True,direct
FACT_Load_Order,08_facts,4,Microsoft.Pipeline,Load Fact Order,Lookup Expected Delivery Date Key,WWI_DW_Destination_DB,read,DIMENSION.DATE,dw-dimension,SQL Server DW,True,direct
FACT_Load_Order,08_facts,4,Microsoft.Pipeline,Load Fact Order,Lookup Expected Delivery Date Key,WWI_DW_Destination_DB,lookup,DIMENSION.DATE,dw-dimension,SQL Server DW,True,direct
FACT_Load_Order,08_facts,4,Microsoft.Pipeline,Load Fact Order,Insert Complete Lines,WWI_DW_Destination_DB,write,FACT.ORDER,dw-fact,SQL Server DW,True,direct
FACT_Load_Order,08_facts,4,Microsoft.Pipeline,Load Fact Order,Insert Backordered Lines,WWI_DW_Destination_DB,write,FACT.ORDER,dw-fact,SQL Server DW,True,direct
FACT_Load_Order,08_facts,4,Microsoft.Pipeline,Load Fact Order,Hold Early Arriving Customer,WWI_Staging_DB,write,WORK.ORDERLINEENRICHED,staging-work,SQL Server Staging,True,direct
FACT_Load_Order,08_facts,4,Microsoft.Pipeline,Load Fact Order,Hold Early Arriving Stock Item,WWI_Staging_DB,write,WORK.ORDERLINEENRICHED,staging-work,SQL Server Staging,True,direct
FACT_Load_Order,08_facts,4,Microsoft.Pipeline,Load Fact Order,Reject Cancelled Lines,WWI_Staging_DB,write,ERR.REJECTEDORDERLINE,staging-err,SQL Server Staging,True,direct
FACT_Load_Order,08_facts,5,Microsoft.ExecuteSQLTask,Age Held Order Lines,,,write,WORK.ORDERLINEENRICHED,staging-work,SQL Server Staging,True,direct
FACT_Load_Order,08_facts,6,Microsoft.ExecuteSQLTask,Queue Late Arriving Customer,,,read,ERR.REJECTEDLOOKUPFAILURE,staging-err,SQL Server Staging,True,direct
FACT_Load_Order,08_facts,6,Microsoft.ExecuteSQLTask,Queue Late Arriving Customer,,,read,WORK.LATEARRIVINGDIMENSIONQUEUE,staging-work,SQL Server Staging,True,direct
FACT_Load_Order,08_facts,6,Microsoft.ExecuteSQLTask,Queue Late Arriving Customer,,,write,WORK.LATEARRIVINGDIMENSIONQUEUE,staging-work,SQL Server Staging,True,direct
FACT_Load_Order,08_facts,7,Microsoft.ExecuteSQLTask,Release Held Lines Past Retry Limit,,,exec,INTEGRATION.LOADFACTORDER,dw-integration,SQL Server DW,False,direct
FACT_Load_Order,08_facts,8,Microsoft.ExecuteSQLTask,Set Watermark,,,exec,ETL.USP_SETWATERMARK,etl-control,ETL control,False,direct
FACT_Load_Order,08_facts,9,Microsoft.ExecuteSQLTask,Log Rejected Records,,,exec,ETL.USP_LOGREJECTEDRECORD,etl-control,ETL control,False,direct
FACT_Load_Order,08_facts,10,Microsoft.ExecuteSQLTask,Log Row Counts,,,exec,ETL.USP_LOGROWCOUNT,etl-control,ETL control,False,direct
FACT_Load_Order,08_facts,11,Microsoft.ExecuteSQLTask,Log Package Success,,,exec,ETL.USP_LOGPACKAGEEND,etl-control,ETL control,False,direct
FACT_Load_Order,08_facts,12,Microsoft.ExecuteSQLTask,Log Error,,,exec,ETL.USP_LOGERROR,etl-control,ETL control,False,direct
FACT_Load_Order,08_facts,13,Microsoft.ExecuteSQLTask,Mark Execution Failed,,,exec,ETL.USP_LOGPACKAGEEND,etl-control,ETL control,False,direct
FACT_Load_OrderFulfilment,08_facts,2,Microsoft.ExecuteSQLTask,Log Package Start,,,exec,ETL.USP_LOGPACKAGESTART,etl-control,ETL control,False,direct
FACT_Load_OrderFulfilment,08_facts,3,Microsoft.ExecuteSQLTask,Get Watermark,,,exec,ETL.USP_GETWATERMARK,etl-control,ETL control,False,direct
FACT_Load_OrderFulfilment,08_facts,4,Microsoft.ExecuteSQLTask,Clear Fulfilment Work Table,,,write,WORK.ORDERLINEENRICHED,staging-work,SQL Server Staging,True,direct
FACT_Load_OrderFulfilment,08_facts,5,Microsoft.Pipeline,Load Fact Order Fulfilment,stg OrderFulfilment,WWI_Staging_DB,read,STG.ORDERFULFILMENT,staging-stg,SQL Server Staging,False,direct
FACT_Load_OrderFulfilment,08_facts,5,Microsoft.Pipeline,Load Fact Order Fulfilment,Lookup Customer Key,WWI_DW_Destination_DB,read,DIMENSION.CUSTOMER,dw-dimension,SQL Server DW,True,direct
FACT_Load_OrderFulfilment,08_facts,5,Microsoft.Pipeline,Load Fact Order Fulfilment,Lookup Customer Key,WWI_DW_Destination_DB,lookup,DIMENSION.CUSTOMER,dw-dimension,SQL Server DW,True,direct
FACT_Load_OrderFulfilment,08_facts,5,Microsoft.Pipeline,Load Fact Order Fulfilment,Reject Source Errors,WWI_Staging_DB,write,ERR.REJECTEDORDERLINE,staging-err,SQL Server Staging,True,direct
FACT_Load_OrderFulfilment,08_facts,5,Microsoft.Pipeline,Load Fact Order Fulfilment,Lookup Ordered Date Key,WWI_DW_Destination_DB,read,DIMENSION.DATE,dw-dimension,SQL Server DW,True,direct
FACT_Load_OrderFulfilment,08_facts,5,Microsoft.Pipeline,Load Fact Order Fulfilment,Lookup Ordered Date Key,WWI_DW_Destination_DB,lookup,DIMENSION.DATE,dw-dimension,SQL Server DW,True,direct
FACT_Load_OrderFulfilment,08_facts,5,Microsoft.Pipeline,Load Fact Order Fulfilment,Lookup Invoiced Date Key,WWI_DW_Destination_DB,read,DIMENSION.DATE,dw-dimension,SQL Server DW,True,direct
FACT_Load_OrderFulfilment,08_facts,5,Microsoft.Pipeline,Load Fact Order Fulfilment,Lookup Invoiced Date Key,WWI_DW_Destination_DB,lookup,DIMENSION.DATE,dw-dimension,SQL Server DW,True,direct
FACT_Load_OrderFulfilment,08_facts,5,Microsoft.Pipeline,Load Fact Order Fulfilment,Lookup Cash Received Date Key,WWI_DW_Destination_DB,read,DIMENSION.DATE,dw-dimension,SQL Server DW,True,direct
FACT_Load_OrderFulfilment,08_facts,5,Microsoft.Pipeline,Load Fact Order Fulfilment,Lookup Cash Received Date Key,WWI_DW_Destination_DB,lookup,DIMENSION.DATE,dw-dimension,SQL Server DW,True,direct
FACT_Load_OrderFulfilment,08_facts,5,Microsoft.Pipeline,Load Fact Order Fulfilment,Lookup Existing Fulfilment Row,WWI_DW_Destination_DB,read,FACT.ORDER FULFILMENT,dw-fact,SQL Server DW,True,direct
FACT_Load_OrderFulfilment,08_facts,5,Microsoft.Pipeline,Load Fact Order Fulfilment,Lookup Existing Fulfilment Row,WWI_DW_Destination_DB,lookup,FACT.ORDER FULFILMENT,dw-fact,SQL Server DW,True,direct
FACT_Load_OrderFulfilment,08_facts,5,Microsoft.Pipeline,Load Fact Order Fulfilment,Insert New Order,WWI_DW_Destination_DB,write,FACT.ORDER FULFILMENT,dw-fact,SQL Server DW,True,direct
FACT_Load_OrderFulfilment,08_facts,5,Microsoft.Pipeline,Load Fact Order Fulfilment,Stage Milestone Update,WWI_Staging_DB,write,WORK.ORDERLINEENRICHED,staging-work,SQL Server Staging,True,direct
FACT_Load_OrderFulfilment,08_facts,5,Microsoft.Pipeline,Load Fact Order Fulfilment,Stage Stalled Orders,WWI_Staging_DB,write,WORK.ORDERLINEENRICHED,staging-work,SQL Server Staging,True,direct
FACT_Load_OrderFulfilment,08_facts,6,Microsoft.ExecuteSQLTask,Update Fulfilment Milestones In Place,,,read,FACT.ORDER FULFILMENT,dw-fact,SQL Server DW,True,direct
FACT_Load_OrderFulfilment,08_facts,6,Microsoft.ExecuteSQLTask,Update Fulfilment Milestones In Place,,,read,WORK.ORDERLINEENRICHED,staging-work,SQL Server Staging,True,direct
FACT_Load_OrderFulfilment,08_facts,6,Microsoft.ExecuteSQLTask,Update Fulfilment Milestones In Place,,,write,FACT.ORDER FULFILMENT,dw-fact,SQL Server DW,True,direct
FACT_Load_OrderFulfilment,08_facts,7,Microsoft.ExecuteSQLTask,Escalate Stalled Orders,,,exec,INTEGRATION.LOADFACTORDERFULFILMENT,dw-integration,SQL Server DW,False,direct
FACT_Load_OrderFulfilment,08_facts,8,Microsoft.ExecuteSQLTask,Set Watermark,,,exec,ETL.USP_SETWATERMARK,etl-control,ETL control,False,direct
FACT_Load_OrderFulfilment,08_facts,9,Microsoft.ExecuteSQLTask,Log Rejected Records,,,exec,ETL.USP_LOGREJECTEDRECORD,etl-control,ETL control,False,direct
FACT_Load_OrderFulfilment,08_facts,10,Microsoft.ExecuteSQLTask,Log Row Counts,,,exec,ETL.USP_LOGROWCOUNT,etl-control,ETL control,False,direct
FACT_Load_OrderFulfilment,08_facts,11,Microsoft.ExecuteSQLTask,Log Package Success,,,exec,ETL.USP_LOGPACKAGEEND,etl-control,ETL control,False,direct
FACT_Load_OrderFulfilment,08_facts,12,Microsoft.ExecuteSQLTask,Log Error,,,exec,ETL.USP_LOGERROR,etl-control,ETL control,False,direct
FACT_Load_OrderFulfilment,08_facts,13,Microsoft.ExecuteSQLTask,Mark Execution Failed,,,exec,ETL.USP_LOGPACKAGEEND,etl-control,ETL control,False,direct
FACT_Load_Payment,08_facts,2,Microsoft.ExecuteSQLTask,Log Package Start,,,exec,ETL.USP_LOGPACKAGESTART,etl-control,ETL control,False,direct
FACT_Load_Payment,08_facts,3,Microsoft.ExecuteSQLTask,Get Watermark,,,exec,ETL.USP_GETWATERMARK,etl-control,ETL control,False,direct
FACT_Load_Payment,08_facts,4,Microsoft.ExecuteSQLTask,Clear Payment Match Table,,,write,WORK.PAYMENTMATCHED,staging-work,SQL Server Staging,True,direct
FACT_Load_Payment,08_facts,5,Microsoft.Pipeline,Load Fact Payment,stg Payment,WWI_Staging_DB,read,STG.PAYMENT,staging-stg,SQL Server Staging,True,direct
FACT_Load_Payment,08_facts,5,Microsoft.Pipeline,Load Fact Payment,Reject Source Errors,WWI_Staging_DB,write,ERR.REJECTEDPAYMENT,staging-err,SQL Server Staging,True,direct
FACT_Load_Payment,08_facts,5,Microsoft.Pipeline,Load Fact Payment,Lookup Customer Key,WWI_DW_Destination_DB,read,DIMENSION.CUSTOMER,dw-dimension,SQL Server DW,True,direct
FACT_Load_Payment,08_facts,5,Microsoft.Pipeline,Load Fact Payment,Lookup Customer Key,WWI_DW_Destination_DB,lookup,DIMENSION.CUSTOMER,dw-dimension,SQL Server DW,True,direct
FACT_Load_Payment,08_facts,5,Microsoft.Pipeline,Load Fact Payment,Lookup Payment Date Key,WWI_DW_Destination_DB,read,DIMENSION.DATE,dw-dimension,SQL Server DW,True,direct
FACT_Load_Payment,08_facts,5,Microsoft.Pipeline,Load Fact Payment,Lookup Payment Date Key,WWI_DW_Destination_DB,lookup,DIMENSION.DATE,dw-dimension,SQL Server DW,True,direct
FACT_Load_Payment,08_facts,5,Microsoft.Pipeline,Load Fact Payment,Lookup Value Date Key,WWI_DW_Destination_DB,read,DIMENSION.DATE,dw-dimension,SQL Server DW,True,direct
FACT_Load_Payment,08_facts,5,Microsoft.Pipeline,Load Fact Payment,Lookup Value Date Key,WWI_DW_Destination_DB,lookup,DIMENSION.DATE,dw-dimension,SQL Server DW,True,direct
FACT_Load_Payment,08_facts,5,Microsoft.Pipeline,Load Fact Payment,Lookup Effective FX Rate,WWI_Staging_DB,read,STG.CURRENCYRATE,staging-stg,SQL Server Staging,False,direct
FACT_Load_Payment,08_facts,5,Microsoft.Pipeline,Load Fact Payment,Lookup Effective FX Rate,WWI_Staging_DB,lookup,STG.CURRENCYRATE,staging-stg,SQL Server Staging,False,direct
FACT_Load_Payment,08_facts,5,Microsoft.Pipeline,Load Fact Payment,Insert Fully Applied,WWI_DW_Destination_DB,write,FACT.PAYMENT,dw-fact,SQL Server DW,True,direct
FACT_Load_Payment,08_facts,5,Microsoft.Pipeline,Load Fact Payment,Insert Partially Applied,WWI_DW_Destination_DB,write,FACT.PAYMENT,dw-fact,SQL Server DW,True,direct
FACT_Load_Payment,08_facts,5,Microsoft.Pipeline,Load Fact Payment,Insert Unapplied Cash,WWI_DW_Destination_DB,write,FACT.PAYMENT,dw-fact,SQL Server DW,True,direct
FACT_Load_Payment,08_facts,5,Microsoft.Pipeline,Load Fact Payment,Hold Unmatched Customer,WWI_Staging_DB,write,WORK.PAYMENTMATCHED,staging-work,SQL Server Staging,True,direct
FACT_Load_Payment,08_facts,6,Microsoft.ExecuteSQLTask,Remove Reprocessed Bank Batches,,,read,FACT.PAYMENT,dw-fact,SQL Server DW,True,direct
FACT_Load_Payment,08_facts,6,Microsoft.ExecuteSQLTask,Remove Reprocessed Bank Batches,,,write,FACT.PAYMENT,dw-fact,SQL Server DW,True,direct
FACT_Load_Payment,08_facts,7,Microsoft.ExecuteSQLTask,Match Held Payments By Remittance,,,exec,INTEGRATION.LOADFACTPAYMENT,dw-integration,SQL Server DW,False,direct
FACT_Load_Payment,08_facts,8,Microsoft.ExecuteSQLTask,Set Watermark,,,exec,ETL.USP_SETWATERMARK,etl-control,ETL control,False,direct
FACT_Load_Payment,08_facts,9,Microsoft.ExecuteSQLTask,Log Rejected Records,,,exec,ETL.USP_LOGREJECTEDRECORD,etl-control,ETL control,False,direct
FACT_Load_Payment,08_facts,10,Microsoft.ExecuteSQLTask,Log Row Counts,,,exec,ETL.USP_LOGROWCOUNT,etl-control,ETL control,False,direct
FACT_Load_Payment,08_facts,11,Microsoft.ExecuteSQLTask,Log Package Success,,,exec,ETL.USP_LOGPACKAGEEND,etl-control,ETL control,False,direct
FACT_Load_Payment,08_facts,12,Microsoft.ExecuteSQLTask,Log Error,,,exec,ETL.USP_LOGERROR,etl-control,ETL control,False,direct
FACT_Load_Payment,08_facts,13,Microsoft.ExecuteSQLTask,Mark Execution Failed,,,exec,ETL.USP_LOGPACKAGEEND,etl-control,ETL control,False,direct
FACT_Load_Purchase,08_facts,2,Microsoft.ExecuteSQLTask,Log Package Start,,,exec,ETL.USP_LOGPACKAGESTART,etl-control,ETL control,False,direct
FACT_Load_Purchase,08_facts,3,Microsoft.ExecuteSQLTask,Get Watermark,,,exec,ETL.USP_GETWATERMARK,etl-control,ETL control,False,direct
FACT_Load_Purchase,08_facts,4,Microsoft.ExecuteSQLTask,Clear Purchase Work Table,,,write,WORK.PURCHASELINEENRICHED,staging-work,SQL Server Staging,True,direct
FACT_Load_Purchase,08_facts,5,Microsoft.Pipeline,Load Fact Purchase,stg Purchase,WWI_Staging_DB,read,STG.PURCHASE,staging-stg,SQL Server Staging,False,direct
FACT_Load_Purchase,08_facts,5,Microsoft.Pipeline,Load Fact Purchase,Lookup Supplier Key,WWI_DW_Destination_DB,read,DIMENSION.SUPPLIER,dw-dimension,SQL Server DW,True,direct
FACT_Load_Purchase,08_facts,5,Microsoft.Pipeline,Load Fact Purchase,Lookup Supplier Key,WWI_DW_Destination_DB,lookup,DIMENSION.SUPPLIER,dw-dimension,SQL Server DW,True,direct
FACT_Load_Purchase,08_facts,5,Microsoft.Pipeline,Load Fact Purchase,Reject Source Errors,WWI_Staging_DB,write,ERR.REJECTEDCONSTRAINTVIOLATION,staging-err,SQL Server Staging,True,direct
FACT_Load_Purchase,08_facts,5,Microsoft.Pipeline,Load Fact Purchase,Lookup Stock Item Key,WWI_DW_Destination_DB,read,DIMENSION.STOCK ITEM,dw-dimension,SQL Server DW,True,direct
FACT_Load_Purchase,08_facts,5,Microsoft.Pipeline,Load Fact Purchase,Lookup Stock Item Key,WWI_DW_Destination_DB,lookup,DIMENSION.STOCK ITEM,dw-dimension,SQL Server DW,True,direct
FACT_Load_Purchase,08_facts,5,Microsoft.Pipeline,Load Fact Purchase,Lookup Effective FX Rate,WWI_Staging_DB,read,STG.CURRENCYRATE,staging-stg,SQL Server Staging,False,direct
FACT_Load_Purchase,08_facts,5,Microsoft.Pipeline,Load Fact Purchase,Lookup Effective FX Rate,WWI_Staging_DB,lookup,STG.CURRENCYRATE,staging-stg,SQL Server Staging,False,direct
FACT_Load_Purchase,08_facts,5,Microsoft.Pipeline,Load Fact Purchase,Lookup Order Placed Date Key,WWI_DW_Destination_DB,read,DIMENSION.DATE,dw-dimension,SQL Server DW,True,direct
FACT_Load_Purchase,08_facts,5,Microsoft.Pipeline,Load Fact Purchase,Lookup Order Placed Date Key,WWI_DW_Destination_DB,lookup,DIMENSION.DATE,dw-dimension,SQL Server DW,True,direct
FACT_Load_Purchase,08_facts,5,Microsoft.Pipeline,Load Fact Purchase,Lookup Expected Receipt Date Key,WWI_DW_Destination_DB,read,DIMENSION.DATE,dw-dimension,SQL Server DW,True,direct
FACT_Load_Purchase,08_facts,5,Microsoft.Pipeline,Load Fact Purchase,Lookup Expected Receipt Date Key,WWI_DW_Destination_DB,lookup,DIMENSION.DATE,dw-dimension,SQL Server DW,True,direct
FACT_Load_Purchase,08_facts,5,Microsoft.Pipeline,Load Fact Purchase,Insert Standard Lines,WWI_DW_Destination_DB,write,FACT.PURCHASE,dw-fact,SQL Server DW,True,direct
FACT_Load_Purchase,08_facts,5,Microsoft.Pipeline,Load Fact Purchase,Insert Long Lead Time Lines,WWI_DW_Destination_DB,write,FACT.PURCHASE,dw-fact,SQL Server DW,True,direct
FACT_Load_Purchase,08_facts,5,Microsoft.Pipeline,Load Fact Purchase,Hold Unknown Supplier,WWI_Staging_DB,write,WORK.PURCHASELINEENRICHED,staging-work,SQL Server Staging,True,direct
FACT_Load_Purchase,08_facts,5,Microsoft.Pipeline,Load Fact Purchase,Hold Unknown Stock Item,WWI_Staging_DB,write,WORK.PURCHASELINEENRICHED,staging-work,SQL Server Staging,True,direct
FACT_Load_Purchase,08_facts,6,Microsoft.ExecuteSQLTask,Queue Late Arriving Supplier,,,read,ERR.REJECTEDLOOKUPFAILURE,staging-err,SQL Server Staging,True,direct
FACT_Load_Purchase,08_facts,6,Microsoft.ExecuteSQLTask,Queue Late Arriving Supplier,,,read,WORK.LATEARRIVINGDIMENSIONQUEUE,staging-work,SQL Server Staging,True,direct
FACT_Load_Purchase,08_facts,6,Microsoft.ExecuteSQLTask,Queue Late Arriving Supplier,,,write,WORK.LATEARRIVINGDIMENSIONQUEUE,staging-work,SQL Server Staging,True,direct
FACT_Load_Purchase,08_facts,7,Microsoft.ExecuteSQLTask,Load Held Purchase Lines,,,exec,INTEGRATION.LOADFACTPURCHASE,dw-integration,SQL Server DW,False,direct
FACT_Load_Purchase,08_facts,8,Microsoft.ExecuteSQLTask,Set Watermark,,,exec,ETL.USP_SETWATERMARK,etl-control,ETL control,False,direct
FACT_Load_Purchase,08_facts,9,Microsoft.ExecuteSQLTask,Log Rejected Records,,,exec,ETL.USP_LOGREJECTEDRECORD,etl-control,ETL control,False,direct
FACT_Load_Purchase,08_facts,10,Microsoft.ExecuteSQLTask,Log Row Counts,,,exec,ETL.USP_LOGROWCOUNT,etl-control,ETL control,False,direct
FACT_Load_Purchase,08_facts,11,Microsoft.ExecuteSQLTask,Log Package Success,,,exec,ETL.USP_LOGPACKAGEEND,etl-control,ETL control,False,direct
FACT_Load_Purchase,08_facts,12,Microsoft.ExecuteSQLTask,Log Error,,,exec,ETL.USP_LOGERROR,etl-control,ETL control,False,direct
FACT_Load_Purchase,08_facts,13,Microsoft.ExecuteSQLTask,Mark Execution Failed,,,exec,ETL.USP_LOGPACKAGEEND,etl-control,ETL control,False,direct
FACT_Load_PurchaseReceipt,08_facts,2,Microsoft.ExecuteSQLTask,Log Package Start,,,exec,ETL.USP_LOGPACKAGESTART,etl-control,ETL control,False,direct
FACT_Load_PurchaseReceipt,08_facts,3,Microsoft.ExecuteSQLTask,Get Watermark,,,exec,ETL.USP_GETWATERMARK,etl-control,ETL control,False,direct
FACT_Load_PurchaseReceipt,08_facts,4,Microsoft.ExecuteSQLTask,Clear Receipt Work Table,,,write,WORK.PURCHASELINEENRICHED,staging-work,SQL Server Staging,True,direct
FACT_Load_PurchaseReceipt,08_facts,5,Microsoft.Pipeline,Load Fact Purchase Receipt,stg PurchaseReceipt,WWI_Staging_DB,read,STG.PURCHASERECEIPT,staging-stg,SQL Server Staging,False,direct
FACT_Load_PurchaseReceipt,08_facts,5,Microsoft.Pipeline,Load Fact Purchase Receipt,Lookup Supplier Key,WWI_DW_Destination_DB,read,DIMENSION.SUPPLIER,dw-dimension,SQL Server DW,True,direct
FACT_Load_PurchaseReceipt,08_facts,5,Microsoft.Pipeline,Load Fact Purchase Receipt,Lookup Supplier Key,WWI_DW_Destination_DB,lookup,DIMENSION.SUPPLIER,dw-dimension,SQL Server DW,True,direct
FACT_Load_PurchaseReceipt,08_facts,5,Microsoft.Pipeline,Load Fact Purchase Receipt,Reject Source Errors,WWI_Staging_DB,write,ERR.REJECTEDCONSTRAINTVIOLATION,staging-err,SQL Server Staging,True,direct
FACT_Load_PurchaseReceipt,08_facts,5,Microsoft.Pipeline,Load Fact Purchase Receipt,Lookup Stock Item Key,WWI_DW_Destination_DB,read,DIMENSION.STOCK ITEM,dw-dimension,SQL Server DW,True,direct
FACT_Load_PurchaseReceipt,08_facts,5,Microsoft.Pipeline,Load Fact Purchase Receipt,Lookup Stock Item Key,WWI_DW_Destination_DB,lookup,DIMENSION.STOCK ITEM,dw-dimension,SQL Server DW,True,direct
FACT_Load_PurchaseReceipt,08_facts,5,Microsoft.Pipeline,Load Fact Purchase Receipt,Lookup Order Raised Date Key,WWI_DW_Destination_DB,read,DIMENSION.DATE,dw-dimension,SQL Server DW,True,direct
FACT_Load_PurchaseReceipt,08_facts,5,Microsoft.Pipeline,Load Fact Purchase Receipt,Lookup Order Raised Date Key,WWI_DW_Destination_DB,lookup,DIMENSION.DATE,dw-dimension,SQL Server DW,True,direct
FACT_Load_PurchaseReceipt,08_facts,5,Microsoft.Pipeline,Load Fact Purchase Receipt,Lookup Goods Received Date Key,WWI_DW_Destination_DB,read,DIMENSION.DATE,dw-dimension,SQL Server DW,True,direct
FACT_Load_PurchaseReceipt,08_facts,5,Microsoft.Pipeline,Load Fact Purchase Receipt,Lookup Goods Received Date Key,WWI_DW_Destination_DB,lookup,DIMENSION.DATE,dw-dimension,SQL Server DW,True,direct
FACT_Load_PurchaseReceipt,08_facts,5,Microsoft.Pipeline,Load Fact Purchase Receipt,Lookup Invoice Received Date Key,WWI_DW_Destination_DB,read,DIMENSION.DATE,dw-dimension,SQL Server DW,True,direct
FACT_Load_PurchaseReceipt,08_facts,5,Microsoft.Pipeline,Load Fact Purchase Receipt,Lookup Invoice Received Date Key,WWI_DW_Destination_DB,lookup,DIMENSION.DATE,dw-dimension,SQL Server DW,True,direct
FACT_Load_PurchaseReceipt,08_facts,5,Microsoft.Pipeline,Load Fact Purchase Receipt,Lookup Payment Settled Date Key,WWI_DW_Destination_DB,read,DIMENSION.DATE,dw-dimension,SQL Server DW,True,direct
FACT_Load_PurchaseReceipt,08_facts,5,Microsoft.Pipeline,Load Fact Purchase Receipt,Lookup Payment Settled Date Key,WWI_DW_Destination_DB,lookup,DIMENSION.DATE,dw-dimension,SQL Server DW,True,direct
FACT_Load_PurchaseReceipt,08_facts,5,Microsoft.Pipeline,Load Fact Purchase Receipt,Lookup Existing Receipt Row,WWI_DW_Destination_DB,read,FACT.PURCHASE RECEIPT,dw-fact,SQL Server DW,True,direct
FACT_Load_PurchaseReceipt,08_facts,5,Microsoft.Pipeline,Load Fact Purchase Receipt,Lookup Existing Receipt Row,WWI_DW_Destination_DB,lookup,FACT.PURCHASE RECEIPT,dw-fact,SQL Server DW,True,direct
FACT_Load_PurchaseReceipt,08_facts,5,Microsoft.Pipeline,Load Fact Purchase Receipt,Insert New Receipt,WWI_DW_Destination_DB,write,FACT.PURCHASE RECEIPT,dw-fact,SQL Server DW,True,direct
FACT_Load_PurchaseReceipt,08_facts,5,Microsoft.Pipeline,Load Fact Purchase Receipt,Stage Milestone Update,WWI_Staging_DB,write,WORK.PURCHASELINEENRICHED,staging-work,SQL Server Staging,True,direct
FACT_Load_PurchaseReceipt,08_facts,5,Microsoft.Pipeline,Load Fact Purchase Receipt,Reject Match Failure,WWI_Staging_DB,write,ERR.REJECTEDCONSTRAINTVIOLATION,staging-err,SQL Server Staging,True,direct
FACT_Load_PurchaseReceipt,08_facts,6,Microsoft.ExecuteSQLTask,Update Milestones In Place,,,read,FACT.PURCHASE RECEIPT,dw-fact,SQL Server DW,True,direct
FACT_Load_PurchaseReceipt,08_facts,6,Microsoft.ExecuteSQLTask,Update Milestones In Place,,,read,WORK.PURCHASELINEENRICHED,staging-work,SQL Server Staging,True,direct
FACT_Load_PurchaseReceipt,08_facts,6,Microsoft.ExecuteSQLTask,Update Milestones In Place,,,write,FACT.PURCHASE RECEIPT,dw-fact,SQL Server DW,True,direct
FACT_Load_PurchaseReceipt,08_facts,7,Microsoft.ExecuteSQLTask,Recalculate GRNI Accrual,,,exec,INTEGRATION.LOADFACTPURCHASERECEIPT,dw-integration,SQL Server DW,False,direct
FACT_Load_PurchaseReceipt,08_facts,8,Microsoft.ExecuteSQLTask,Set Watermark,,,exec,ETL.USP_SETWATERMARK,etl-control,ETL control,False,direct
FACT_Load_PurchaseReceipt,08_facts,9,Microsoft.ExecuteSQLTask,Log Rejected Records,,,exec,ETL.USP_LOGREJECTEDRECORD,etl-control,ETL control,False,direct
FACT_Load_PurchaseReceipt,08_facts,10,Microsoft.ExecuteSQLTask,Log Row Counts,,,exec,ETL.USP_LOGROWCOUNT,etl-control,ETL control,False,direct
FACT_Load_PurchaseReceipt,08_facts,11,Microsoft.ExecuteSQLTask,Log Package Success,,,exec,ETL.USP_LOGPACKAGEEND,etl-control,ETL control,False,direct
FACT_Load_PurchaseReceipt,08_facts,12,Microsoft.ExecuteSQLTask,Log Error,,,exec,ETL.USP_LOGERROR,etl-control,ETL control,False,direct
FACT_Load_PurchaseReceipt,08_facts,13,Microsoft.ExecuteSQLTask,Mark Execution Failed,,,exec,ETL.USP_LOGPACKAGEEND,etl-control,ETL control,False,direct
FACT_Load_Return,08_facts,2,Microsoft.ExecuteSQLTask,Log Package Start,,,exec,ETL.USP_LOGPACKAGESTART,etl-control,ETL control,False,direct
FACT_Load_Return,08_facts,3,Microsoft.ExecuteSQLTask,Get Watermark,,,exec,ETL.USP_GETWATERMARK,etl-control,ETL control,False,direct
FACT_Load_Return,08_facts,4,Microsoft.Pipeline,Load Fact Return,stg Return,WWI_Staging_DB,read,STG.RETURN,staging-stg,SQL Server Staging,True,direct
FACT_Load_Return,08_facts,4,Microsoft.Pipeline,Load Fact Return,Lookup Customer Key,WWI_DW_Destination_DB,read,DIMENSION.CUSTOMER,dw-dimension,SQL Server DW,True,direct
FACT_Load_Return,08_facts,4,Microsoft.Pipeline,Load Fact Return,Lookup Customer Key,WWI_DW_Destination_DB,lookup,DIMENSION.CUSTOMER,dw-dimension,SQL Server DW,True,direct
FACT_Load_Return,08_facts,4,Microsoft.Pipeline,Load Fact Return,Reject Source Errors,WWI_Staging_DB,write,ERR.REJECTEDINVOICELINE,staging-err,SQL Server Staging,True,direct
FACT_Load_Return,08_facts,4,Microsoft.Pipeline,Load Fact Return,Lookup Stock Item Key,WWI_DW_Destination_DB,read,DIMENSION.STOCK ITEM,dw-dimension,SQL Server DW,True,direct
FACT_Load_Return,08_facts,4,Microsoft.Pipeline,Load Fact Return,Lookup Stock Item Key,WWI_DW_Destination_DB,lookup,DIMENSION.STOCK ITEM,dw-dimension,SQL Server DW,True,direct
FACT_Load_Return,08_facts,4,Microsoft.Pipeline,Load Fact Return,Lookup Return Date Key,WWI_DW_Destination_DB,read,DIMENSION.DATE,dw-dimension,SQL Server DW,True,direct
FACT_Load_Return,08_facts,4,Microsoft.Pipeline,Load Fact Return,Lookup Return Date Key,WWI_DW_Destination_DB,lookup,DIMENSION.DATE,dw-dimension,SQL Server DW,True,direct
FACT_Load_Return,08_facts,4,Microsoft.Pipeline,Load Fact Return,Lookup Original Invoice Date Key,WWI_DW_Destination_DB,read,DIMENSION.DATE,dw-dimension,SQL Server DW,True,direct
FACT_Load_Return,08_facts,4,Microsoft.Pipeline,Load Fact Return,Lookup Original Invoice Date Key,WWI_DW_Destination_DB,lookup,DIMENSION.DATE,dw-dimension,SQL Server DW,True,direct
FACT_Load_Return,08_facts,4,Microsoft.Pipeline,Load Fact Return,Lookup Original Sale Row,WWI_DW_Destination_DB,read,FACT.SALE,dw-fact,SQL Server DW,True,direct
FACT_Load_Return,08_facts,4,Microsoft.Pipeline,Load Fact Return,Lookup Original Sale Row,WWI_DW_Destination_DB,lookup,FACT.SALE,dw-fact,SQL Server DW,True,direct
FACT_Load_Return,08_facts,4,Microsoft.Pipeline,Load Fact Return,Insert Saleable Returns,WWI_DW_Destination_DB,write,FACT.RETURN,dw-fact,SQL Server DW,True,direct
FACT_Load_Return,08_facts,4,Microsoft.Pipeline,Load Fact Return,Insert Damaged Returns,WWI_DW_Destination_DB,write,FACT.RETURN,dw-fact,SQL Server DW,True,direct
FACT_Load_Return,08_facts,4,Microsoft.Pipeline,Load Fact Return,Reject Orphan Return,WWI_Staging_DB,write,ERR.REJECTEDLOOKUPFAILURE,staging-err,SQL Server Staging,True,direct
FACT_Load_Return,08_facts,5,Microsoft.ExecuteSQLTask,Write Sale Reversal Rows,,,exec,INTEGRATION.LOADFACTRETURN,dw-integration,SQL Server DW,False,direct
FACT_Load_Return,08_facts,6,Microsoft.ExecuteSQLTask,Set Watermark,,,exec,ETL.USP_SETWATERMARK,etl-control,ETL control,False,direct
FACT_Load_Return,08_facts,7,Microsoft.ExecuteSQLTask,Log Rejected Records,,,exec,ETL.USP_LOGREJECTEDRECORD,etl-control,ETL control,False,direct
FACT_Load_Return,08_facts,8,Microsoft.ExecuteSQLTask,Log Row Counts,,,exec,ETL.USP_LOGROWCOUNT,etl-control,ETL control,False,direct
FACT_Load_Return,08_facts,9,Microsoft.ExecuteSQLTask,Log Package Success,,,exec,ETL.USP_LOGPACKAGEEND,etl-control,ETL control,False,direct
FACT_Load_Return,08_facts,10,Microsoft.ExecuteSQLTask,Log Error,,,exec,ETL.USP_LOGERROR,etl-control,ETL control,False,direct
FACT_Load_Return,08_facts,11,Microsoft.ExecuteSQLTask,Mark Execution Failed,,,exec,ETL.USP_LOGPACKAGEEND,etl-control,ETL control,False,direct
FACT_Load_Shipment,08_facts,2,Microsoft.ExecuteSQLTask,Log Package Start,,,exec,ETL.USP_LOGPACKAGESTART,etl-control,ETL control,False,direct
FACT_Load_Shipment,08_facts,3,Microsoft.ExecuteSQLTask,Get Watermark,,,exec,ETL.USP_GETWATERMARK,etl-control,ETL control,False,direct
FACT_Load_Shipment,08_facts,4,Microsoft.ExecuteSQLTask,Clear Shipment Work Table,,,write,WORK.ORDERLINEENRICHED,staging-work,SQL Server Staging,True,direct
FACT_Load_Shipment,08_facts,5,Microsoft.Pipeline,Load Fact Shipment,stg Shipment,WWI_Staging_DB,read,STG.SHIPMENT,staging-stg,SQL Server Staging,True,direct
FACT_Load_Shipment,08_facts,5,Microsoft.Pipeline,Load Fact Shipment,Lookup Customer Key,WWI_DW_Destination_DB,read,DIMENSION.CUSTOMER,dw-dimension,SQL Server DW,True,direct
FACT_Load_Shipment,08_facts,5,Microsoft.Pipeline,Load Fact Shipment,Lookup Customer Key,WWI_DW_Destination_DB,lookup,DIMENSION.CUSTOMER,dw-dimension,SQL Server DW,True,direct
FACT_Load_Shipment,08_facts,5,Microsoft.Pipeline,Load Fact Shipment,Reject Source Errors,WWI_Staging_DB,write,ERR.REJECTEDSHIPMENT,staging-err,SQL Server Staging,True,direct
FACT_Load_Shipment,08_facts,5,Microsoft.Pipeline,Load Fact Shipment,Lookup Dispatched Date Key,WWI_DW_Destination_DB,read,DIMENSION.DATE,dw-dimension,SQL Server DW,True,direct
FACT_Load_Shipment,08_facts,5,Microsoft.Pipeline,Load Fact Shipment,Lookup Dispatched Date Key,WWI_DW_Destination_DB,lookup,DIMENSION.DATE,dw-dimension,SQL Server DW,True,direct
FACT_Load_Shipment,08_facts,5,Microsoft.Pipeline,Load Fact Shipment,Lookup Delivered Date Key,WWI_DW_Destination_DB,read,DIMENSION.DATE,dw-dimension,SQL Server DW,True,direct
FACT_Load_Shipment,08_facts,5,Microsoft.Pipeline,Load Fact Shipment,Lookup Delivered Date Key,WWI_DW_Destination_DB,lookup,DIMENSION.DATE,dw-dimension,SQL Server DW,True,direct
FACT_Load_Shipment,08_facts,5,Microsoft.Pipeline,Load Fact Shipment,Lookup Promised Delivery Date Key,WWI_DW_Destination_DB,read,DIMENSION.DATE,dw-dimension,SQL Server DW,True,direct
FACT_Load_Shipment,08_facts,5,Microsoft.Pipeline,Load Fact Shipment,Lookup Promised Delivery Date Key,WWI_DW_Destination_DB,lookup,DIMENSION.DATE,dw-dimension,SQL Server DW,True,direct
FACT_Load_Shipment,08_facts,5,Microsoft.Pipeline,Load Fact Shipment,Lookup Existing Shipment Row,WWI_DW_Destination_DB,read,FACT.SHIPMENT,dw-fact,SQL Server DW,True,direct
FACT_Load_Shipment,08_facts,5,Microsoft.Pipeline,Load Fact Shipment,Lookup Existing Shipment Row,WWI_DW_Destination_DB,lookup,FACT.SHIPMENT,dw-fact,SQL Server DW,True,direct
FACT_Load_Shipment,08_facts,5,Microsoft.Pipeline,Load Fact Shipment,Insert New Shipment,WWI_DW_Destination_DB,write,FACT.SHIPMENT,dw-fact,SQL Server DW,True,direct
FACT_Load_Shipment,08_facts,5,Microsoft.Pipeline,Load Fact Shipment,Stage Milestone Update,WWI_Staging_DB,write,WORK.ORDERLINEENRICHED,staging-work,SQL Server Staging,True,direct
FACT_Load_Shipment,08_facts,5,Microsoft.Pipeline,Load Fact Shipment,Stage Customs Held,WWI_Staging_DB,write,WORK.ORDERLINEENRICHED,staging-work,SQL Server Staging,True,direct
FACT_Load_Shipment,08_facts,6,Microsoft.ExecuteSQLTask,Update Shipment Milestones In Place,,,read,FACT.SHIPMENT,dw-fact,SQL Server DW,True,direct
FACT_Load_Shipment,08_facts,6,Microsoft.ExecuteSQLTask,Update Shipment Milestones In Place,,,read,WORK.ORDERLINEENRICHED,staging-work,SQL Server Staging,True,direct
FACT_Load_Shipment,08_facts,6,Microsoft.ExecuteSQLTask,Update Shipment Milestones In Place,,,write,FACT.SHIPMENT,dw-fact,SQL Server DW,True,direct
FACT_Load_Shipment,08_facts,7,Microsoft.ExecuteSQLTask,Recalculate Carrier Performance,,,exec,INTEGRATION.LOADFACTSHIPMENT,dw-integration,SQL Server DW,False,direct
FACT_Load_Shipment,08_facts,8,Microsoft.ExecuteSQLTask,Set Watermark,,,exec,ETL.USP_SETWATERMARK,etl-control,ETL control,False,direct
FACT_Load_Shipment,08_facts,9,Microsoft.ExecuteSQLTask,Log Rejected Records,,,exec,ETL.USP_LOGREJECTEDRECORD,etl-control,ETL control,False,direct
FACT_Load_Shipment,08_facts,10,Microsoft.ExecuteSQLTask,Log Row Counts,,,exec,ETL.USP_LOGROWCOUNT,etl-control,ETL control,False,direct
FACT_Load_Shipment,08_facts,11,Microsoft.ExecuteSQLTask,Log Package Success,,,exec,ETL.USP_LOGPACKAGEEND,etl-control,ETL control,False,direct
FACT_Load_Shipment,08_facts,12,Microsoft.ExecuteSQLTask,Log Error,,,exec,ETL.USP_LOGERROR,etl-control,ETL control,False,direct
FACT_Load_Shipment,08_facts,13,Microsoft.ExecuteSQLTask,Mark Execution Failed,,,exec,ETL.USP_LOGPACKAGEEND,etl-control,ETL control,False,direct
FACT_Load_StockHolding,08_facts,2,Microsoft.ExecuteSQLTask,Log Package Start,,,exec,ETL.USP_LOGPACKAGESTART,etl-control,ETL control,False,direct
FACT_Load_StockHolding,08_facts,3,Microsoft.ExecuteSQLTask,Delete Existing Snapshot For Date,,,read,DIMENSION.DATE,dw-dimension,SQL Server DW,True,direct
FACT_Load_StockHolding,08_facts,3,Microsoft.ExecuteSQLTask,Delete Existing Snapshot For Date,,,read,FACT.STOCK HOLDING,dw-fact,SQL Server DW,True,direct
FACT_Load_StockHolding,08_facts,3,Microsoft.ExecuteSQLTask,Delete Existing Snapshot For Date,,,write,FACT.STOCK HOLDING,dw-fact,SQL Server DW,True,direct
FACT_Load_StockHolding,08_facts,4,Microsoft.Pipeline,Load Fact Stock Holding,stg StockHolding,WWI_Staging_DB,read,STG.STOCKHOLDING,staging-stg,SQL Server Staging,False,direct
FACT_Load_StockHolding,08_facts,4,Microsoft.Pipeline,Load Fact Stock Holding,Lookup Stock Item Key,WWI_DW_Destination_DB,read,DIMENSION.STOCK ITEM,dw-dimension,SQL Server DW,True,direct
FACT_Load_StockHolding,08_facts,4,Microsoft.Pipeline,Load Fact Stock Holding,Lookup Stock Item Key,WWI_DW_Destination_DB,lookup,DIMENSION.STOCK ITEM,dw-dimension,SQL Server DW,True,direct
FACT_Load_StockHolding,08_facts,4,Microsoft.Pipeline,Load Fact Stock Holding,Reject Source Errors,WWI_Staging_DB,write,ERR.REJECTEDCONSTRAINTVIOLATION,staging-err,SQL Server Staging,True,direct
FACT_Load_StockHolding,08_facts,4,Microsoft.Pipeline,Load Fact Stock Holding,Lookup Position Date Key,WWI_DW_Destination_DB,read,DIMENSION.DATE,dw-dimension,SQL Server DW,True,direct
FACT_Load_StockHolding,08_facts,4,Microsoft.Pipeline,Load Fact Stock Holding,Lookup Position Date Key,WWI_DW_Destination_DB,lookup,DIMENSION.DATE,dw-dimension,SQL Server DW,True,direct
FACT_Load_StockHolding,08_facts,4,Microsoft.Pipeline,Load Fact Stock Holding,Insert Normal Positions,WWI_DW_Destination_DB,write,FACT.STOCK HOLDING,dw-fact,SQL Server DW,True,direct
FACT_Load_StockHolding,08_facts,4,Microsoft.Pipeline,Load Fact Stock Holding,Insert Oversold Positions,WWI_DW_Destination_DB,write,FACT.STOCK HOLDING,dw-fact,SQL Server DW,True,direct
FACT_Load_StockHolding,08_facts,4,Microsoft.Pipeline,Load Fact Stock Holding,Reject Unknown Stock Item,WWI_Staging_DB,write,ERR.REJECTEDLOOKUPFAILURE,staging-err,SQL Server Staging,True,direct
FACT_Load_StockHolding,08_facts,5,Microsoft.ExecuteSQLTask,Recalculate Inventory Health Flags,,,exec,INTEGRATION.LOADFACTSTOCKHOLDING,dw-integration,SQL Server DW,False,direct
FACT_Load_StockHolding,08_facts,6,Microsoft.ExecuteSQLTask,Log Rejected Records,,,exec,ETL.USP_LOGREJECTEDRECORD,etl-control,ETL control,False,direct
FACT_Load_StockHolding,08_facts,7,Microsoft.ExecuteSQLTask,Log Row Counts,,,exec,ETL.USP_LOGROWCOUNT,etl-control,ETL control,False,direct
FACT_Load_StockHolding,08_facts,8,Microsoft.ExecuteSQLTask,Log Package Success,,,exec,ETL.USP_LOGPACKAGEEND,etl-control,ETL control,False,direct
FACT_Load_StockHolding,08_facts,9,Microsoft.ExecuteSQLTask,Log Error,,,exec,ETL.USP_LOGERROR,etl-control,ETL control,False,direct
FACT_Load_StockHolding,08_facts,10,Microsoft.ExecuteSQLTask,Mark Execution Failed,,,exec,ETL.USP_LOGPACKAGEEND,etl-control,ETL control,False,direct
FACT_Load_SupplierPayment,08_facts,2,Microsoft.ExecuteSQLTask,Log Package Start,,,exec,ETL.USP_LOGPACKAGESTART,etl-control,ETL control,False,direct
FACT_Load_SupplierPayment,08_facts,3,Microsoft.ExecuteSQLTask,Get Watermark,,,exec,ETL.USP_GETWATERMARK,etl-control,ETL control,False,direct
FACT_Load_SupplierPayment,08_facts,4,Microsoft.Pipeline,Load Fact Supplier Payment,stg SupplierPayment,WWI_Staging_DB,read,STG.SUPPLIERPAYMENT,staging-stg,SQL Server Staging,False,direct
FACT_Load_SupplierPayment,08_facts,4,Microsoft.Pipeline,Load Fact Supplier Payment,Lookup Supplier Key,WWI_DW_Destination_DB,read,DIMENSION.SUPPLIER,dw-dimension,SQL Server DW,True,direct
FACT_Load_SupplierPayment,08_facts,4,Microsoft.Pipeline,Load Fact Supplier Payment,Lookup Supplier Key,WWI_DW_Destination_DB,lookup,DIMENSION.SUPPLIER,dw-dimension,SQL Server DW,True,direct
FACT_Load_SupplierPayment,08_facts,4,Microsoft.Pipeline,Load Fact Supplier Payment,Reject Source Errors,WWI_Staging_DB,write,ERR.REJECTEDPAYMENT,staging-err,SQL Server Staging,True,direct
FACT_Load_SupplierPayment,08_facts,4,Microsoft.Pipeline,Load Fact Supplier Payment,Lookup Invoice Date FX Rate,WWI_Staging_DB,read,STG.CURRENCYRATE,staging-stg,SQL Server Staging,False,direct
FACT_Load_SupplierPayment,08_facts,4,Microsoft.Pipeline,Load Fact Supplier Payment,Lookup Invoice Date FX Rate,WWI_Staging_DB,lookup,STG.CURRENCYRATE,staging-stg,SQL Server Staging,False,direct
FACT_Load_SupplierPayment,08_facts,4,Microsoft.Pipeline,Load Fact Supplier Payment,Lookup Settlement Date FX Rate,WWI_Staging_DB,read,STG.CURRENCYRATE,staging-stg,SQL Server Staging,False,direct
FACT_Load_SupplierPayment,08_facts,4,Microsoft.Pipeline,Load Fact Supplier Payment,Lookup Settlement Date FX Rate,WWI_Staging_DB,lookup,STG.CURRENCYRATE,staging-stg,SQL Server Staging,False,direct
FACT_Load_SupplierPayment,08_facts,4,Microsoft.Pipeline,Load Fact Supplier Payment,Lookup Settlement Date Key,WWI_DW_Destination_DB,read,DIMENSION.DATE,dw-dimension,SQL Server DW,True,direct
FACT_Load_SupplierPayment,08_facts,4,Microsoft.Pipeline,Load Fact Supplier Payment,Lookup Settlement Date Key,WWI_DW_Destination_DB,lookup,DIMENSION.DATE,dw-dimension,SQL Server DW,True,direct
FACT_Load_SupplierPayment,08_facts,4,Microsoft.Pipeline,Load Fact Supplier Payment,Insert Domestic Settlements,WWI_DW_Destination_DB,write,FACT.SUPPLIER PAYMENT,dw-fact,SQL Server DW,True,direct
FACT_Load_SupplierPayment,08_facts,4,Microsoft.Pipeline,Load Fact Supplier Payment,Insert Foreign Currency Settlements,WWI_DW_Destination_DB,write,FACT.SUPPLIER PAYMENT,dw-fact,SQL Server DW,True,direct
FACT_Load_SupplierPayment,08_facts,4,Microsoft.Pipeline,Load Fact Supplier Payment,Insert Discounted Settlements,WWI_DW_Destination_DB,write,FACT.SUPPLIER PAYMENT,dw-fact,SQL Server DW,True,direct
FACT_Load_SupplierPayment,08_facts,4,Microsoft.Pipeline,Load Fact Supplier Payment,Reject Unknown Supplier,WWI_Staging_DB,write,ERR.REJECTEDLOOKUPFAILURE,staging-err,SQL Server Staging,True,direct
FACT_Load_SupplierPayment,08_facts,5,Microsoft.ExecuteSQLTask,Post FX Revaluation Entries,,,exec,INTEGRATION.LOADFACTSUPPLIERPAYMENT,dw-integration,SQL Server DW,False,direct
FACT_Load_SupplierPayment,08_facts,6,Microsoft.ExecuteSQLTask,Set Watermark,,,exec,ETL.USP_SETWATERMARK,etl-control,ETL control,False,direct
FACT_Load_SupplierPayment,08_facts,7,Microsoft.ExecuteSQLTask,Log Rejected Records,,,exec,ETL.USP_LOGREJECTEDRECORD,etl-control,ETL control,False,direct
FACT_Load_SupplierPayment,08_facts,8,Microsoft.ExecuteSQLTask,Log Row Counts,,,exec,ETL.USP_LOGROWCOUNT,etl-control,ETL control,False,direct
FACT_Load_SupplierPayment,08_facts,9,Microsoft.ExecuteSQLTask,Log Package Success,,,exec,ETL.USP_LOGPACKAGEEND,etl-control,ETL control,False,direct
FACT_Load_SupplierPayment,08_facts,10,Microsoft.ExecuteSQLTask,Log Error,,,exec,ETL.USP_LOGERROR,etl-control,ETL control,False,direct
FACT_Load_SupplierPayment,08_facts,11,Microsoft.ExecuteSQLTask,Mark Execution Failed,,,exec,ETL.USP_LOGPACKAGEEND,etl-control,ETL control,False,direct
FACT_Load_SupplierTransaction,08_facts,2,Microsoft.ExecuteSQLTask,Log Package Start,,,exec,ETL.USP_LOGPACKAGESTART,etl-control,ETL control,False,direct
FACT_Load_SupplierTransaction,08_facts,3,Microsoft.ExecuteSQLTask,Get Watermark,,,exec,ETL.USP_GETWATERMARK,etl-control,ETL control,False,direct
FACT_Load_SupplierTransaction,08_facts,4,Microsoft.ExecuteSQLTask,Reverse Prior Period Accruals,,,read,FACT.SUPPLIER TRANSACTION,dw-fact,SQL Server DW,True,direct
FACT_Load_SupplierTransaction,08_facts,4,Microsoft.ExecuteSQLTask,Reverse Prior Period Accruals,,,write,FACT.SUPPLIER TRANSACTION,dw-fact,SQL Server DW,True,direct
FACT_Load_SupplierTransaction,08_facts,5,Microsoft.Pipeline,Load Fact Supplier Transaction,stg SupplierTransaction,WWI_Staging_DB,read,STG.SUPPLIERTRANSACTION,staging-stg,SQL Server Staging,False,direct
FACT_Load_SupplierTransaction,08_facts,5,Microsoft.Pipeline,Load Fact Supplier Transaction,Lookup Supplier Key,WWI_DW_Destination_DB,read,DIMENSION.SUPPLIER,dw-dimension,SQL Server DW,True,direct
FACT_Load_SupplierTransaction,08_facts,5,Microsoft.Pipeline,Load Fact Supplier Transaction,Lookup Supplier Key,WWI_DW_Destination_DB,lookup,DIMENSION.SUPPLIER,dw-dimension,SQL Server DW,True,direct
FACT_Load_SupplierTransaction,08_facts,5,Microsoft.Pipeline,Load Fact Supplier Transaction,Reject Source Errors,WWI_Staging_DB,write,ERR.REJECTEDCONSTRAINTVIOLATION,staging-err,SQL Server Staging,True,direct
FACT_Load_SupplierTransaction,08_facts,5,Microsoft.Pipeline,Load Fact Supplier Transaction,Lookup Transaction Date Key,WWI_DW_Destination_DB,read,DIMENSION.DATE,dw-dimension,SQL Server DW,True,direct
FACT_Load_SupplierTransaction,08_facts,5,Microsoft.Pipeline,Load Fact Supplier Transaction,Lookup Transaction Date Key,WWI_DW_Destination_DB,lookup,DIMENSION.DATE,dw-dimension,SQL Server DW,True,direct
FACT_Load_SupplierTransaction,08_facts,5,Microsoft.Pipeline,Load Fact Supplier Transaction,Lookup Due Date Key,WWI_DW_Destination_DB,read,DIMENSION.DATE,dw-dimension,SQL Server DW,True,direct
FACT_Load_SupplierTransaction,08_facts,5,Microsoft.Pipeline,Load Fact Supplier Transaction,Lookup Due Date Key,WWI_DW_Destination_DB,lookup,DIMENSION.DATE,dw-dimension,SQL Server DW,True,direct
FACT_Load_SupplierTransaction,08_facts,5,Microsoft.Pipeline,Load Fact Supplier Transaction,Insert Invoices,WWI_DW_Destination_DB,write,FACT.SUPPLIER TRANSACTION,dw-fact,SQL Server DW,True,direct
FACT_Load_SupplierTransaction,08_facts,5,Microsoft.Pipeline,Load Fact Supplier Transaction,Insert Credit Notes,WWI_DW_Destination_DB,write,FACT.SUPPLIER TRANSACTION,dw-fact,SQL Server DW,True,direct
FACT_Load_SupplierTransaction,08_facts,5,Microsoft.Pipeline,Load Fact Supplier Transaction,Insert Accruals,WWI_DW_Destination_DB,write,FACT.SUPPLIER TRANSACTION,dw-fact,SQL Server DW,True,direct
FACT_Load_SupplierTransaction,08_facts,5,Microsoft.Pipeline,Load Fact Supplier Transaction,Reject Unknown Supplier,WWI_Staging_DB,write,ERR.REJECTEDLOOKUPFAILURE,staging-err,SQL Server Staging,True,direct
FACT_Load_SupplierTransaction,08_facts,6,Microsoft.ExecuteSQLTask,Set Watermark,,,exec,ETL.USP_SETWATERMARK,etl-control,ETL control,False,direct
FACT_Load_SupplierTransaction,08_facts,7,Microsoft.ExecuteSQLTask,Log Rejected Records,,,exec,ETL.USP_LOGREJECTEDRECORD,etl-control,ETL control,False,direct
FACT_Load_SupplierTransaction,08_facts,8,Microsoft.ExecuteSQLTask,Log Row Counts,,,exec,ETL.USP_LOGROWCOUNT,etl-control,ETL control,False,direct
FACT_Load_SupplierTransaction,08_facts,9,Microsoft.ExecuteSQLTask,Log Package Success,,,exec,ETL.USP_LOGPACKAGEEND,etl-control,ETL control,False,direct
FACT_Load_SupplierTransaction,08_facts,10,Microsoft.ExecuteSQLTask,Log Error,,,exec,ETL.USP_LOGERROR,etl-control,ETL control,False,direct
FACT_Load_SupplierTransaction,08_facts,11,Microsoft.ExecuteSQLTask,Mark Execution Failed,,,exec,ETL.USP_LOGPACKAGEEND,etl-control,ETL control,False,direct
FACT_Load_Transaction,08_facts,2,Microsoft.ExecuteSQLTask,Log Package Start,,,exec,ETL.USP_LOGPACKAGESTART,etl-control,ETL control,False,direct
FACT_Load_Transaction,08_facts,3,Microsoft.ExecuteSQLTask,Get Watermark,,,exec,ETL.USP_GETWATERMARK,etl-control,ETL control,False,direct
FACT_Load_Transaction,08_facts,4,Microsoft.Pipeline,Load Fact Transaction,stg Transaction,WWI_Staging_DB,read,STG.TRANSACTION,staging-stg,SQL Server Staging,False,direct
FACT_Load_Transaction,08_facts,4,Microsoft.Pipeline,Load Fact Transaction,Lookup Transaction Type,WWI_DW_Destination_DB,read,DIMENSION.TRANSACTION TYPE,dw-dimension,SQL Server DW,True,direct
FACT_Load_Transaction,08_facts,4,Microsoft.Pipeline,Load Fact Transaction,Lookup Transaction Type,WWI_DW_Destination_DB,lookup,DIMENSION.TRANSACTION TYPE,dw-dimension,SQL Server DW,True,direct
FACT_Load_Transaction,08_facts,4,Microsoft.Pipeline,Load Fact Transaction,Reject Source Errors,WWI_Staging_DB,write,ERR.REJECTEDCONSTRAINTVIOLATION,staging-err,SQL Server Staging,True,direct
FACT_Load_Transaction,08_facts,4,Microsoft.Pipeline,Load Fact Transaction,Lookup Transaction Date Key,WWI_DW_Destination_DB,read,DIMENSION.DATE,dw-dimension,SQL Server DW,True,direct
FACT_Load_Transaction,08_facts,4,Microsoft.Pipeline,Load Fact Transaction,Lookup Transaction Date Key,WWI_DW_Destination_DB,lookup,DIMENSION.DATE,dw-dimension,SQL Server DW,True,direct
FACT_Load_Transaction,08_facts,4,Microsoft.Pipeline,Load Fact Transaction,Insert Customer Side,WWI_DW_Destination_DB,write,FACT.TRANSACTION,dw-fact,SQL Server DW,True,direct
FACT_Load_Transaction,08_facts,4,Microsoft.Pipeline,Load Fact Transaction,Insert Supplier Side,WWI_DW_Destination_DB,write,FACT.TRANSACTION,dw-fact,SQL Server DW,True,direct
FACT_Load_Transaction,08_facts,4,Microsoft.Pipeline,Load Fact Transaction,Insert Other Party Types,WWI_DW_Destination_DB,write,FACT.TRANSACTION,dw-fact,SQL Server DW,True,direct
FACT_Load_Transaction,08_facts,4,Microsoft.Pipeline,Load Fact Transaction,Reject Unbalanced Rows,WWI_Staging_DB,write,ERR.REJECTEDCONSTRAINTVIOLATION,staging-err,SQL Server Staging,True,direct
FACT_Load_Transaction,08_facts,5,Microsoft.ExecuteSQLTask,Recalculate Running Balances,,,exec,INTEGRATION.LOADFACTTRANSACTION,dw-integration,SQL Server DW,False,direct
FACT_Load_Transaction,08_facts,6,Microsoft.ExecuteSQLTask,Set Watermark,,,exec,ETL.USP_SETWATERMARK,etl-control,ETL control,False,direct
FACT_Load_Transaction,08_facts,7,Microsoft.ExecuteSQLTask,Log Rejected Records,,,exec,ETL.USP_LOGREJECTEDRECORD,etl-control,ETL control,False,direct
FACT_Load_Transaction,08_facts,8,Microsoft.ExecuteSQLTask,Log Row Counts,,,exec,ETL.USP_LOGROWCOUNT,etl-control,ETL control,False,direct
FACT_Load_Transaction,08_facts,9,Microsoft.ExecuteSQLTask,Log Package Success,,,exec,ETL.USP_LOGPACKAGEEND,etl-control,ETL control,False,direct
FACT_Load_Transaction,08_facts,10,Microsoft.ExecuteSQLTask,Log Error,,,exec,ETL.USP_LOGERROR,etl-control,ETL control,False,direct
FACT_Load_Transaction,08_facts,11,Microsoft.ExecuteSQLTask,Mark Execution Failed,,,exec,ETL.USP_LOGPACKAGEEND,etl-control,ETL control,False,direct
FACT_Load_WebSession,08_facts,2,Microsoft.ExecuteSQLTask,Log Package Start,,,exec,ETL.USP_LOGPACKAGESTART,etl-control,ETL control,False,direct
FACT_Load_WebSession,08_facts,3,Microsoft.ExecuteSQLTask,Get Watermark,,,exec,ETL.USP_GETWATERMARK,etl-control,ETL control,False,direct
FACT_Load_WebSession,08_facts,4,Microsoft.Pipeline,Load Fact Web Session,stg WebSession,WWI_Staging_DB,read,STG.WEBSESSION,staging-stg,SQL Server Staging,True,direct
FACT_Load_WebSession,08_facts,4,Microsoft.Pipeline,Load Fact Web Session,Reject Source Errors,WWI_Staging_DB,write,ERR.REJECTEDFILEROW,staging-err,SQL Server Staging,True,direct
FACT_Load_WebSession,08_facts,4,Microsoft.Pipeline,Load Fact Web Session,Lookup Customer Key,WWI_DW_Destination_DB,read,DIMENSION.CUSTOMER,dw-dimension,SQL Server DW,True,direct
FACT_Load_WebSession,08_facts,4,Microsoft.Pipeline,Load Fact Web Session,Lookup Customer Key,WWI_DW_Destination_DB,lookup,DIMENSION.CUSTOMER,dw-dimension,SQL Server DW,True,direct
FACT_Load_WebSession,08_facts,4,Microsoft.Pipeline,Load Fact Web Session,Insert Identified Sessions,WWI_DW_Destination_DB,write,FACT.WEB SESSION,dw-fact,SQL Server DW,True,direct
FACT_Load_WebSession,08_facts,4,Microsoft.Pipeline,Load Fact Web Session,Insert Anonymous Sessions,WWI_DW_Destination_DB,write,FACT.WEB SESSION,dw-fact,SQL Server DW,True,direct
FACT_Load_WebSession,08_facts,4,Microsoft.Pipeline,Load Fact Web Session,Insert Bounces,WWI_DW_Destination_DB,write,FACT.WEB SESSION,dw-fact,SQL Server DW,True,direct
FACT_Load_WebSession,08_facts,4,Microsoft.Pipeline,Load Fact Web Session,Discard Bot Traffic,WWI_Staging_DB,write,ERR.REJECTEDFILEROW,staging-err,SQL Server Staging,True,direct
FACT_Load_WebSession,08_facts,5,Microsoft.ExecuteSQLTask,Attribute Sessions To Orders,,,exec,INTEGRATION.LOADFACTWEBSESSION,dw-integration,SQL Server DW,False,direct
FACT_Load_WebSession,08_facts,6,Microsoft.ExecuteSQLTask,Set Watermark,,,exec,ETL.USP_SETWATERMARK,etl-control,ETL control,False,direct
FACT_Load_WebSession,08_facts,7,Microsoft.ExecuteSQLTask,Log Rejected Records,,,exec,ETL.USP_LOGREJECTEDRECORD,etl-control,ETL control,False,direct
FACT_Load_WebSession,08_facts,8,Microsoft.ExecuteSQLTask,Log Row Counts,,,exec,ETL.USP_LOGROWCOUNT,etl-control,ETL control,False,direct
FACT_Load_WebSession,08_facts,9,Microsoft.ExecuteSQLTask,Log Package Success,,,exec,ETL.USP_LOGPACKAGEEND,etl-control,ETL control,False,direct
FACT_Load_WebSession,08_facts,10,Microsoft.ExecuteSQLTask,Log Error,,,exec,ETL.USP_LOGERROR,etl-control,ETL control,False,direct
FACT_Load_WebSession,08_facts,11,Microsoft.ExecuteSQLTask,Mark Execution Failed,,,exec,ETL.USP_LOGPACKAGEEND,etl-control,ETL control,False,direct
FACT_NA_Load_Sale,08_facts,2,Microsoft.ExecuteSQLTask,Log Package Start,,,exec,ETL.USP_LOGPACKAGESTART,etl-control,ETL control,False,direct
FACT_NA_Load_Sale,08_facts,3,Microsoft.ExecuteSQLTask,Get Watermark,,,exec,ETL.USP_GETWATERMARK,etl-control,ETL control,False,direct
FACT_NA_Load_Sale,08_facts,4,Microsoft.Pipeline,Load Fact Sale NA,stg SaleLine NA,WWI_Staging_DB,read,STG.SALELINE,staging-stg,SQL Server Staging,True,direct
FACT_NA_Load_Sale,08_facts,4,Microsoft.Pipeline,Load Fact Sale NA,Lookup Customer Key,WWI_DW_Destination_DB,read,DIMENSION.CUSTOMER,dw-dimension,SQL Server DW,True,direct
FACT_NA_Load_Sale,08_facts,4,Microsoft.Pipeline,Load Fact Sale NA,Lookup Customer Key,WWI_DW_Destination_DB,lookup,DIMENSION.CUSTOMER,dw-dimension,SQL Server DW,True,direct
FACT_NA_Load_Sale,08_facts,4,Microsoft.Pipeline,Load Fact Sale NA,Reject Source Errors,WWI_Staging_DB,write,ERR.REJECTEDINVOICELINE,staging-err,SQL Server Staging,True,direct
FACT_NA_Load_Sale,08_facts,4,Microsoft.Pipeline,Load Fact Sale NA,Lookup Stock Item Key,WWI_DW_Destination_DB,read,DIMENSION.STOCK ITEM,dw-dimension,SQL Server DW,True,direct
FACT_NA_Load_Sale,08_facts,4,Microsoft.Pipeline,Load Fact Sale NA,Lookup Stock Item Key,WWI_DW_Destination_DB,lookup,DIMENSION.STOCK ITEM,dw-dimension,SQL Server DW,True,direct
FACT_NA_Load_Sale,08_facts,4,Microsoft.Pipeline,Load Fact Sale NA,Lookup City Key,WWI_DW_Destination_DB,read,DIMENSION.CITY,dw-dimension,SQL Server DW,True,direct
FACT_NA_Load_Sale,08_facts,4,Microsoft.Pipeline,Load Fact Sale NA,Lookup City Key,WWI_DW_Destination_DB,lookup,DIMENSION.CITY,dw-dimension,SQL Server DW,True,direct
FACT_NA_Load_Sale,08_facts,4,Microsoft.Pipeline,Load Fact Sale NA,Lookup Salesperson Key,WWI_DW_Destination_DB,read,DIMENSION.SALESPERSON,dw-dimension,SQL Server DW,True,direct
FACT_NA_Load_Sale,08_facts,4,Microsoft.Pipeline,Load Fact Sale NA,Lookup Salesperson Key,WWI_DW_Destination_DB,lookup,DIMENSION.SALESPERSON,dw-dimension,SQL Server DW,True,direct
FACT_NA_Load_Sale,08_facts,4,Microsoft.Pipeline,Load Fact Sale NA,Lookup State Sales Tax Rate,WWI_Staging_DB,read,STG.TAXRATE,staging-stg,SQL Server Staging,True,direct
FACT_NA_Load_Sale,08_facts,4,Microsoft.Pipeline,Load Fact Sale NA,Lookup State Sales Tax Rate,WWI_Staging_DB,lookup,STG.TAXRATE,staging-stg,SQL Server Staging,True,direct
FACT_NA_Load_Sale,08_facts,4,Microsoft.Pipeline,Load Fact Sale NA,Lookup Invoice Date Key,WWI_DW_Destination_DB,read,DIMENSION.DATE,dw-dimension,SQL Server DW,True,direct
FACT_NA_Load_Sale,08_facts,4,Microsoft.Pipeline,Load Fact Sale NA,Lookup Invoice Date Key,WWI_DW_Destination_DB,lookup,DIMENSION.DATE,dw-dimension,SQL Server DW,True,direct
FACT_NA_Load_Sale,08_facts,4,Microsoft.Pipeline,Load Fact Sale NA,Lookup Delivery Date Key,WWI_DW_Destination_DB,read,DIMENSION.DATE,dw-dimension,SQL Server DW,True,direct
FACT_NA_Load_Sale,08_facts,4,Microsoft.Pipeline,Load Fact Sale NA,Lookup Delivery Date Key,WWI_DW_Destination_DB,lookup,DIMENSION.DATE,dw-dimension,SQL Server DW,True,direct
FACT_NA_Load_Sale,08_facts,4,Microsoft.Pipeline,Load Fact Sale NA,Lookup Payment Due Date Key,WWI_DW_Destination_DB,read,DIMENSION.DATE,dw-dimension,SQL Server DW,True,direct
FACT_NA_Load_Sale,08_facts,4,Microsoft.Pipeline,Load Fact Sale NA,Lookup Payment Due Date Key,WWI_DW_Destination_DB,lookup,DIMENSION.DATE,dw-dimension,SQL Server DW,True,direct
FACT_NA_Load_Sale,08_facts,4,Microsoft.Pipeline,Load Fact Sale NA,Insert Fact Sale,WWI_DW_Destination_DB,write,FACT.SALE,dw-fact,SQL Server DW,True,direct
FACT_NA_Load_Sale,08_facts,4,Microsoft.Pipeline,Load Fact Sale NA,Hold Missing Customer,WWI_Staging_DB,write,ERR.REJECTEDLOOKUPFAILURE,staging-err,SQL Server Staging,True,direct
FACT_NA_Load_Sale,08_facts,4,Microsoft.Pipeline,Load Fact Sale NA,Hold Missing Stock Item,WWI_Staging_DB,write,ERR.REJECTEDLOOKUPFAILURE,staging-err,SQL Server Staging,True,direct
FACT_NA_Load_Sale,08_facts,4,Microsoft.Pipeline,Load Fact Sale NA,Reject Zero Quantity,WWI_Staging_DB,write,ERR.REJECTEDINVOICELINE,staging-err,SQL Server Staging,True,direct
FACT_NA_Load_Sale,08_facts,5,Microsoft.ExecuteSQLTask,Queue Late Arriving Customer,,,read,ERR.REJECTEDLOOKUPFAILURE,staging-err,SQL Server Staging,True,direct
FACT_NA_Load_Sale,08_facts,5,Microsoft.ExecuteSQLTask,Queue Late Arriving Customer,,,read,WORK.LATEARRIVINGDIMENSIONQUEUE,staging-work,SQL Server Staging,True,direct
FACT_NA_Load_Sale,08_facts,5,Microsoft.ExecuteSQLTask,Queue Late Arriving Customer,,,write,WORK.LATEARRIVINGDIMENSIONQUEUE,staging-work,SQL Server Staging,True,direct
FACT_NA_Load_Sale,08_facts,6,Microsoft.ExecuteSQLTask,Queue Late Arriving Stock Item,,,read,ERR.REJECTEDLOOKUPFAILURE,staging-err,SQL Server Staging,True,direct
FACT_NA_Load_Sale,08_facts,6,Microsoft.ExecuteSQLTask,Queue Late Arriving Stock Item,,,read,WORK.LATEARRIVINGDIMENSIONQUEUE,staging-work,SQL Server Staging,True,direct
FACT_NA_Load_Sale,08_facts,6,Microsoft.ExecuteSQLTask,Queue Late Arriving Stock Item,,,write,WORK.LATEARRIVINGDIMENSIONQUEUE,staging-work,SQL Server Staging,True,direct
FACT_NA_Load_Sale,08_facts,7,Microsoft.ExecuteSQLTask,Load Held Rows Against Unknown Member,,,exec,INTEGRATION.LOADFACTSALE,dw-integration,SQL Server DW,False,direct
FACT_NA_Load_Sale,08_facts,8,Microsoft.ExecuteSQLTask,Set Watermark,,,exec,ETL.USP_SETWATERMARK,etl-control,ETL control,False,direct
FACT_NA_Load_Sale,08_facts,9,Microsoft.ExecuteSQLTask,Log Rejected Records,,,exec,ETL.USP_LOGREJECTEDRECORD,etl-control,ETL control,False,direct
FACT_NA_Load_Sale,08_facts,10,Microsoft.ExecuteSQLTask,Log Row Counts,,,exec,ETL.USP_LOGROWCOUNT,etl-control,ETL control,False,direct
FACT_NA_Load_Sale,08_facts,11,Microsoft.ExecuteSQLTask,Log Package Success,,,exec,ETL.USP_LOGPACKAGEEND,etl-control,ETL control,False,direct
FACT_NA_Load_Sale,08_facts,12,Microsoft.ExecuteSQLTask,Log Error,,,exec,ETL.USP_LOGERROR,etl-control,ETL control,False,direct
FACT_NA_Load_Sale,08_facts,13,Microsoft.ExecuteSQLTask,Mark Execution Failed,,,exec,ETL.USP_LOGPACKAGEEND,etl-control,ETL control,False,direct
FIN_Close_PeriodLock,10_finance,1,Microsoft.ExecuteSQLTask,Log Package Start,,,exec,ETL.USP_LOGPACKAGESTART,etl-control,ETL control,False,direct
FIN_Close_PeriodLock,10_finance,2,Microsoft.ExecuteSQLTask,Count Open Variances,,,read,ETL.RECONCILIATIONRESULT,etl-control,ETL control,True,direct
FIN_Close_PeriodLock,10_finance,3,Microsoft.ExecuteSQLTask,Lock Ledgers,,,read,FACT.GL POSTING,dw-fact,SQL Server DW,True,direct
FIN_Close_PeriodLock,10_finance,3,Microsoft.ExecuteSQLTask,Lock Ledgers,,,write,ETL.CONFIGURATION,etl-control,ETL control,True,direct
FIN_Close_PeriodLock,10_finance,4,Microsoft.ExecuteSQLTask,Lock APAC 445 Period,,,read,DIMENSION.DATE,dw-dimension,SQL Server DW,True,direct
FIN_Close_PeriodLock,10_finance,4,Microsoft.ExecuteSQLTask,Lock APAC 445 Period,,,write,ETL.CONFIGURATION,etl-control,ETL control,True,direct
FIN_Close_PeriodLock,10_finance,5,Microsoft.ExecuteSQLTask,Stamp Closing Batch,,,write,ETL.BATCH,etl-control,ETL control,True,direct
FIN_Close_PeriodLock,10_finance,6,Microsoft.ExecuteSQLTask,Refuse Close,,,exec,ETL.USP_LOGERROR,etl-control,ETL control,False,direct
FIN_Close_PeriodLock,10_finance,7,Microsoft.ExecuteSQLTask,Log Row Counts,,,exec,ETL.USP_LOGROWCOUNT,etl-control,ETL control,False,direct
FIN_Close_PeriodLock,10_finance,8,Microsoft.ExecuteSQLTask,Log Package Success,,,exec,ETL.USP_LOGPACKAGEEND,etl-control,ETL control,False,direct
FIN_Close_PeriodLock,10_finance,9,Microsoft.ExecuteSQLTask,Log Error,,,exec,ETL.USP_LOGERROR,etl-control,ETL control,False,direct
FIN_Close_PeriodLock,10_finance,10,Microsoft.ExecuteSQLTask,Mark Execution Failed,,,exec,ETL.USP_LOGPACKAGEEND,etl-control,ETL control,False,direct
FIN_Currency_Revaluation,10_finance,1,Microsoft.ExecuteSQLTask,Log Package Start,,,exec,ETL.USP_LOGPACKAGESTART,etl-control,ETL control,False,direct
FIN_Currency_Revaluation,10_finance,2,Microsoft.ExecuteSQLTask,Truncate work_FxRevaluationRate,,,write,WORK.FXREVALUATIONRATE,staging-work,SQL Server Staging,False,direct
FIN_Currency_Revaluation,10_finance,3,Microsoft.Pipeline,Load Closing Rates,stg FxRate Closing,WWI_Staging_DB,read,STG.FXRATE,staging-stg,SQL Server Staging,True,direct
FIN_Currency_Revaluation,10_finance,3,Microsoft.Pipeline,Load Closing Rates,work FxRevaluationRate,WWI_Staging_DB,write,WORK.FXREVALUATIONRATE,staging-work,SQL Server Staging,False,direct
FIN_Currency_Revaluation,10_finance,4,Microsoft.ExecuteSQLTask,Find Missing Rates,,,read,STG.APINVOICE,staging-stg,SQL Server Staging,True,direct
FIN_Currency_Revaluation,10_finance,4,Microsoft.ExecuteSQLTask,Find Missing Rates,,,read,WORK.FXREVALUATIONRATE,staging-work,SQL Server Staging,False,direct
FIN_Currency_Revaluation,10_finance,5,Microsoft.ExecuteSQLTask,Revalue Open Items,,,read,FACT.PAYMENT,dw-fact,SQL Server DW,True,direct
FIN_Currency_Revaluation,10_finance,5,Microsoft.ExecuteSQLTask,Revalue Open Items,,,read,WORK.FXREVALUATIONRATE,staging-work,SQL Server Staging,False,direct
FIN_Currency_Revaluation,10_finance,5,Microsoft.ExecuteSQLTask,Revalue Open Items,,,write,FACT.PAYMENT,dw-fact,SQL Server DW,True,direct
FIN_Currency_Revaluation,10_finance,6,Microsoft.ExecuteSQLTask,Count Revalued Items,,,read,FACT.PAYMENT,dw-fact,SQL Server DW,True,direct
FIN_Currency_Revaluation,10_finance,7,Microsoft.ExecuteSQLTask,Log Missing Rates,,,exec,ETL.USP_LOGERROR,etl-control,ETL control,False,direct
FIN_Currency_Revaluation,10_finance,8,Microsoft.ExecuteSQLTask,Log Row Counts,,,exec,ETL.USP_LOGROWCOUNT,etl-control,ETL control,False,direct
FIN_Currency_Revaluation,10_finance,9,Microsoft.ExecuteSQLTask,Log Package Success,,,exec,ETL.USP_LOGPACKAGEEND,etl-control,ETL control,False,direct
FIN_Currency_Revaluation,10_finance,10,Microsoft.ExecuteSQLTask,Log Error,,,exec,ETL.USP_LOGERROR,etl-control,ETL control,False,direct
FIN_Currency_Revaluation,10_finance,11,Microsoft.ExecuteSQLTask,Mark Execution Failed,,,exec,ETL.USP_LOGPACKAGEEND,etl-control,ETL control,False,direct
FIN_Load_ApAging,10_finance,1,Microsoft.ExecuteSQLTask,Log Package Start,,,exec,ETL.USP_LOGPACKAGESTART,etl-control,ETL control,False,direct
FIN_Load_ApAging,10_finance,3,Microsoft.ExecuteSQLTask,Truncate work_ApAgingStaging,,,write,WORK.APAGINGSTAGING,staging-work,SQL Server Staging,False,direct
FIN_Load_ApAging,10_finance,4,Microsoft.Pipeline,Load AP Aging Buckets,stg ApInvoice Open Items,WWI_Staging_DB,read,STG.APINVOICE,staging-stg,SQL Server Staging,True,direct
FIN_Load_ApAging,10_finance,4,Microsoft.Pipeline,Load AP Aging Buckets,stg ApInvoice Open Items,WWI_Staging_DB,read,STG.PAYMENTTERMS,staging-stg,SQL Server Staging,True,direct
FIN_Load_ApAging,10_finance,4,Microsoft.Pipeline,Load AP Aging Buckets,Lookup Supplier Key,WWI_DW_Destination_DB,read,DIMENSION.SUPPLIER,dw-dimension,SQL Server DW,True,direct
FIN_Load_ApAging,10_finance,4,Microsoft.Pipeline,Load AP Aging Buckets,Lookup Supplier Key,WWI_DW_Destination_DB,lookup,DIMENSION.SUPPLIER,dw-dimension,SQL Server DW,True,direct
FIN_Load_ApAging,10_finance,4,Microsoft.Pipeline,Load AP Aging Buckets,Reject Unmatched Suppliers,WWI_Staging_DB,write,ERR.APAGINGREJECT,staging-err,SQL Server Staging,False,direct
FIN_Load_ApAging,10_finance,4,Microsoft.Pipeline,Load AP Aging Buckets,work ApAgingStaging,WWI_Staging_DB,write,WORK.APAGINGSTAGING,staging-work,SQL Server Staging,False,direct
FIN_Load_ApAging,10_finance,5,Microsoft.ExecuteSQLTask,Post Aging To Fact,,,exec,INTEGRATION.USP_POSTAPAGING,dw-integration,SQL Server DW,False,direct
FIN_Load_ApAging,10_finance,6,Microsoft.ExecuteSQLTask,Refresh Aging Summary,,,read,WORK.APAGINGSTAGING,staging-work,SQL Server Staging,False,direct
FIN_Load_ApAging,10_finance,6,Microsoft.ExecuteSQLTask,Refresh Aging Summary,,,exec,INTEGRATION.USP_REFRESHAPAGINGSUMMARY,dw-integration,SQL Server DW,False,direct
FIN_Load_ApAging,10_finance,7,Microsoft.ExecuteSQLTask,Log Row Counts,,,exec,ETL.USP_LOGROWCOUNT,etl-control,ETL control,False,direct
FIN_Load_ApAging,10_finance,8,Microsoft.ExecuteSQLTask,Log Package Success,,,exec,ETL.USP_LOGPACKAGEEND,etl-control,ETL control,False,direct
FIN_Load_ApAging,10_finance,9,Microsoft.ExecuteSQLTask,Log Error,,,exec,ETL.USP_LOGERROR,etl-control,ETL control,False,direct
FIN_Load_ApAging,10_finance,10,Microsoft.ExecuteSQLTask,Mark Execution Failed,,,exec,ETL.USP_LOGPACKAGEEND,etl-control,ETL control,False,direct
FIN_Load_CostAllocation,10_finance,1,Microsoft.ExecuteSQLTask,Log Package Start,,,exec,ETL.USP_LOGPACKAGESTART,etl-control,ETL control,False,direct
FIN_Load_CostAllocation,10_finance,2,Microsoft.ExecuteSQLTask,Truncate work_CostAllocationResult,,,write,WORK.COSTALLOCATIONRESULT,staging-work,SQL Server Staging,False,direct
FIN_Load_CostAllocation,10_finance,3,Microsoft.ExecuteSQLTask,Count Allocation Rules,,,read,STG.COSTALLOCATIONRULE,staging-stg,SQL Server Staging,False,direct
FIN_Load_CostAllocation,10_finance,3,Microsoft.ExecuteSQLTask,Count Allocation Rules,,,read,STG.COSTCENTRE,staging-stg,SQL Server Staging,False,direct
FIN_Load_CostAllocation,10_finance,4,Microsoft.ExecuteSQLTask,Apply Allocation Rules,,,read,STG.COSTALLOCATIONRULE,staging-stg,SQL Server Staging,False,direct
FIN_Load_CostAllocation,10_finance,4,Microsoft.ExecuteSQLTask,Apply Allocation Rules,,,read,STG.COSTALLOCATIONTARGET,staging-stg,SQL Server Staging,False,direct
FIN_Load_CostAllocation,10_finance,4,Microsoft.ExecuteSQLTask,Apply Allocation Rules,,,read,STG.COSTCENTREBALANCE,staging-stg,SQL Server Staging,False,direct
FIN_Load_CostAllocation,10_finance,4,Microsoft.ExecuteSQLTask,Apply Allocation Rules,,,write,WORK.COSTALLOCATIONRESULT,staging-work,SQL Server Staging,False,direct
FIN_Load_CostAllocation,10_finance,5,Microsoft.ExecuteSQLTask,Measure Unallocated Residual,,,read,STG.COSTALLOCATIONRULE,staging-stg,SQL Server Staging,False,direct
FIN_Load_CostAllocation,10_finance,5,Microsoft.ExecuteSQLTask,Measure Unallocated Residual,,,read,STG.COSTCENTREBALANCE,staging-stg,SQL Server Staging,False,direct
FIN_Load_CostAllocation,10_finance,5,Microsoft.ExecuteSQLTask,Measure Unallocated Residual,,,read,WORK.COSTALLOCATIONRESULT,staging-work,SQL Server Staging,False,direct
FIN_Load_CostAllocation,10_finance,6,Microsoft.Pipeline,Publish Allocation Summary,work CostAllocationResult,WWI_Staging_DB,read,WORK.COSTALLOCATIONRESULT,staging-work,SQL Server Staging,False,direct
FIN_Load_CostAllocation,10_finance,6,Microsoft.Pipeline,Publish Allocation Summary,Aggregate Finance Close Summary,WWI_DW_Destination_DB,write,AGGREGATE.FINANCE CLOSE SUMMARY,dw-aggregate,SQL Server DW,True,direct
FIN_Load_CostAllocation,10_finance,7,Microsoft.ExecuteSQLTask,Log Row Counts,,,exec,ETL.USP_LOGROWCOUNT,etl-control,ETL control,False,direct
FIN_Load_CostAllocation,10_finance,8,Microsoft.ExecuteSQLTask,Log Package Success,,,exec,ETL.USP_LOGPACKAGEEND,etl-control,ETL control,False,direct
FIN_Load_CostAllocation,10_finance,9,Microsoft.ExecuteSQLTask,Log Error,,,exec,ETL.USP_LOGERROR,etl-control,ETL control,False,direct
FIN_Load_CostAllocation,10_finance,10,Microsoft.ExecuteSQLTask,Mark Execution Failed,,,exec,ETL.USP_LOGPACKAGEEND,etl-control,ETL control,False,direct
FIN_Load_GlPostings,10_finance,1,Microsoft.ExecuteSQLTask,Log Package Start,,,exec,ETL.USP_LOGPACKAGESTART,etl-control,ETL control,False,direct
FIN_Load_GlPostings,10_finance,2,Microsoft.ExecuteSQLTask,Check Journal Balance,,,read,STG.GLJOURNALLINE,staging-stg,SQL Server Staging,True,direct
FIN_Load_GlPostings,10_finance,3,Microsoft.Pipeline,Load GL Postings,stg GlJournalLine Posted,WWI_Staging_DB,read,ETL.CONFIGURATION,etl-control,ETL control,True,direct
FIN_Load_GlPostings,10_finance,3,Microsoft.Pipeline,Load GL Postings,stg GlJournalLine Posted,WWI_Staging_DB,read,STG.GLJOURNALLINE,staging-stg,SQL Server Staging,True,direct
FIN_Load_GlPostings,10_finance,3,Microsoft.Pipeline,Load GL Postings,work GlHeldLine,WWI_Staging_DB,write,WORK.GLHELDLINE,staging-work,SQL Server Staging,False,direct
FIN_Load_GlPostings,10_finance,3,Microsoft.Pipeline,Load GL Postings,Fact GL Posting,WWI_DW_Destination_DB,write,FACT.GL POSTING,dw-fact,SQL Server DW,True,direct
FIN_Load_GlPostings,10_finance,4,Microsoft.ExecuteSQLTask,Log Held Lines,,,exec,ETL.USP_LOGREJECTEDRECORD,etl-control,ETL control,False,direct
FIN_Load_GlPostings,10_finance,5,Microsoft.ExecuteSQLTask,Log Row Counts,,,exec,ETL.USP_LOGROWCOUNT,etl-control,ETL control,False,direct
FIN_Load_GlPostings,10_finance,6,Microsoft.ExecuteSQLTask,Log Package Success,,,exec,ETL.USP_LOGPACKAGEEND,etl-control,ETL control,False,direct
FIN_Load_GlPostings,10_finance,7,Microsoft.ExecuteSQLTask,Log Error,,,exec,ETL.USP_LOGERROR,etl-control,ETL control,False,direct
FIN_Load_GlPostings,10_finance,8,Microsoft.ExecuteSQLTask,Mark Execution Failed,,,exec,ETL.USP_LOGPACKAGEEND,etl-control,ETL control,False,direct
FIN_Load_WithholdingTax,10_finance,1,Microsoft.ExecuteSQLTask,Log Package Start,,,exec,ETL.USP_LOGPACKAGESTART,etl-control,ETL control,False,direct
FIN_Load_WithholdingTax,10_finance,2,Microsoft.ExecuteSQLTask,Truncate work_WithholdingTaxLine,,,write,WORK.WITHHOLDINGTAXLINE,staging-work,SQL Server Staging,False,direct
FIN_Load_WithholdingTax,10_finance,3,Microsoft.Pipeline,Split Withholding Tax,stg ApInvoiceLine,WWI_Staging_DB,read,STG.APINVOICELINE,staging-stg,SQL Server Staging,True,direct
FIN_Load_WithholdingTax,10_finance,3,Microsoft.Pipeline,Split Withholding Tax,stg ApInvoiceLine,WWI_Staging_DB,read,STG.WITHHOLDINGTAXRATE,staging-stg,SQL Server Staging,False,direct
FIN_Load_WithholdingTax,10_finance,3,Microsoft.Pipeline,Split Withholding Tax,Reject Unmapped Jurisdiction,WWI_Staging_DB,write,ERR.WITHHOLDINGTAXREJECT,staging-err,SQL Server Staging,False,direct
FIN_Load_WithholdingTax,10_finance,3,Microsoft.Pipeline,Split Withholding Tax,work WithholdingTaxLine,WWI_Staging_DB,write,WORK.WITHHOLDINGTAXLINE,staging-work,SQL Server Staging,False,direct
FIN_Load_WithholdingTax,10_finance,4,Microsoft.ExecuteSQLTask,Post Withholding To Fact,,,exec,INTEGRATION.USP_POSTWITHHOLDINGTAX,dw-integration,SQL Server DW,False,direct
FIN_Load_WithholdingTax,10_finance,5,Microsoft.ExecuteSQLTask,Queue EU Withholding Certificates,,,read,WORK.WITHHOLDINGTAXLINE,staging-work,SQL Server Staging,False,direct
FIN_Load_WithholdingTax,10_finance,5,Microsoft.ExecuteSQLTask,Queue EU Withholding Certificates,,,write,WORK.WITHHOLDINGCERTIFICATEQUEUE,staging-work,SQL Server Staging,False,direct
FIN_Load_WithholdingTax,10_finance,6,Microsoft.ExecuteSQLTask,Log Row Counts,,,exec,ETL.USP_LOGROWCOUNT,etl-control,ETL control,False,direct
FIN_Load_WithholdingTax,10_finance,7,Microsoft.ExecuteSQLTask,Log Package Success,,,exec,ETL.USP_LOGPACKAGEEND,etl-control,ETL control,False,direct
FIN_Load_WithholdingTax,10_finance,8,Microsoft.ExecuteSQLTask,Log Error,,,exec,ETL.USP_LOGERROR,etl-control,ETL control,False,direct
FIN_Load_WithholdingTax,10_finance,9,Microsoft.ExecuteSQLTask,Mark Execution Failed,,,exec,ETL.USP_LOGPACKAGEEND,etl-control,ETL control,False,direct
FIN_Reconcile_SubledgerToGl,10_finance,1,Microsoft.ExecuteSQLTask,Log Package Start,,,exec,ETL.USP_LOGPACKAGESTART,etl-control,ETL control,False,direct
FIN_Reconcile_SubledgerToGl,10_finance,2,Microsoft.ExecuteSQLTask,Build Reconciliation Set,,,read,FACT.GL POSTING,dw-fact,SQL Server DW,True,direct
FIN_Reconcile_SubledgerToGl,10_finance,2,Microsoft.ExecuteSQLTask,Build Reconciliation Set,,,read,FACT.PAYMENT,dw-fact,SQL Server DW,True,direct
FIN_Reconcile_SubledgerToGl,10_finance,2,Microsoft.ExecuteSQLTask,Build Reconciliation Set,,,write,ETL.RECONCILIATIONRESULT,etl-control,ETL control,True,direct
FIN_Reconcile_SubledgerToGl,10_finance,3,Microsoft.ExecuteSQLTask,Measure Variances,,,read,ETL.RECONCILIATIONRESULT,etl-control,ETL control,True,direct
FIN_Reconcile_SubledgerToGl,10_finance,4,Microsoft.ExecuteSQLTask,Apply Known Explanations,,,read,ETL.CONFIGURATION,etl-control,ETL control,True,direct
FIN_Reconcile_SubledgerToGl,10_finance,4,Microsoft.ExecuteSQLTask,Apply Known Explanations,,,read,ETL.RECONCILIATIONRESULT,etl-control,ETL control,True,direct
FIN_Reconcile_SubledgerToGl,10_finance,4,Microsoft.ExecuteSQLTask,Apply Known Explanations,,,write,ETL.RECONCILIATIONRESULT,etl-control,ETL control,True,direct
FIN_Reconcile_SubledgerToGl,10_finance,5,Microsoft.ExecuteSQLTask,Raise Unexplained Variances,,,read,ETL.RECONCILIATIONRESULT,etl-control,ETL control,True,direct
FIN_Reconcile_SubledgerToGl,10_finance,5,Microsoft.ExecuteSQLTask,Raise Unexplained Variances,,,write,ETL.REJECTEDRECORD,etl-control,ETL control,True,direct
FIN_Reconcile_SubledgerToGl,10_finance,6,Microsoft.ExecuteSQLTask,Log Row Counts,,,exec,ETL.USP_LOGROWCOUNT,etl-control,ETL control,False,direct
FIN_Reconcile_SubledgerToGl,10_finance,7,Microsoft.ExecuteSQLTask,Log Package Success,,,exec,ETL.USP_LOGPACKAGEEND,etl-control,ETL control,False,direct
FIN_Reconcile_SubledgerToGl,10_finance,8,Microsoft.ExecuteSQLTask,Log Error,,,exec,ETL.USP_LOGERROR,etl-control,ETL control,False,direct
FIN_Reconcile_SubledgerToGl,10_finance,9,Microsoft.ExecuteSQLTask,Mark Execution Failed,,,exec,ETL.USP_LOGPACKAGEEND,etl-control,ETL control,False,direct
ING_FILE_CarrierScan,03_file_ingestion,2,Microsoft.ExecuteSQLTask,Log Package Start,,,exec,ETL.USP_LOGPACKAGESTART,etl-control,ETL control,False,direct
ING_FILE_CarrierScan,03_file_ingestion,5,Microsoft.ExecuteSQLTask,Register Inbound File,,,write,ETL.FILEINGESTIONLOG,etl-control,ETL control,False,direct
ING_FILE_CarrierScan,03_file_ingestion,6,Microsoft.ExecuteSQLTask,Read Sidecar Control Count,,,read,ETL.FILECONTROLTOTAL,etl-control,ETL control,False,direct
ING_FILE_CarrierScan,03_file_ingestion,7,Microsoft.Pipeline,Ingest Carrier Scans,err RejectedFileRow Conversion,WWI_Staging_DB,write,ERR.REJECTEDFILEROW,staging-err,SQL Server Staging,True,direct
ING_FILE_CarrierScan,03_file_ingestion,7,Microsoft.Pipeline,Ingest Carrier Scans,err RejectedFileRow Carrier,WWI_Staging_DB,write,ERR.REJECTEDFILEROW,staging-err,SQL Server Staging,True,direct
ING_FILE_CarrierScan,03_file_ingestion,7,Microsoft.Pipeline,Ingest Carrier Scans,raw FileCarrierScan,WWI_Staging_DB,write,RAW.FILECARRIERSCAN,staging-raw,SQL Server Staging,True,direct
ING_FILE_CarrierScan,03_file_ingestion,8,Microsoft.ExecuteSQLTask,Count Duplicate Scans,,,read,RAW.FILECARRIERSCAN,staging-raw,SQL Server Staging,True,direct
ING_FILE_CarrierScan,03_file_ingestion,9,Microsoft.ExecuteSQLTask,Reconcile Control Totals,,,read,RAW.FILECARRIERSCAN,staging-raw,SQL Server Staging,True,direct
ING_FILE_CarrierScan,03_file_ingestion,10,Microsoft.ExecuteSQLTask,Log Rejected Rows,,,exec,ETL.USP_LOGREJECTEDRECORD,etl-control,ETL control,False,direct
ING_FILE_CarrierScan,03_file_ingestion,12,Microsoft.ExecuteSQLTask,Mark File Processed,,,write,ETL.FILEINGESTIONLOG,etl-control,ETL control,False,direct
ING_FILE_CarrierScan,03_file_ingestion,14,Microsoft.ExecuteSQLTask,Mark File Quarantined,,,write,ETL.FILEINGESTIONLOG,etl-control,ETL control,False,direct
ING_FILE_CarrierScan,03_file_ingestion,15,Microsoft.ExecuteSQLTask,Log Row Counts,,,exec,ETL.USP_LOGROWCOUNT,etl-control,ETL control,False,direct
ING_FILE_CarrierScan,03_file_ingestion,16,Microsoft.ExecuteSQLTask,Log Package Success,,,exec,ETL.USP_LOGPACKAGEEND,etl-control,ETL control,False,direct
ING_FILE_CarrierScan,03_file_ingestion,17,Microsoft.ExecuteSQLTask,Log Error,,,exec,ETL.USP_LOGERROR,etl-control,ETL control,False,direct
ING_FILE_CarrierScan,03_file_ingestion,18,Microsoft.ExecuteSQLTask,Mark Execution Failed,,,exec,ETL.USP_LOGPACKAGEEND,etl-control,ETL control,False,direct
ING_FILE_FxOverride,03_file_ingestion,2,Microsoft.ExecuteSQLTask,Log Package Start,,,exec,ETL.USP_LOGPACKAGESTART,etl-control,ETL control,False,direct
ING_FILE_FxOverride,03_file_ingestion,5,Microsoft.ExecuteSQLTask,Register Inbound File,,,write,ETL.FILEINGESTIONLOG,etl-control,ETL control,False,direct
ING_FILE_FxOverride,03_file_ingestion,6,Microsoft.Pipeline,Ingest FX Overrides,err RejectedFileRow Conversion,WWI_Staging_DB,write,ERR.REJECTEDFILEROW,staging-err,SQL Server Staging,True,direct
ING_FILE_FxOverride,03_file_ingestion,6,Microsoft.Pipeline,Ingest FX Overrides,Lookup Published Rate,WWI_Staging_DB,read,RAW.ORACLEFXRATE,staging-raw,SQL Server Staging,True,direct
ING_FILE_FxOverride,03_file_ingestion,6,Microsoft.Pipeline,Ingest FX Overrides,Lookup Published Rate,WWI_Staging_DB,lookup,RAW.ORACLEFXRATE,staging-raw,SQL Server Staging,True,direct
ING_FILE_FxOverride,03_file_ingestion,6,Microsoft.Pipeline,Ingest FX Overrides,err RejectedFileRow Unknown Pair,WWI_Staging_DB,write,ERR.REJECTEDFILEROW,staging-err,SQL Server Staging,True,direct
ING_FILE_FxOverride,03_file_ingestion,6,Microsoft.Pipeline,Ingest FX Overrides,err RejectedFileRow Refused Override,WWI_Staging_DB,write,ERR.REJECTEDFILEROW,staging-err,SQL Server Staging,True,direct
ING_FILE_FxOverride,03_file_ingestion,6,Microsoft.Pipeline,Ingest FX Overrides,raw FileFxOverride,WWI_Staging_DB,write,RAW.FILEFXOVERRIDE,staging-raw,SQL Server Staging,True,direct
ING_FILE_FxOverride,03_file_ingestion,7,Microsoft.ExecuteSQLTask,Count Refused Overrides,,,read,ERR.REJECTEDFILEROW,staging-err,SQL Server Staging,True,direct
ING_FILE_FxOverride,03_file_ingestion,8,Microsoft.ExecuteSQLTask,Reconcile Control Totals,,,read,RAW.FILEFXOVERRIDE,staging-raw,SQL Server Staging,True,direct
ING_FILE_FxOverride,03_file_ingestion,9,Microsoft.ExecuteSQLTask,Log Rejected Rows,,,exec,ETL.USP_LOGREJECTEDRECORD,etl-control,ETL control,False,direct
ING_FILE_FxOverride,03_file_ingestion,11,Microsoft.ExecuteSQLTask,Mark File Processed,,,write,ETL.FILEINGESTIONLOG,etl-control,ETL control,False,direct
ING_FILE_FxOverride,03_file_ingestion,13,Microsoft.ExecuteSQLTask,Mark File Quarantined,,,write,ETL.FILEINGESTIONLOG,etl-control,ETL control,False,direct
ING_FILE_FxOverride,03_file_ingestion,14,Microsoft.ExecuteSQLTask,Log Row Counts,,,exec,ETL.USP_LOGROWCOUNT,etl-control,ETL control,False,direct
ING_FILE_FxOverride,03_file_ingestion,15,Microsoft.ExecuteSQLTask,Log Package Success,,,exec,ETL.USP_LOGPACKAGEEND,etl-control,ETL control,False,direct
ING_FILE_FxOverride,03_file_ingestion,16,Microsoft.ExecuteSQLTask,Log Error,,,exec,ETL.USP_LOGERROR,etl-control,ETL control,False,direct
ING_FILE_FxOverride,03_file_ingestion,17,Microsoft.ExecuteSQLTask,Mark Execution Failed,,,exec,ETL.USP_LOGPACKAGEEND,etl-control,ETL control,False,direct
ING_FILE_PartnerSales_APAC,03_file_ingestion,2,Microsoft.ExecuteSQLTask,Log Package Start,,,exec,ETL.USP_LOGPACKAGESTART,etl-control,ETL control,False,direct
ING_FILE_PartnerSales_APAC,03_file_ingestion,5,Microsoft.ExecuteSQLTask,Register Inbound File,,,write,ETL.FILEINGESTIONLOG,etl-control,ETL control,False,direct
ING_FILE_PartnerSales_APAC,03_file_ingestion,6,Microsoft.Pipeline,Ingest APAC Partner Sales,err RejectedFileRow Conversion,WWI_Staging_DB,write,ERR.REJECTEDFILEROW,staging-err,SQL Server Staging,True,direct
ING_FILE_PartnerSales_APAC,03_file_ingestion,6,Microsoft.Pipeline,Ingest APAC Partner Sales,err RejectedFileRow APAC,WWI_Staging_DB,write,ERR.REJECTEDFILEROW,staging-err,SQL Server Staging,True,direct
ING_FILE_PartnerSales_APAC,03_file_ingestion,6,Microsoft.Pipeline,Ingest APAC Partner Sales,raw FilePartnerSales APAC,WWI_Staging_DB,write,RAW.FILEPARTNERSALES,staging-raw,SQL Server Staging,True,direct
ING_FILE_PartnerSales_APAC,03_file_ingestion,7,Microsoft.ExecuteSQLTask,Reconcile Control Totals,,,read,RAW.FILEPARTNERSALES,staging-raw,SQL Server Staging,True,direct
ING_FILE_PartnerSales_APAC,03_file_ingestion,8,Microsoft.ExecuteSQLTask,Log Rejected Rows,,,exec,ETL.USP_LOGREJECTEDRECORD,etl-control,ETL control,False,direct
ING_FILE_PartnerSales_APAC,03_file_ingestion,10,Microsoft.ExecuteSQLTask,Mark File Processed,,,write,ETL.FILEINGESTIONLOG,etl-control,ETL control,False,direct
ING_FILE_PartnerSales_APAC,03_file_ingestion,12,Microsoft.ExecuteSQLTask,Mark File Quarantined,,,write,ETL.FILEINGESTIONLOG,etl-control,ETL control,False,direct
ING_FILE_PartnerSales_APAC,03_file_ingestion,13,Microsoft.ExecuteSQLTask,Log Row Counts,,,exec,ETL.USP_LOGROWCOUNT,etl-control,ETL control,False,direct
ING_FILE_PartnerSales_APAC,03_file_ingestion,14,Microsoft.ExecuteSQLTask,Log Package Success,,,exec,ETL.USP_LOGPACKAGEEND,etl-control,ETL control,False,direct
ING_FILE_PartnerSales_APAC,03_file_ingestion,15,Microsoft.ExecuteSQLTask,Log Error,,,exec,ETL.USP_LOGERROR,etl-control,ETL control,False,direct
ING_FILE_PartnerSales_APAC,03_file_ingestion,16,Microsoft.ExecuteSQLTask,Mark Execution Failed,,,exec,ETL.USP_LOGPACKAGEEND,etl-control,ETL control,False,direct
ING_FILE_PartnerSales_EU,03_file_ingestion,2,Microsoft.ExecuteSQLTask,Log Package Start,,,exec,ETL.USP_LOGPACKAGESTART,etl-control,ETL control,False,direct
ING_FILE_PartnerSales_EU,03_file_ingestion,5,Microsoft.ExecuteSQLTask,Register Inbound File,,,write,ETL.FILEINGESTIONLOG,etl-control,ETL control,False,direct
ING_FILE_PartnerSales_EU,03_file_ingestion,6,Microsoft.Pipeline,Ingest EU Partner Sales,err RejectedFileRow Conversion,WWI_Staging_DB,write,ERR.REJECTEDFILEROW,staging-err,SQL Server Staging,True,direct
ING_FILE_PartnerSales_EU,03_file_ingestion,6,Microsoft.Pipeline,Ingest EU Partner Sales,err RejectedFileRow EU,WWI_Staging_DB,write,ERR.REJECTEDFILEROW,staging-err,SQL Server Staging,True,direct
ING_FILE_PartnerSales_EU,03_file_ingestion,6,Microsoft.Pipeline,Ingest EU Partner Sales,raw FilePartnerSales EU,WWI_Staging_DB,write,RAW.FILEPARTNERSALES,staging-raw,SQL Server Staging,True,direct
ING_FILE_PartnerSales_EU,03_file_ingestion,7,Microsoft.ExecuteSQLTask,Reconcile Control Totals,,,read,RAW.FILEPARTNERSALES,staging-raw,SQL Server Staging,True,direct
ING_FILE_PartnerSales_EU,03_file_ingestion,8,Microsoft.ExecuteSQLTask,Log Rejected Rows,,,exec,ETL.USP_LOGREJECTEDRECORD,etl-control,ETL control,False,direct
ING_FILE_PartnerSales_EU,03_file_ingestion,10,Microsoft.ExecuteSQLTask,Mark File Processed,,,write,ETL.FILEINGESTIONLOG,etl-control,ETL control,False,direct
ING_FILE_PartnerSales_EU,03_file_ingestion,12,Microsoft.ExecuteSQLTask,Mark File Quarantined,,,write,ETL.FILEINGESTIONLOG,etl-control,ETL control,False,direct
ING_FILE_PartnerSales_EU,03_file_ingestion,13,Microsoft.ExecuteSQLTask,Log Row Counts,,,exec,ETL.USP_LOGROWCOUNT,etl-control,ETL control,False,direct
ING_FILE_PartnerSales_EU,03_file_ingestion,14,Microsoft.ExecuteSQLTask,Log Package Success,,,exec,ETL.USP_LOGPACKAGEEND,etl-control,ETL control,False,direct
ING_FILE_PartnerSales_EU,03_file_ingestion,15,Microsoft.ExecuteSQLTask,Log Error,,,exec,ETL.USP_LOGERROR,etl-control,ETL control,False,direct
ING_FILE_PartnerSales_EU,03_file_ingestion,16,Microsoft.ExecuteSQLTask,Mark Execution Failed,,,exec,ETL.USP_LOGPACKAGEEND,etl-control,ETL control,False,direct
ING_FILE_PartnerSales_NA,03_file_ingestion,2,Microsoft.ExecuteSQLTask,Log Package Start,,,exec,ETL.USP_LOGPACKAGESTART,etl-control,ETL control,False,direct
ING_FILE_PartnerSales_NA,03_file_ingestion,5,Microsoft.ExecuteSQLTask,Register Inbound File,,,write,ETL.FILEINGESTIONLOG,etl-control,ETL control,False,direct
ING_FILE_PartnerSales_NA,03_file_ingestion,6,Microsoft.Pipeline,Ingest NA Partner Sales,err RejectedFileRow Conversion,WWI_Staging_DB,write,ERR.REJECTEDFILEROW,staging-err,SQL Server Staging,True,direct
ING_FILE_PartnerSales_NA,03_file_ingestion,6,Microsoft.Pipeline,Ingest NA Partner Sales,err RejectedFileRow Unknown Record,WWI_Staging_DB,write,ERR.REJECTEDFILEROW,staging-err,SQL Server Staging,True,direct
ING_FILE_PartnerSales_NA,03_file_ingestion,6,Microsoft.Pipeline,Ingest NA Partner Sales,err RejectedFileRow NA,WWI_Staging_DB,write,ERR.REJECTEDFILEROW,staging-err,SQL Server Staging,True,direct
ING_FILE_PartnerSales_NA,03_file_ingestion,6,Microsoft.Pipeline,Ingest NA Partner Sales,raw FilePartnerSales NA,WWI_Staging_DB,write,RAW.FILEPARTNERSALES,staging-raw,SQL Server Staging,True,direct
ING_FILE_PartnerSales_NA,03_file_ingestion,7,Microsoft.ExecuteSQLTask,Read Footer Record Count,,,read,ERR.REJECTEDFILEROW,staging-err,SQL Server Staging,True,direct
ING_FILE_PartnerSales_NA,03_file_ingestion,8,Microsoft.ExecuteSQLTask,Reconcile Control Totals,,,read,RAW.FILEPARTNERSALES,staging-raw,SQL Server Staging,True,direct
ING_FILE_PartnerSales_NA,03_file_ingestion,9,Microsoft.ExecuteSQLTask,Log Rejected Rows,,,exec,ETL.USP_LOGREJECTEDRECORD,etl-control,ETL control,False,direct
ING_FILE_PartnerSales_NA,03_file_ingestion,11,Microsoft.ExecuteSQLTask,Mark File Quarantined,,,write,ETL.FILEINGESTIONLOG,etl-control,ETL control,False,direct
ING_FILE_PartnerSales_NA,03_file_ingestion,13,Microsoft.ExecuteSQLTask,Mark File Processed,,,write,ETL.FILEINGESTIONLOG,etl-control,ETL control,False,direct
ING_FILE_PartnerSales_NA,03_file_ingestion,14,Microsoft.ExecuteSQLTask,Log Row Counts,,,exec,ETL.USP_LOGROWCOUNT,etl-control,ETL control,False,direct
ING_FILE_PartnerSales_NA,03_file_ingestion,15,Microsoft.ExecuteSQLTask,Log Package Success,,,exec,ETL.USP_LOGPACKAGEEND,etl-control,ETL control,False,direct
ING_FILE_PartnerSales_NA,03_file_ingestion,16,Microsoft.ExecuteSQLTask,Log Error,,,exec,ETL.USP_LOGERROR,etl-control,ETL control,False,direct
ING_FILE_PartnerSales_NA,03_file_ingestion,17,Microsoft.ExecuteSQLTask,Mark Execution Failed,,,exec,ETL.USP_LOGPACKAGEEND,etl-control,ETL control,False,direct
ING_FILE_QuarantineMalformed,03_file_ingestion,2,Microsoft.ExecuteSQLTask,Log Package Start,,,exec,ETL.USP_LOGPACKAGESTART,etl-control,ETL control,False,direct
ING_FILE_QuarantineMalformed,03_file_ingestion,5,Microsoft.ExecuteSQLTask,Register Inbound File,,,write,ETL.FILEINGESTIONLOG,etl-control,ETL control,False,direct
ING_FILE_QuarantineMalformed,03_file_ingestion,6,Microsoft.Pipeline,Sweep Quarantined Rows,err RejectedFileRow Unreadable,WWI_Staging_DB,write,ERR.REJECTEDFILEROW,staging-err,SQL Server Staging,True,direct
ING_FILE_QuarantineMalformed,03_file_ingestion,6,Microsoft.Pipeline,Sweep Quarantined Rows,err RejectedFileRow Replayable,WWI_Staging_DB,write,ERR.REJECTEDFILEROW,staging-err,SQL Server Staging,True,direct
ING_FILE_QuarantineMalformed,03_file_ingestion,7,Microsoft.ExecuteSQLTask,Count Replay Eligible Rows,,,read,ERR.REJECTEDFILEROW,staging-err,SQL Server Staging,True,direct
ING_FILE_QuarantineMalformed,03_file_ingestion,8,Microsoft.ExecuteSQLTask,Log Rejected Rows,,,exec,ETL.USP_LOGREJECTEDRECORD,etl-control,ETL control,False,direct
ING_FILE_QuarantineMalformed,03_file_ingestion,10,Microsoft.ExecuteSQLTask,Mark File Swept,,,write,ETL.FILEINGESTIONLOG,etl-control,ETL control,False,direct
ING_FILE_QuarantineMalformed,03_file_ingestion,12,Microsoft.ExecuteSQLTask,Mark File Unreadable,,,write,ETL.FILEINGESTIONLOG,etl-control,ETL control,False,direct
ING_FILE_QuarantineMalformed,03_file_ingestion,13,Microsoft.ExecuteSQLTask,Log Row Counts,,,exec,ETL.USP_LOGROWCOUNT,etl-control,ETL control,False,direct
ING_FILE_QuarantineMalformed,03_file_ingestion,14,Microsoft.ExecuteSQLTask,Log Package Success,,,exec,ETL.USP_LOGPACKAGEEND,etl-control,ETL control,False,direct
ING_FILE_QuarantineMalformed,03_file_ingestion,15,Microsoft.ExecuteSQLTask,Log Error,,,exec,ETL.USP_LOGERROR,etl-control,ETL control,False,direct
ING_FILE_QuarantineMalformed,03_file_ingestion,16,Microsoft.ExecuteSQLTask,Mark Execution Failed,,,exec,ETL.USP_LOGPACKAGEEND,etl-control,ETL control,False,direct
ING_FILE_SupplierCatalog,03_file_ingestion,2,Microsoft.ExecuteSQLTask,Log Package Start,,,exec,ETL.USP_LOGPACKAGESTART,etl-control,ETL control,False,direct
ING_FILE_SupplierCatalog,03_file_ingestion,5,Microsoft.ExecuteSQLTask,Register Inbound File,,,write,ETL.FILEINGESTIONLOG,etl-control,ETL control,False,direct
ING_FILE_SupplierCatalog,03_file_ingestion,6,Microsoft.Pipeline,Ingest Supplier Catalog,err RejectedFileRow Conversion,WWI_Staging_DB,write,ERR.REJECTEDFILEROW,staging-err,SQL Server Staging,True,direct
ING_FILE_SupplierCatalog,03_file_ingestion,6,Microsoft.Pipeline,Ingest Supplier Catalog,err RejectedFileRow Catalog,WWI_Staging_DB,write,ERR.REJECTEDFILEROW,staging-err,SQL Server Staging,True,direct
ING_FILE_SupplierCatalog,03_file_ingestion,6,Microsoft.Pipeline,Ingest Supplier Catalog,raw FileSupplierCatalog,WWI_Staging_DB,write,RAW.FILESUPPLIERCATALOG,staging-raw,SQL Server Staging,True,direct
ING_FILE_SupplierCatalog,03_file_ingestion,7,Microsoft.ExecuteSQLTask,Compute Price Checksum,,,read,RAW.FILESUPPLIERCATALOG,staging-raw,SQL Server Staging,True,direct
ING_FILE_SupplierCatalog,03_file_ingestion,8,Microsoft.ExecuteSQLTask,Reconcile Control Totals,,,read,RAW.FILESUPPLIERCATALOG,staging-raw,SQL Server Staging,True,direct
ING_FILE_SupplierCatalog,03_file_ingestion,9,Microsoft.ExecuteSQLTask,Log Rejected Rows,,,exec,ETL.USP_LOGREJECTEDRECORD,etl-control,ETL control,False,direct
ING_FILE_SupplierCatalog,03_file_ingestion,11,Microsoft.ExecuteSQLTask,Mark File Processed,,,write,ETL.FILEINGESTIONLOG,etl-control,ETL control,False,direct
ING_FILE_SupplierCatalog,03_file_ingestion,13,Microsoft.ExecuteSQLTask,Mark File Quarantined,,,write,ETL.FILEINGESTIONLOG,etl-control,ETL control,False,direct
ING_FILE_SupplierCatalog,03_file_ingestion,14,Microsoft.ExecuteSQLTask,Log Row Counts,,,exec,ETL.USP_LOGROWCOUNT,etl-control,ETL control,False,direct
ING_FILE_SupplierCatalog,03_file_ingestion,15,Microsoft.ExecuteSQLTask,Log Package Success,,,exec,ETL.USP_LOGPACKAGEEND,etl-control,ETL control,False,direct
ING_FILE_SupplierCatalog,03_file_ingestion,16,Microsoft.ExecuteSQLTask,Log Error,,,exec,ETL.USP_LOGERROR,etl-control,ETL control,False,direct
ING_FILE_SupplierCatalog,03_file_ingestion,17,Microsoft.ExecuteSQLTask,Mark Execution Failed,,,exec,ETL.USP_LOGPACKAGEEND,etl-control,ETL control,False,direct
INV_Load_CycleCountVariance,12_inventory,1,Microsoft.ExecuteSQLTask,Log Package Start,,,exec,ETL.USP_LOGPACKAGESTART,etl-control,ETL control,False,direct
INV_Load_CycleCountVariance,12_inventory,2,Microsoft.ExecuteSQLTask,Truncate work_CycleCountVariance,,,write,WORK.CYCLECOUNTVARIANCE,staging-work,SQL Server Staging,False,direct
INV_Load_CycleCountVariance,12_inventory,3,Microsoft.ExecuteSQLTask,Build Variance Set,,,read,STG.CYCLECOUNT,staging-stg,SQL Server Staging,False,direct
INV_Load_CycleCountVariance,12_inventory,3,Microsoft.ExecuteSQLTask,Build Variance Set,,,read,STG.STOCKITEM,staging-stg,SQL Server Staging,True,direct
INV_Load_CycleCountVariance,12_inventory,3,Microsoft.ExecuteSQLTask,Build Variance Set,,,read,WORK.INVENTORYPOSITIONDAILY,staging-work,SQL Server Staging,True,direct
INV_Load_CycleCountVariance,12_inventory,3,Microsoft.ExecuteSQLTask,Build Variance Set,,,write,WORK.CYCLECOUNTVARIANCE,staging-work,SQL Server Staging,False,direct
INV_Load_CycleCountVariance,12_inventory,4,Microsoft.ExecuteSQLTask,Measure Variances,,,read,WORK.CYCLECOUNTVARIANCE,staging-work,SQL Server Staging,False,direct
INV_Load_CycleCountVariance,12_inventory,5,Microsoft.ExecuteSQLTask,Post Adjustment Movements,,,read,WORK.CYCLECOUNTVARIANCE,staging-work,SQL Server Staging,False,direct
INV_Load_CycleCountVariance,12_inventory,5,Microsoft.ExecuteSQLTask,Post Adjustment Movements,,,exec,INTEGRATION.USP_POSTINVENTORYADJUSTMENT,dw-integration,SQL Server DW,False,direct
INV_Load_CycleCountVariance,12_inventory,6,Microsoft.ExecuteSQLTask,Queue Recounts,,,read,WORK.CYCLECOUNTVARIANCE,staging-work,SQL Server Staging,False,direct
INV_Load_CycleCountVariance,12_inventory,6,Microsoft.ExecuteSQLTask,Queue Recounts,,,write,ETL.REJECTEDRECORD,etl-control,ETL control,True,direct
INV_Load_CycleCountVariance,12_inventory,7,Microsoft.ExecuteSQLTask,Log Row Counts,,,exec,ETL.USP_LOGROWCOUNT,etl-control,ETL control,False,direct
INV_Load_CycleCountVariance,12_inventory,8,Microsoft.ExecuteSQLTask,Log Package Success,,,exec,ETL.USP_LOGPACKAGEEND,etl-control,ETL control,False,direct
INV_Load_CycleCountVariance,12_inventory,9,Microsoft.ExecuteSQLTask,Log Error,,,exec,ETL.USP_LOGERROR,etl-control,ETL control,False,direct
INV_Load_CycleCountVariance,12_inventory,10,Microsoft.ExecuteSQLTask,Mark Execution Failed,,,exec,ETL.USP_LOGPACKAGEEND,etl-control,ETL control,False,direct
INV_Load_DailySnapshot,12_inventory,1,Microsoft.ExecuteSQLTask,Log Package Start,,,exec,ETL.USP_LOGPACKAGESTART,etl-control,ETL control,False,direct
INV_Load_DailySnapshot,12_inventory,3,Microsoft.ExecuteSQLTask,Delete Existing Snapshot,,,read,FACT.DAILY INVENTORY SNAPSHOT,dw-fact,SQL Server DW,True,direct
INV_Load_DailySnapshot,12_inventory,3,Microsoft.ExecuteSQLTask,Delete Existing Snapshot,,,write,FACT.DAILY INVENTORY SNAPSHOT,dw-fact,SQL Server DW,True,direct
INV_Load_DailySnapshot,12_inventory,4,Microsoft.Pipeline,Load Inventory Snapshot,work InventoryPositionDaily,WWI_Staging_DB,read,STG.STOCKITEM,staging-stg,SQL Server Staging,True,direct
INV_Load_DailySnapshot,12_inventory,4,Microsoft.Pipeline,Load Inventory Snapshot,work InventoryPositionDaily,WWI_Staging_DB,read,WORK.INVENTORYPOSITIONDAILY,staging-work,SQL Server Staging,True,direct
INV_Load_DailySnapshot,12_inventory,4,Microsoft.Pipeline,Load Inventory Snapshot,Lookup Stock Item Key,WWI_DW_Destination_DB,read,DIMENSION.STOCK ITEM,dw-dimension,SQL Server DW,True,direct
INV_Load_DailySnapshot,12_inventory,4,Microsoft.Pipeline,Load Inventory Snapshot,Lookup Stock Item Key,WWI_DW_Destination_DB,lookup,DIMENSION.STOCK ITEM,dw-dimension,SQL Server DW,True,direct
INV_Load_DailySnapshot,12_inventory,4,Microsoft.Pipeline,Load Inventory Snapshot,Reject Unknown Stock Items,WWI_Staging_DB,write,ERR.INVENTORYSNAPSHOTREJECT,staging-err,SQL Server Staging,False,direct
INV_Load_DailySnapshot,12_inventory,4,Microsoft.Pipeline,Load Inventory Snapshot,Fact Daily Inventory Snapshot,WWI_DW_Destination_DB,write,FACT.DAILY INVENTORY SNAPSHOT,dw-fact,SQL Server DW,True,direct
INV_Load_DailySnapshot,12_inventory,5,Microsoft.ExecuteSQLTask,Count Expired Chiller Stock,,,read,FACT.DAILY INVENTORY SNAPSHOT,dw-fact,SQL Server DW,True,direct
INV_Load_DailySnapshot,12_inventory,6,Microsoft.ExecuteSQLTask,Log Row Counts,,,exec,ETL.USP_LOGROWCOUNT,etl-control,ETL control,False,direct
INV_Load_DailySnapshot,12_inventory,7,Microsoft.ExecuteSQLTask,Log Package Success,,,exec,ETL.USP_LOGPACKAGEEND,etl-control,ETL control,False,direct
INV_Load_DailySnapshot,12_inventory,8,Microsoft.ExecuteSQLTask,Log Error,,,exec,ETL.USP_LOGERROR,etl-control,ETL control,False,direct
INV_Load_DailySnapshot,12_inventory,9,Microsoft.ExecuteSQLTask,Mark Execution Failed,,,exec,ETL.USP_LOGPACKAGEEND,etl-control,ETL control,False,direct
INV_Load_Replenishment,12_inventory,1,Microsoft.ExecuteSQLTask,Log Package Start,,,exec,ETL.USP_LOGPACKAGESTART,etl-control,ETL control,False,direct
INV_Load_Replenishment,12_inventory,2,Microsoft.ExecuteSQLTask,Truncate work_ReplenishmentSuggestion,,,write,WORK.REPLENISHMENTSUGGESTION,staging-work,SQL Server Staging,False,direct
INV_Load_Replenishment,12_inventory,3,Microsoft.Pipeline,Calculate Replenishment,stg StockItem With Position,WWI_Staging_DB,read,STG.STOCKITEM,staging-stg,SQL Server Staging,True,direct
INV_Load_Replenishment,12_inventory,3,Microsoft.Pipeline,Calculate Replenishment,stg StockItem With Position,WWI_Staging_DB,read,WORK.INVENTORYPOSITIONDAILY,staging-work,SQL Server Staging,True,direct
INV_Load_Replenishment,12_inventory,3,Microsoft.Pipeline,Calculate Replenishment,stg StockItem With Position,WWI_Staging_DB,read,WORK.STOCKITEMDEMAND,staging-work,SQL Server Staging,False,direct
INV_Load_Replenishment,12_inventory,3,Microsoft.Pipeline,Calculate Replenishment,work ReplenishmentSuggestion,WWI_Staging_DB,write,WORK.REPLENISHMENTSUGGESTION,staging-work,SQL Server Staging,False,direct
INV_Load_Replenishment,12_inventory,4,Microsoft.ExecuteSQLTask,Suppress Chiller Suggestions,,,read,WORK.REPLENISHMENTSUGGESTION,staging-work,SQL Server Staging,False,direct
INV_Load_Replenishment,12_inventory,4,Microsoft.ExecuteSQLTask,Suppress Chiller Suggestions,,,write,WORK.REPLENISHMENTSUGGESTION,staging-work,SQL Server Staging,False,direct
INV_Load_Replenishment,12_inventory,5,Microsoft.ExecuteSQLTask,Count Stockout Risks,,,read,WORK.REPLENISHMENTSUGGESTION,staging-work,SQL Server Staging,False,direct
INV_Load_Replenishment,12_inventory,6,Microsoft.ExecuteSQLTask,Publish Inventory Health,,,read,WORK.REPLENISHMENTSUGGESTION,staging-work,SQL Server Staging,False,direct
INV_Load_Replenishment,12_inventory,6,Microsoft.ExecuteSQLTask,Publish Inventory Health,,,write,AGGREGATE.DAILY INVENTORY HEALTH,dw-aggregate,SQL Server DW,True,direct
INV_Load_Replenishment,12_inventory,7,Microsoft.ExecuteSQLTask,Log Row Counts,,,exec,ETL.USP_LOGROWCOUNT,etl-control,ETL control,False,direct
INV_Load_Replenishment,12_inventory,8,Microsoft.ExecuteSQLTask,Log Package Success,,,exec,ETL.USP_LOGPACKAGEEND,etl-control,ETL control,False,direct
INV_Load_Replenishment,12_inventory,9,Microsoft.ExecuteSQLTask,Log Error,,,exec,ETL.USP_LOGERROR,etl-control,ETL control,False,direct
INV_Load_Replenishment,12_inventory,10,Microsoft.ExecuteSQLTask,Mark Execution Failed,,,exec,ETL.USP_LOGPACKAGEEND,etl-control,ETL control,False,direct
INV_Load_StockTransfer,12_inventory,1,Microsoft.ExecuteSQLTask,Log Package Start,,,exec,ETL.USP_LOGPACKAGESTART,etl-control,ETL control,False,direct
INV_Load_StockTransfer,12_inventory,2,Microsoft.ExecuteSQLTask,Truncate work_StockTransferMovement,,,write,WORK.STOCKTRANSFERMOVEMENT,staging-work,SQL Server Staging,False,direct
INV_Load_StockTransfer,12_inventory,3,Microsoft.Pipeline,Load Transfer Movements,stg StockMovement Transfers,WWI_Staging_DB,read,STG.STOCKITEM,staging-stg,SQL Server Staging,True,direct
INV_Load_StockTransfer,12_inventory,3,Microsoft.Pipeline,Load Transfer Movements,stg StockMovement Transfers,WWI_Staging_DB,read,STG.STOCKMOVEMENT,staging-stg,SQL Server Staging,True,direct
INV_Load_StockTransfer,12_inventory,3,Microsoft.Pipeline,Load Transfer Movements,stg StockMovement Transfers,WWI_Staging_DB,read,STG.TRANSFERPRICE,staging-stg,SQL Server Staging,False,direct
INV_Load_StockTransfer,12_inventory,3,Microsoft.Pipeline,Load Transfer Movements,stg StockMovement Transfers,WWI_Staging_DB,read,STG.WAREHOUSESITE,staging-stg,SQL Server Staging,False,direct
INV_Load_StockTransfer,12_inventory,3,Microsoft.Pipeline,Load Transfer Movements,work StockTransferReceiptOnly,WWI_Staging_DB,write,WORK.STOCKTRANSFERRECEIPTONLY,staging-work,SQL Server Staging,False,direct
INV_Load_StockTransfer,12_inventory,3,Microsoft.Pipeline,Load Transfer Movements,work StockTransferMovement,WWI_Staging_DB,write,WORK.STOCKTRANSFERMOVEMENT,staging-work,SQL Server Staging,False,direct
INV_Load_StockTransfer,12_inventory,4,Microsoft.ExecuteSQLTask,Post Transfer Movements,,,exec,INTEGRATION.USP_POSTTRANSFERMOVEMENTS,dw-integration,SQL Server DW,False,direct
INV_Load_StockTransfer,12_inventory,5,Microsoft.ExecuteSQLTask,Escalate Aged In Transit,,,read,WORK.STOCKTRANSFERMOVEMENT,staging-work,SQL Server Staging,False,direct
INV_Load_StockTransfer,12_inventory,5,Microsoft.ExecuteSQLTask,Escalate Aged In Transit,,,write,ETL.REJECTEDRECORD,etl-control,ETL control,True,direct
INV_Load_StockTransfer,12_inventory,6,Microsoft.ExecuteSQLTask,Log Row Counts,,,exec,ETL.USP_LOGROWCOUNT,etl-control,ETL control,False,direct
INV_Load_StockTransfer,12_inventory,7,Microsoft.ExecuteSQLTask,Log Package Success,,,exec,ETL.USP_LOGPACKAGEEND,etl-control,ETL control,False,direct
INV_Load_StockTransfer,12_inventory,8,Microsoft.ExecuteSQLTask,Log Error,,,exec,ETL.USP_LOGERROR,etl-control,ETL control,False,direct
INV_Load_StockTransfer,12_inventory,9,Microsoft.ExecuteSQLTask,Mark Execution Failed,,,exec,ETL.USP_LOGPACKAGEEND,etl-control,ETL control,False,direct
INV_Reconcile_OnHand,12_inventory,1,Microsoft.ExecuteSQLTask,Log Package Start,,,exec,ETL.USP_LOGPACKAGESTART,etl-control,ETL control,False,direct
INV_Reconcile_OnHand,12_inventory,2,Microsoft.ExecuteSQLTask,Build On Hand Comparison,,,read,FACT.STOCK HOLDING,dw-fact,SQL Server DW,True,direct
INV_Reconcile_OnHand,12_inventory,2,Microsoft.ExecuteSQLTask,Build On Hand Comparison,,,read,STG.STOCKMOVEMENT,staging-stg,SQL Server Staging,True,direct
INV_Reconcile_OnHand,12_inventory,2,Microsoft.ExecuteSQLTask,Build On Hand Comparison,,,read,WORK.INVENTORYPOSITIONDAILY,staging-work,SQL Server Staging,True,direct
INV_Reconcile_OnHand,12_inventory,2,Microsoft.ExecuteSQLTask,Build On Hand Comparison,,,write,ETL.RECONCILIATIONRESULT,etl-control,ETL control,True,direct
INV_Reconcile_OnHand,12_inventory,3,Microsoft.ExecuteSQLTask,Classify Differences,,,read,ETL.RECONCILIATIONRESULT,etl-control,ETL control,True,direct
INV_Reconcile_OnHand,12_inventory,4,Microsoft.ExecuteSQLTask,Escalate Genuine Differences,,,read,ETL.RECONCILIATIONRESULT,etl-control,ETL control,True,direct
INV_Reconcile_OnHand,12_inventory,4,Microsoft.ExecuteSQLTask,Escalate Genuine Differences,,,write,ETL.REJECTEDRECORD,etl-control,ETL control,True,direct
INV_Reconcile_OnHand,12_inventory,5,Microsoft.ExecuteSQLTask,Log Row Counts,,,exec,ETL.USP_LOGROWCOUNT,etl-control,ETL control,False,direct
INV_Reconcile_OnHand,12_inventory,6,Microsoft.ExecuteSQLTask,Log Package Success,,,exec,ETL.USP_LOGPACKAGEEND,etl-control,ETL control,False,direct
INV_Reconcile_OnHand,12_inventory,7,Microsoft.ExecuteSQLTask,Log Error,,,exec,ETL.USP_LOGERROR,etl-control,ETL control,False,direct
INV_Reconcile_OnHand,12_inventory,8,Microsoft.ExecuteSQLTask,Mark Execution Failed,,,exec,ETL.USP_LOGPACKAGEEND,etl-control,ETL control,False,direct
MNT_Archive_ProcessedFiles,99_maintenance,1,Microsoft.ExecuteSQLTask,Log Package Start,,,exec,ETL.USP_LOGPACKAGESTART,etl-control,ETL control,False,direct
MNT_Archive_ProcessedFiles,99_maintenance,3,Microsoft.ExecuteSQLTask,Select Processed Files,,,read,ETL.INBOUNDFILEREGISTER,etl-control,ETL control,False,direct
MNT_Archive_ProcessedFiles,99_maintenance,3,Microsoft.ExecuteSQLTask,Select Processed Files,,,write,WORK.FILEARCHIVEQUEUE,staging-work,SQL Server Staging,False,direct
MNT_Archive_ProcessedFiles,99_maintenance,6,Microsoft.ExecuteSQLTask,Stamp File Archived,,,write,ETL.INBOUNDFILEREGISTER,etl-control,ETL control,False,direct
MNT_Archive_ProcessedFiles,99_maintenance,7,Microsoft.ExecuteSQLTask,List Expired Archive Files,,,read,ETL.ARCHIVEEXPIRYLIST,etl-control,ETL control,False,direct
MNT_Archive_ProcessedFiles,99_maintenance,7,Microsoft.ExecuteSQLTask,List Expired Archive Files,,,read,ETL.INBOUNDFILEREGISTER,etl-control,ETL control,False,direct
MNT_Archive_ProcessedFiles,99_maintenance,7,Microsoft.ExecuteSQLTask,List Expired Archive Files,,,write,ETL.ARCHIVEEXPIRYLIST,etl-control,ETL control,False,direct
MNT_Archive_ProcessedFiles,99_maintenance,8,Microsoft.ExecuteSQLTask,Measure Archive Run,,,read,ETL.ARCHIVEEXPIRYLIST,etl-control,ETL control,False,direct
MNT_Archive_ProcessedFiles,99_maintenance,8,Microsoft.ExecuteSQLTask,Measure Archive Run,,,read,WORK.FILEARCHIVEQUEUE,staging-work,SQL Server Staging,False,direct
MNT_Archive_ProcessedFiles,99_maintenance,9,Microsoft.ExecuteSQLTask,Log Row Counts,,,exec,ETL.USP_LOGROWCOUNT,etl-control,ETL control,False,direct
MNT_Archive_ProcessedFiles,99_maintenance,10,Microsoft.ExecuteSQLTask,Log Package Success,,,exec,ETL.USP_LOGPACKAGEEND,etl-control,ETL control,False,direct
MNT_Archive_ProcessedFiles,99_maintenance,11,Microsoft.ExecuteSQLTask,Log Error,,,exec,ETL.USP_LOGERROR,etl-control,ETL control,False,direct
MNT_Archive_ProcessedFiles,99_maintenance,12,Microsoft.ExecuteSQLTask,Mark Execution Failed,,,exec,ETL.USP_LOGPACKAGEEND,etl-control,ETL control,False,direct
MNT_Check_DiskSpace,99_maintenance,1,Microsoft.ExecuteSQLTask,Log Package Start,,,exec,ETL.USP_LOGPACKAGESTART,etl-control,ETL control,False,direct
MNT_Check_DiskSpace,99_maintenance,2,Microsoft.ExecuteSQLTask,Truncate work_VolumeSpaceCheck,,,write,WORK.VOLUMESPACECHECK,staging-work,SQL Server Staging,False,direct
MNT_Check_DiskSpace,99_maintenance,3,Microsoft.ExecuteSQLTask,Survey Volume Space,,,write,WORK.VOLUMESPACECHECK,staging-work,SQL Server Staging,False,direct
MNT_Check_DiskSpace,99_maintenance,4,Microsoft.ExecuteSQLTask,Project Batch Growth,,,read,ETL.LOADVOLUMEHISTORY,etl-control,ETL control,False,direct
MNT_Check_DiskSpace,99_maintenance,4,Microsoft.ExecuteSQLTask,Project Batch Growth,,,read,WORK.VOLUMESPACECHECK,staging-work,SQL Server Staging,False,direct
MNT_Check_DiskSpace,99_maintenance,4,Microsoft.ExecuteSQLTask,Project Batch Growth,,,write,WORK.VOLUMEGROWTHPROJECTION,staging-work,SQL Server Staging,False,direct
MNT_Check_DiskSpace,99_maintenance,5,Microsoft.Pipeline,Evaluate Preflight,work VolumeSpaceCheck,WWI_DW_Destination_DB,read,WORK.VOLUMEGROWTHPROJECTION,staging-work,SQL Server Staging,False,direct
MNT_Check_DiskSpace,99_maintenance,5,Microsoft.Pipeline,Evaluate Preflight,work VolumeSpaceCheck,WWI_DW_Destination_DB,read,WORK.VOLUMESPACECHECK,staging-work,SQL Server Staging,False,direct
MNT_Check_DiskSpace,99_maintenance,5,Microsoft.Pipeline,Evaluate Preflight,work VolumeShortfall,WWI_Staging_DB,write,WORK.VOLUMESHORTFALL,staging-work,SQL Server Staging,False,direct
MNT_Check_DiskSpace,99_maintenance,5,Microsoft.Pipeline,Evaluate Preflight,etl PreflightResult,WWI_Staging_DB,write,ETL.PREFLIGHTRESULT,etl-control,ETL control,False,direct
MNT_Check_DiskSpace,99_maintenance,6,Microsoft.ExecuteSQLTask,Measure Shortfalls,,,read,WORK.VOLUMESHORTFALL,staging-work,SQL Server Staging,False,direct
MNT_Check_DiskSpace,99_maintenance,7,Microsoft.ExecuteSQLTask,Raise Batch Hold,,,write,ETL.BATCHHOLD,etl-control,ETL control,False,direct
MNT_Check_DiskSpace,99_maintenance,8,Microsoft.ExecuteSQLTask,Check Tempdb Headroom,,,write,ETL.PREFLIGHTRESULT,etl-control,ETL control,False,direct
MNT_Check_DiskSpace,99_maintenance,9,Microsoft.ExecuteSQLTask,Log Row Counts,,,exec,ETL.USP_LOGROWCOUNT,etl-control,ETL control,False,direct
MNT_Check_DiskSpace,99_maintenance,10,Microsoft.ExecuteSQLTask,Log Package Success,,,exec,ETL.USP_LOGPACKAGEEND,etl-control,ETL control,False,direct
MNT_Check_DiskSpace,99_maintenance,11,Microsoft.ExecuteSQLTask,Log Error,,,exec,ETL.USP_LOGERROR,etl-control,ETL control,False,direct
MNT_Check_DiskSpace,99_maintenance,12,Microsoft.ExecuteSQLTask,Mark Execution Failed,,,exec,ETL.USP_LOGPACKAGEEND,etl-control,ETL control,False,direct
MNT_Purge_ControlHistory,99_maintenance,1,Microsoft.ExecuteSQLTask,Log Package Start,,,exec,ETL.USP_LOGPACKAGESTART,etl-control,ETL control,False,direct
MNT_Purge_ControlHistory,99_maintenance,2,Microsoft.ExecuteSQLTask,Archive Batch History,,,read,ETL.BATCH,etl-control,ETL control,True,direct
MNT_Purge_ControlHistory,99_maintenance,2,Microsoft.ExecuteSQLTask,Archive Batch History,,,read,ETL.BATCHARCHIVE,etl-control,ETL control,False,direct
MNT_Purge_ControlHistory,99_maintenance,2,Microsoft.ExecuteSQLTask,Archive Batch History,,,read,ETL.BATCHSTEP,etl-control,ETL control,True,direct
MNT_Purge_ControlHistory,99_maintenance,2,Microsoft.ExecuteSQLTask,Archive Batch History,,,write,ETL.BATCHARCHIVE,etl-control,ETL control,False,direct
MNT_Purge_ControlHistory,99_maintenance,3,Microsoft.ExecuteSQLTask,Purge Batch Steps,,,read,ETL.BATCHARCHIVE,etl-control,ETL control,False,direct
MNT_Purge_ControlHistory,99_maintenance,3,Microsoft.ExecuteSQLTask,Purge Batch Steps,,,read,ETL.BATCHSTEP,etl-control,ETL control,True,direct
MNT_Purge_ControlHistory,99_maintenance,3,Microsoft.ExecuteSQLTask,Purge Batch Steps,,,write,ETL.BATCHSTEP,etl-control,ETL control,True,direct
MNT_Purge_ControlHistory,99_maintenance,4,Microsoft.ExecuteSQLTask,Purge Batches,,,read,ETL.BATCH,etl-control,ETL control,True,direct
MNT_Purge_ControlHistory,99_maintenance,4,Microsoft.ExecuteSQLTask,Purge Batches,,,read,ETL.BATCHARCHIVE,etl-control,ETL control,False,direct
MNT_Purge_ControlHistory,99_maintenance,4,Microsoft.ExecuteSQLTask,Purge Batches,,,write,ETL.BATCH,etl-control,ETL control,True,direct
MNT_Purge_ControlHistory,99_maintenance,5,Microsoft.ExecuteSQLTask,Purge Error Log,,,read,ETL.ERRORLOG,etl-control,ETL control,True,direct
MNT_Purge_ControlHistory,99_maintenance,5,Microsoft.ExecuteSQLTask,Purge Error Log,,,write,ETL.ERRORLOG,etl-control,ETL control,True,direct
MNT_Purge_ControlHistory,99_maintenance,6,Microsoft.ExecuteSQLTask,Purge Resolved Rejects,,,read,ETL.REJECTEDRECORD,etl-control,ETL control,True,direct
MNT_Purge_ControlHistory,99_maintenance,6,Microsoft.ExecuteSQLTask,Purge Resolved Rejects,,,write,ETL.REJECTEDRECORD,etl-control,ETL control,True,direct
MNT_Purge_ControlHistory,99_maintenance,7,Microsoft.ExecuteSQLTask,Purge Control History Proc,,,exec,ETL.USP_PURGECONTROLHISTORY,etl-control,ETL control,False,direct
MNT_Purge_ControlHistory,99_maintenance,8,Microsoft.ExecuteSQLTask,Measure Control Purge,,,read,ETL.BATCHARCHIVE,etl-control,ETL control,False,direct
MNT_Purge_ControlHistory,99_maintenance,8,Microsoft.ExecuteSQLTask,Measure Control Purge,,,read,ETL.ERRORLOG,etl-control,ETL control,True,direct
MNT_Purge_ControlHistory,99_maintenance,8,Microsoft.ExecuteSQLTask,Measure Control Purge,,,read,ETL.REJECTEDRECORD,etl-control,ETL control,True,direct
MNT_Purge_ControlHistory,99_maintenance,9,Microsoft.ExecuteSQLTask,Log Row Counts,,,exec,ETL.USP_LOGROWCOUNT,etl-control,ETL control,False,direct
MNT_Purge_ControlHistory,99_maintenance,10,Microsoft.ExecuteSQLTask,Log Package Success,,,exec,ETL.USP_LOGPACKAGEEND,etl-control,ETL control,False,direct
MNT_Purge_ControlHistory,99_maintenance,11,Microsoft.ExecuteSQLTask,Log Error,,,exec,ETL.USP_LOGERROR,etl-control,ETL control,False,direct
MNT_Purge_ControlHistory,99_maintenance,12,Microsoft.ExecuteSQLTask,Mark Execution Failed,,,exec,ETL.USP_LOGPACKAGEEND,etl-control,ETL control,False,direct
MNT_Purge_StagingHistory,99_maintenance,1,Microsoft.ExecuteSQLTask,Log Package Start,,,exec,ETL.USP_LOGPACKAGESTART,etl-control,ETL control,False,direct
MNT_Purge_StagingHistory,99_maintenance,2,Microsoft.ExecuteSQLTask,Truncate work_StagingPurgePlan,,,write,WORK.STAGINGPURGEPLAN,staging-work,SQL Server Staging,False,direct
MNT_Purge_StagingHistory,99_maintenance,3,Microsoft.ExecuteSQLTask,Build Purge Plan,,,read,ETL.STAGINGTABLEREGISTER,etl-control,ETL control,False,direct
MNT_Purge_StagingHistory,99_maintenance,3,Microsoft.ExecuteSQLTask,Build Purge Plan,,,write,WORK.STAGINGPURGEPLAN,staging-work,SQL Server Staging,False,direct
MNT_Purge_StagingHistory,99_maintenance,5,Microsoft.ExecuteSQLTask,Build And Run Chunked Deletes,,,read,WORK.STAGINGPURGEPLAN,staging-work,SQL Server Staging,False,direct
MNT_Purge_StagingHistory,99_maintenance,5,Microsoft.ExecuteSQLTask,Build And Run Chunked Deletes,,,write,ETL.PURGEAUDIT,etl-control,ETL control,False,direct
MNT_Purge_StagingHistory,99_maintenance,6,Microsoft.ExecuteSQLTask,Measure Purged Rows,,,read,ETL.PURGEAUDIT,etl-control,ETL control,False,direct
MNT_Purge_StagingHistory,99_maintenance,7,Microsoft.ExecuteSQLTask,Record Space Reclaimed,,,write,ETL.MAINTENANCELOG,etl-control,ETL control,False,direct
MNT_Purge_StagingHistory,99_maintenance,8,Microsoft.ExecuteSQLTask,Log Row Counts,,,exec,ETL.USP_LOGROWCOUNT,etl-control,ETL control,False,direct
MNT_Purge_StagingHistory,99_maintenance,9,Microsoft.ExecuteSQLTask,Log Package Success,,,exec,ETL.USP_LOGPACKAGEEND,etl-control,ETL control,False,direct
MNT_Purge_StagingHistory,99_maintenance,10,Microsoft.ExecuteSQLTask,Log Error,,,exec,ETL.USP_LOGERROR,etl-control,ETL control,False,direct
MNT_Purge_StagingHistory,99_maintenance,11,Microsoft.ExecuteSQLTask,Mark Execution Failed,,,exec,ETL.USP_LOGPACKAGEEND,etl-control,ETL control,False,direct
MNT_Rebuild_Indexes,99_maintenance,1,Microsoft.ExecuteSQLTask,Log Package Start,,,exec,ETL.USP_LOGPACKAGESTART,etl-control,ETL control,False,direct
MNT_Rebuild_Indexes,99_maintenance,2,Microsoft.ExecuteSQLTask,Truncate work_IndexMaintenancePlan,,,write,WORK.INDEXMAINTENANCEPLAN,staging-work,SQL Server Staging,False,direct
MNT_Rebuild_Indexes,99_maintenance,3,Microsoft.ExecuteSQLTask,Survey Index Fragmentation,,,write,WORK.INDEXMAINTENANCEPLAN,staging-work,SQL Server Staging,False,direct
MNT_Rebuild_Indexes,99_maintenance,4,Microsoft.ExecuteSQLTask,Maintain Rowstore Indexes,,,read,WORK.INDEXMAINTENANCEPLAN,staging-work,SQL Server Staging,False,direct
MNT_Rebuild_Indexes,99_maintenance,4,Microsoft.ExecuteSQLTask,Maintain Rowstore Indexes,,,write,ETL.MAINTENANCELOG,etl-control,ETL control,False,direct
MNT_Rebuild_Indexes,99_maintenance,5,Microsoft.ExecuteSQLTask,Rebuild Columnstore Indexes,,,exec,INTEGRATION.REBUILDCOLUMNSTOREINDEXES,dw-integration,SQL Server DW,False,direct
MNT_Rebuild_Indexes,99_maintenance,6,Microsoft.ExecuteSQLTask,Measure Index Actions,,,read,WORK.INDEXMAINTENANCEPLAN,staging-work,SQL Server Staging,False,direct
MNT_Rebuild_Indexes,99_maintenance,7,Microsoft.ExecuteSQLTask,Log Row Counts,,,exec,ETL.USP_LOGROWCOUNT,etl-control,ETL control,False,direct
MNT_Rebuild_Indexes,99_maintenance,8,Microsoft.ExecuteSQLTask,Log Package Success,,,exec,ETL.USP_LOGPACKAGEEND,etl-control,ETL control,False,direct
MNT_Rebuild_Indexes,99_maintenance,9,Microsoft.ExecuteSQLTask,Log Error,,,exec,ETL.USP_LOGERROR,etl-control,ETL control,False,direct
MNT_Rebuild_Indexes,99_maintenance,10,Microsoft.ExecuteSQLTask,Mark Execution Failed,,,exec,ETL.USP_LOGPACKAGEEND,etl-control,ETL control,False,direct
MNT_Update_Statistics,99_maintenance,1,Microsoft.ExecuteSQLTask,Log Package Start,,,exec,ETL.USP_LOGPACKAGESTART,etl-control,ETL control,False,direct
MNT_Update_Statistics,99_maintenance,2,Microsoft.ExecuteSQLTask,Truncate work_StatisticsRefreshPlan,,,write,WORK.STATISTICSREFRESHPLAN,staging-work,SQL Server Staging,False,direct
MNT_Update_Statistics,99_maintenance,3,Microsoft.ExecuteSQLTask,Plan Statistics Refresh,,,write,WORK.STATISTICSREFRESHPLAN,staging-work,SQL Server Staging,False,direct
MNT_Update_Statistics,99_maintenance,4,Microsoft.ExecuteSQLTask,Refresh Statistics,,,read,WORK.STATISTICSREFRESHPLAN,staging-work,SQL Server Staging,False,direct
MNT_Update_Statistics,99_maintenance,5,Microsoft.ExecuteSQLTask,Measure Statistics Refresh,,,read,WORK.STATISTICSREFRESHPLAN,staging-work,SQL Server Staging,False,direct
MNT_Update_Statistics,99_maintenance,6,Microsoft.ExecuteSQLTask,Log Statistics Outcome,,,write,ETL.MAINTENANCELOG,etl-control,ETL control,False,direct
MNT_Update_Statistics,99_maintenance,7,Microsoft.ExecuteSQLTask,Log Row Counts,,,exec,ETL.USP_LOGROWCOUNT,etl-control,ETL control,False,direct
MNT_Update_Statistics,99_maintenance,8,Microsoft.ExecuteSQLTask,Log Package Success,,,exec,ETL.USP_LOGPACKAGEEND,etl-control,ETL control,False,direct
MNT_Update_Statistics,99_maintenance,9,Microsoft.ExecuteSQLTask,Log Error,,,exec,ETL.USP_LOGERROR,etl-control,ETL control,False,direct
MNT_Update_Statistics,99_maintenance,10,Microsoft.ExecuteSQLTask,Mark Execution Failed,,,exec,ETL.USP_LOGPACKAGEEND,etl-control,ETL control,False,direct
MNT_Validate_Configuration,99_maintenance,1,Microsoft.ExecuteSQLTask,Log Package Start,,,exec,ETL.USP_LOGPACKAGESTART,etl-control,ETL control,False,direct
MNT_Validate_Configuration,99_maintenance,2,Microsoft.ExecuteSQLTask,Truncate work_ConfigurationValidation,,,write,WORK.CONFIGURATIONVALIDATION,staging-work,SQL Server Staging,False,direct
MNT_Validate_Configuration,99_maintenance,3,Microsoft.ExecuteSQLTask,Check Required Keys,,,read,ETL.CONFIGURATION,etl-control,ETL control,True,direct
MNT_Validate_Configuration,99_maintenance,3,Microsoft.ExecuteSQLTask,Check Required Keys,,,read,ETL.REQUIREDCONFIGURATIONKEY,etl-control,ETL control,False,direct
MNT_Validate_Configuration,99_maintenance,3,Microsoft.ExecuteSQLTask,Check Required Keys,,,write,WORK.CONFIGURATIONVALIDATION,staging-work,SQL Server Staging,False,direct
MNT_Validate_Configuration,99_maintenance,4,Microsoft.ExecuteSQLTask,Check Connection Placeholders,,,read,ETL.CONFIGURATION,etl-control,ETL control,True,direct
MNT_Validate_Configuration,99_maintenance,4,Microsoft.ExecuteSQLTask,Check Connection Placeholders,,,write,WORK.CONFIGURATIONVALIDATION,staging-work,SQL Server Staging,False,direct
MNT_Validate_Configuration,99_maintenance,5,Microsoft.ExecuteSQLTask,Check Value Plausibility,,,read,ETL.FXRATEAVAILABILITY,etl-control,ETL control,False,direct
MNT_Validate_Configuration,99_maintenance,5,Microsoft.ExecuteSQLTask,Check Value Plausibility,,,read,ETL.REGIONPERIODSTATUS,etl-control,ETL control,False,direct
MNT_Validate_Configuration,99_maintenance,5,Microsoft.ExecuteSQLTask,Check Value Plausibility,,,write,WORK.CONFIGURATIONVALIDATION,staging-work,SQL Server Staging,False,direct
MNT_Validate_Configuration,99_maintenance,6,Microsoft.ExecuteSQLTask,Measure Configuration Defects,,,read,WORK.CONFIGURATIONVALIDATION,staging-work,SQL Server Staging,False,direct
MNT_Validate_Configuration,99_maintenance,7,Microsoft.ExecuteSQLTask,Raise Configuration Defect,,,exec,ETL.USP_LOGERROR,etl-control,ETL control,False,direct
MNT_Validate_Configuration,99_maintenance,8,Microsoft.ExecuteSQLTask,Record Suspect Configuration,,,read,WORK.CONFIGURATIONVALIDATION,staging-work,SQL Server Staging,False,direct
MNT_Validate_Configuration,99_maintenance,8,Microsoft.ExecuteSQLTask,Record Suspect Configuration,,,write,ETL.OPERATORNOTIFICATION,etl-control,ETL control,False,direct
MNT_Validate_Configuration,99_maintenance,9,Microsoft.ExecuteSQLTask,Log Row Counts,,,exec,ETL.USP_LOGROWCOUNT,etl-control,ETL control,False,direct
MNT_Validate_Configuration,99_maintenance,10,Microsoft.ExecuteSQLTask,Log Package Success,,,exec,ETL.USP_LOGPACKAGEEND,etl-control,ETL control,False,direct
MNT_Validate_Configuration,99_maintenance,11,Microsoft.ExecuteSQLTask,Log Error,,,exec,ETL.USP_LOGERROR,etl-control,ETL control,False,direct
MNT_Validate_Configuration,99_maintenance,12,Microsoft.ExecuteSQLTask,Mark Execution Failed,,,exec,ETL.USP_LOGPACKAGEEND,etl-control,ETL control,False,direct
Master_Customer_Sync,00_orchestration,1,Microsoft.ExecuteSQLTask,Start Batch,,,exec,ETL.USP_STARTBATCH,etl-control,ETL control,False,direct
Master_Customer_Sync,00_orchestration,3,Microsoft.ExecuteSQLTask,Start Step Customer Extract,,,exec,ETL.USP_STARTBATCHSTEP,etl-control,ETL control,False,direct
Master_Customer_Sync,00_orchestration,4,Microsoft.ExecuteSQLTask,End Step Customer Extract,,,exec,ETL.USP_ENDBATCHSTEP,etl-control,ETL control,False,direct
Master_Customer_Sync,00_orchestration,5,Microsoft.ExecuteSQLTask,Start Step Customer Extract Retry,,,exec,ETL.USP_STARTBATCHSTEP,etl-control,ETL control,False,direct
Master_Customer_Sync,00_orchestration,6,Microsoft.ExecuteSQLTask,End Step Customer Extract Retry,,,exec,ETL.USP_ENDBATCHSTEP,etl-control,ETL control,False,direct
Master_Customer_Sync,00_orchestration,10,Microsoft.ExecuteSQLTask,Start Step Customer Stage,,,exec,ETL.USP_STARTBATCHSTEP,etl-control,ETL control,False,direct
Master_Customer_Sync,00_orchestration,11,Microsoft.ExecuteSQLTask,End Step Customer Stage,,,exec,ETL.USP_ENDBATCHSTEP,etl-control,ETL control,False,direct
Master_Customer_Sync,00_orchestration,13,Microsoft.ExecuteSQLTask,Start Step Identity Resolution,,,exec,ETL.USP_STARTBATCHSTEP,etl-control,ETL control,False,direct
Master_Customer_Sync,00_orchestration,14,Microsoft.ExecuteSQLTask,End Step Identity Resolution,,,exec,ETL.USP_ENDBATCHSTEP,etl-control,ETL control,False,direct
Master_Customer_Sync,00_orchestration,15,Microsoft.ExecuteSQLTask,Start Step Customer Screen,,,exec,ETL.USP_STARTBATCHSTEP,etl-control,ETL control,False,direct
Master_Customer_Sync,00_orchestration,16,Microsoft.ExecuteSQLTask,End Step Customer Screen,,,exec,ETL.USP_ENDBATCHSTEP,etl-control,ETL control,False,direct
Master_Customer_Sync,00_orchestration,17,Microsoft.ExecuteSQLTask,Start Step Regional Customer Dimensions,,,exec,ETL.USP_STARTBATCHSTEP,etl-control,ETL control,False,direct
Master_Customer_Sync,00_orchestration,18,Microsoft.ExecuteSQLTask,End Step Regional Customer Dimensions,,,exec,ETL.USP_ENDBATCHSTEP,etl-control,ETL control,False,direct
Master_Customer_Sync,00_orchestration,19,Microsoft.ExecuteSQLTask,Start Step Customer Support Dimensions,,,exec,ETL.USP_STARTBATCHSTEP,etl-control,ETL control,False,direct
Master_Customer_Sync,00_orchestration,20,Microsoft.ExecuteSQLTask,End Step Customer Support Dimensions,,,exec,ETL.USP_ENDBATCHSTEP,etl-control,ETL control,False,direct
Master_Customer_Sync,00_orchestration,21,Microsoft.ExecuteSQLTask,Start Step Customer Mart Build,,,exec,ETL.USP_STARTBATCHSTEP,etl-control,ETL control,False,direct
Master_Customer_Sync,00_orchestration,22,Microsoft.ExecuteSQLTask,End Step Customer Mart Build,,,exec,ETL.USP_ENDBATCHSTEP,etl-control,ETL control,False,direct
Master_Customer_Sync,00_orchestration,23,Microsoft.ExecuteSQLTask,Start Step Customer Mart Publish,,,exec,ETL.USP_STARTBATCHSTEP,etl-control,ETL control,False,direct
Master_Customer_Sync,00_orchestration,24,Microsoft.ExecuteSQLTask,End Step Customer Mart Publish,,,exec,ETL.USP_ENDBATCHSTEP,etl-control,ETL control,False,direct
Master_Customer_Sync,00_orchestration,25,Microsoft.ExecuteSQLTask,Start Step Customer Sync Escalation,,,exec,ETL.USP_STARTBATCHSTEP,etl-control,ETL control,False,direct
Master_Customer_Sync,00_orchestration,26,Microsoft.ExecuteSQLTask,End Step Customer Sync Escalation,,,exec,ETL.USP_ENDBATCHSTEP,etl-control,ETL control,False,direct
Master_Customer_Sync,00_orchestration,27,Microsoft.ExecuteSQLTask,Count Merge Candidates,,,read,ETL.REJECTEDRECORD,etl-control,ETL control,True,direct
Master_Customer_Sync,00_orchestration,34,Microsoft.ExecuteSQLTask,End Batch,,,exec,ETL.USP_ENDBATCH,etl-control,ETL control,False,direct
Master_Customer_Sync,00_orchestration,35,Microsoft.ExecuteSQLTask,Log Master Error,,,exec,ETL.USP_LOGERROR,etl-control,ETL control,False,direct
Master_Customer_Sync,00_orchestration,36,Microsoft.ExecuteSQLTask,Fail Open Batch Step,,,write,ETL.BATCHSTEP,etl-control,ETL control,True,direct
Master_Customer_Sync,00_orchestration,37,Microsoft.ExecuteSQLTask,Mark Batch Failed,,,exec,ETL.USP_ENDBATCH,etl-control,ETL control,False,direct
Master_Daily_ETL,00_orchestration,1,Microsoft.ExecuteSQLTask,Start Batch,,,exec,ETL.USP_STARTBATCH,etl-control,ETL control,False,direct
Master_Daily_ETL,00_orchestration,3,Microsoft.ExecuteSQLTask,Start Step Extract Oracle,,,exec,ETL.USP_STARTBATCHSTEP,etl-control,ETL control,False,direct
Master_Daily_ETL,00_orchestration,4,Microsoft.ExecuteSQLTask,End Step Extract Oracle,,,exec,ETL.USP_ENDBATCHSTEP,etl-control,ETL control,False,direct
Master_Daily_ETL,00_orchestration,5,Microsoft.ExecuteSQLTask,Start Step Extract SQL Server,,,exec,ETL.USP_STARTBATCHSTEP,etl-control,ETL control,False,direct
Master_Daily_ETL,00_orchestration,6,Microsoft.ExecuteSQLTask,End Step Extract SQL Server,,,exec,ETL.USP_ENDBATCHSTEP,etl-control,ETL control,False,direct
Master_Daily_ETL,00_orchestration,7,Microsoft.ExecuteSQLTask,Start Step Extract Retry Driver,,,exec,ETL.USP_STARTBATCHSTEP,etl-control,ETL control,False,direct
Master_Daily_ETL,00_orchestration,8,Microsoft.ExecuteSQLTask,End Step Extract Retry Driver,,,exec,ETL.USP_ENDBATCHSTEP,etl-control,ETL control,False,direct
Master_Daily_ETL,00_orchestration,9,Microsoft.ExecuteSQLTask,Start Step Extract Oracle Retry,,,exec,ETL.USP_STARTBATCHSTEP,etl-control,ETL control,False,direct
Master_Daily_ETL,00_orchestration,10,Microsoft.ExecuteSQLTask,End Step Extract Oracle Retry,,,exec,ETL.USP_ENDBATCHSTEP,etl-control,ETL control,False,direct
Master_Daily_ETL,00_orchestration,11,Microsoft.ExecuteSQLTask,Start Step Extract SQL Server Retry,,,exec,ETL.USP_STARTBATCHSTEP,etl-control,ETL control,False,direct
Master_Daily_ETL,00_orchestration,12,Microsoft.ExecuteSQLTask,End Step Extract SQL Server Retry,,,exec,ETL.USP_ENDBATCHSTEP,etl-control,ETL control,False,direct
Master_Daily_ETL,00_orchestration,17,Microsoft.ExecuteSQLTask,Record Extract Attempt,,,write,ETL.BATCHSTEP,etl-control,ETL control,True,direct
Master_Daily_ETL,00_orchestration,21,Microsoft.ExecuteSQLTask,Start Step Restart Recovery,,,exec,ETL.USP_STARTBATCHSTEP,etl-control,ETL control,False,direct
Master_Daily_ETL,00_orchestration,22,Microsoft.ExecuteSQLTask,End Step Restart Recovery,,,exec,ETL.USP_ENDBATCHSTEP,etl-control,ETL control,False,direct
Master_Daily_ETL,00_orchestration,24,Microsoft.ExecuteSQLTask,Start Step File Screen,,,exec,ETL.USP_STARTBATCHSTEP,etl-control,ETL control,False,direct
Master_Daily_ETL,00_orchestration,25,Microsoft.ExecuteSQLTask,End Step File Screen,,,exec,ETL.USP_ENDBATCHSTEP,etl-control,ETL control,False,direct
Master_Daily_ETL,00_orchestration,27,Microsoft.ExecuteSQLTask,Start Step File Quarantine,,,exec,ETL.USP_STARTBATCHSTEP,etl-control,ETL control,False,direct
Master_Daily_ETL,00_orchestration,28,Microsoft.ExecuteSQLTask,End Step File Quarantine,,,exec,ETL.USP_ENDBATCHSTEP,etl-control,ETL control,False,direct
Master_Daily_ETL,00_orchestration,30,Microsoft.ExecuteSQLTask,Start Step Stage Load,,,exec,ETL.USP_STARTBATCHSTEP,etl-control,ETL control,False,direct
Master_Daily_ETL,00_orchestration,31,Microsoft.ExecuteSQLTask,End Step Stage Load,,,exec,ETL.USP_ENDBATCHSTEP,etl-control,ETL control,False,direct
Master_Daily_ETL,00_orchestration,33,Microsoft.ExecuteSQLTask,Start Step Stage Work Tables,,,exec,ETL.USP_STARTBATCHSTEP,etl-control,ETL control,False,direct
Master_Daily_ETL,00_orchestration,34,Microsoft.ExecuteSQLTask,End Step Stage Work Tables,,,exec,ETL.USP_ENDBATCHSTEP,etl-control,ETL control,False,direct
Master_Daily_ETL,00_orchestration,36,Microsoft.ExecuteSQLTask,Start Step Data Quality,,,exec,ETL.USP_STARTBATCHSTEP,etl-control,ETL control,False,direct
Master_Daily_ETL,00_orchestration,37,Microsoft.ExecuteSQLTask,End Step Data Quality,,,exec,ETL.USP_ENDBATCHSTEP,etl-control,ETL control,False,direct
Master_Daily_ETL,00_orchestration,39,Microsoft.ExecuteSQLTask,Start Step Referential Screen,,,exec,ETL.USP_STARTBATCHSTEP,etl-control,ETL control,False,direct
Master_Daily_ETL,00_orchestration,40,Microsoft.ExecuteSQLTask,End Step Referential Screen,,,exec,ETL.USP_ENDBATCHSTEP,etl-control,ETL control,False,direct
Master_Daily_ETL,00_orchestration,42,Microsoft.ExecuteSQLTask,Start Step Reject Routing,,,exec,ETL.USP_STARTBATCHSTEP,etl-control,ETL control,False,direct
Master_Daily_ETL,00_orchestration,43,Microsoft.ExecuteSQLTask,End Step Reject Routing,,,exec,ETL.USP_ENDBATCHSTEP,etl-control,ETL control,False,direct
Master_Daily_ETL,00_orchestration,45,Microsoft.ExecuteSQLTask,Start Step Referential Rescreen,,,exec,ETL.USP_STARTBATCHSTEP,etl-control,ETL control,False,direct
Master_Daily_ETL,00_orchestration,46,Microsoft.ExecuteSQLTask,End Step Referential Rescreen,,,exec,ETL.USP_ENDBATCHSTEP,etl-control,ETL control,False,direct
Master_Daily_ETL,00_orchestration,48,Microsoft.ExecuteSQLTask,Start Step Reference Refresh,,,exec,ETL.USP_STARTBATCHSTEP,etl-control,ETL control,False,direct
Master_Daily_ETL,00_orchestration,49,Microsoft.ExecuteSQLTask,End Step Reference Refresh,,,exec,ETL.USP_ENDBATCHSTEP,etl-control,ETL control,False,direct
Master_Daily_ETL,00_orchestration,51,Microsoft.ExecuteSQLTask,Start Step Dimensions,,,exec,ETL.USP_STARTBATCHSTEP,etl-control,ETL control,False,direct
Master_Daily_ETL,00_orchestration,52,Microsoft.ExecuteSQLTask,End Step Dimensions,,,exec,ETL.USP_ENDBATCHSTEP,etl-control,ETL control,False,direct
Master_Daily_ETL,00_orchestration,54,Microsoft.ExecuteSQLTask,Start Step Facts,,,exec,ETL.USP_STARTBATCHSTEP,etl-control,ETL control,False,direct
Master_Daily_ETL,00_orchestration,55,Microsoft.ExecuteSQLTask,End Step Facts,,,exec,ETL.USP_ENDBATCHSTEP,etl-control,ETL control,False,direct
Master_Daily_ETL,00_orchestration,57,Microsoft.ExecuteSQLTask,Start Step Aggregates,,,exec,ETL.USP_STARTBATCHSTEP,etl-control,ETL control,False,direct
Master_Daily_ETL,00_orchestration,58,Microsoft.ExecuteSQLTask,End Step Aggregates,,,exec,ETL.USP_ENDBATCHSTEP,etl-control,ETL control,False,direct
Master_Daily_ETL,00_orchestration,60,Microsoft.ExecuteSQLTask,Start Step Sales Mart,,,exec,ETL.USP_STARTBATCHSTEP,etl-control,ETL control,False,direct
Master_Daily_ETL,00_orchestration,61,Microsoft.ExecuteSQLTask,End Step Sales Mart,,,exec,ETL.USP_ENDBATCHSTEP,etl-control,ETL control,False,direct
Master_Daily_ETL,00_orchestration,63,Microsoft.ExecuteSQLTask,Start Step Inventory Mart,,,exec,ETL.USP_STARTBATCHSTEP,etl-control,ETL control,False,direct
Master_Daily_ETL,00_orchestration,64,Microsoft.ExecuteSQLTask,End Step Inventory Mart,,,exec,ETL.USP_ENDBATCHSTEP,etl-control,ETL control,False,direct
Master_Daily_ETL,00_orchestration,66,Microsoft.ExecuteSQLTask,Start Step Procurement Mart,,,exec,ETL.USP_STARTBATCHSTEP,etl-control,ETL control,False,direct
Master_Daily_ETL,00_orchestration,67,Microsoft.ExecuteSQLTask,End Step Procurement Mart,,,exec,ETL.USP_ENDBATCHSTEP,etl-control,ETL control,False,direct
Master_Daily_ETL,00_orchestration,69,Microsoft.ExecuteSQLTask,Start Step Customer 360 Build,,,exec,ETL.USP_STARTBATCHSTEP,etl-control,ETL control,False,direct
Master_Daily_ETL,00_orchestration,70,Microsoft.ExecuteSQLTask,End Step Customer 360 Build,,,exec,ETL.USP_ENDBATCHSTEP,etl-control,ETL control,False,direct
Master_Daily_ETL,00_orchestration,72,Microsoft.ExecuteSQLTask,Start Step Customer 360 Publish,,,exec,ETL.USP_STARTBATCHSTEP,etl-control,ETL control,False,direct
Master_Daily_ETL,00_orchestration,73,Microsoft.ExecuteSQLTask,End Step Customer 360 Publish,,,exec,ETL.USP_ENDBATCHSTEP,etl-control,ETL control,False,direct
Master_Daily_ETL,00_orchestration,75,Microsoft.ExecuteSQLTask,Start Step Publish Reporting Layer,,,exec,ETL.USP_STARTBATCHSTEP,etl-control,ETL control,False,direct
Master_Daily_ETL,00_orchestration,76,Microsoft.ExecuteSQLTask,End Step Publish Reporting Layer,,,exec,ETL.USP_ENDBATCHSTEP,etl-control,ETL control,False,direct
Master_Daily_ETL,00_orchestration,78,Microsoft.ExecuteSQLTask,Start Step Failure Handling,,,exec,ETL.USP_STARTBATCHSTEP,etl-control,ETL control,False,direct
Master_Daily_ETL,00_orchestration,79,Microsoft.ExecuteSQLTask,End Step Failure Handling,,,exec,ETL.USP_ENDBATCHSTEP,etl-control,ETL control,False,direct
Master_Daily_ETL,00_orchestration,80,Microsoft.ExecuteSQLTask,Reconcile Row Counts,,,exec,ETL.USP_ASSERTROWCOUNTRECONCILIATION,etl-control,ETL control,False,direct
Master_Daily_ETL,00_orchestration,81,Microsoft.ExecuteSQLTask,End Batch,,,exec,ETL.USP_ENDBATCH,etl-control,ETL control,False,direct
Master_Daily_ETL,00_orchestration,82,Microsoft.ExecuteSQLTask,Log Master Error,,,exec,ETL.USP_LOGERROR,etl-control,ETL control,False,direct
Master_Daily_ETL,00_orchestration,83,Microsoft.ExecuteSQLTask,Fail Open Batch Step,,,write,ETL.BATCHSTEP,etl-control,ETL control,True,direct
Master_Daily_ETL,00_orchestration,84,Microsoft.ExecuteSQLTask,Mark Batch Failed,,,exec,ETL.USP_ENDBATCH,etl-control,ETL control,False,direct
Master_File_Ingestion,00_orchestration,1,Microsoft.ExecuteSQLTask,Start Batch,,,exec,ETL.USP_STARTBATCH,etl-control,ETL control,False,direct
Master_File_Ingestion,00_orchestration,2,Microsoft.ExecuteSQLTask,Count Expected Files Missing,,,read,ETL.CONFIGURATION,etl-control,ETL control,True,direct
Master_File_Ingestion,00_orchestration,2,Microsoft.ExecuteSQLTask,Count Expected Files Missing,,,read,ETL.PACKAGEEXECUTION,etl-control,ETL control,True,direct
Master_File_Ingestion,00_orchestration,4,Microsoft.ExecuteSQLTask,Start Step Partner Drops,,,exec,ETL.USP_STARTBATCHSTEP,etl-control,ETL control,False,direct
Master_File_Ingestion,00_orchestration,5,Microsoft.ExecuteSQLTask,End Step Partner Drops,,,exec,ETL.USP_ENDBATCHSTEP,etl-control,ETL control,False,direct
Master_File_Ingestion,00_orchestration,7,Microsoft.ExecuteSQLTask,Start Step Carrier And Catalog,,,exec,ETL.USP_STARTBATCHSTEP,etl-control,ETL control,False,direct
Master_File_Ingestion,00_orchestration,8,Microsoft.ExecuteSQLTask,End Step Carrier And Catalog,,,exec,ETL.USP_ENDBATCHSTEP,etl-control,ETL control,False,direct
Master_File_Ingestion,00_orchestration,10,Microsoft.ExecuteSQLTask,Start Step Quarantine,,,exec,ETL.USP_STARTBATCHSTEP,etl-control,ETL control,False,direct
Master_File_Ingestion,00_orchestration,11,Microsoft.ExecuteSQLTask,End Step Quarantine,,,exec,ETL.USP_ENDBATCHSTEP,etl-control,ETL control,False,direct
Master_File_Ingestion,00_orchestration,13,Microsoft.ExecuteSQLTask,Start Step File Screen,,,exec,ETL.USP_STARTBATCHSTEP,etl-control,ETL control,False,direct
Master_File_Ingestion,00_orchestration,14,Microsoft.ExecuteSQLTask,End Step File Screen,,,exec,ETL.USP_ENDBATCHSTEP,etl-control,ETL control,False,direct
Master_File_Ingestion,00_orchestration,16,Microsoft.ExecuteSQLTask,Start Step File Stage,,,exec,ETL.USP_STARTBATCHSTEP,etl-control,ETL control,False,direct
Master_File_Ingestion,00_orchestration,17,Microsoft.ExecuteSQLTask,End Step File Stage,,,exec,ETL.USP_ENDBATCHSTEP,etl-control,ETL control,False,direct
Master_File_Ingestion,00_orchestration,19,Microsoft.ExecuteSQLTask,Start Step Archive Files,,,exec,ETL.USP_STARTBATCHSTEP,etl-control,ETL control,False,direct
Master_File_Ingestion,00_orchestration,20,Microsoft.ExecuteSQLTask,End Step Archive Files,,,exec,ETL.USP_ENDBATCHSTEP,etl-control,ETL control,False,direct
Master_File_Ingestion,00_orchestration,22,Microsoft.ExecuteSQLTask,Start Step Missing File Notice,,,exec,ETL.USP_STARTBATCHSTEP,etl-control,ETL control,False,direct
Master_File_Ingestion,00_orchestration,23,Microsoft.ExecuteSQLTask,End Step Missing File Notice,,,exec,ETL.USP_ENDBATCHSTEP,etl-control,ETL control,False,direct
Master_File_Ingestion,00_orchestration,24,Microsoft.ExecuteSQLTask,End Batch,,,exec,ETL.USP_ENDBATCH,etl-control,ETL control,False,direct
Master_File_Ingestion,00_orchestration,25,Microsoft.ExecuteSQLTask,End Batch With Warnings,,,exec,ETL.USP_ENDBATCH,etl-control,ETL control,False,direct
Master_File_Ingestion,00_orchestration,26,Microsoft.ExecuteSQLTask,Log Master Error,,,exec,ETL.USP_LOGERROR,etl-control,ETL control,False,direct
Master_File_Ingestion,00_orchestration,27,Microsoft.ExecuteSQLTask,Fail Open Batch Step,,,write,ETL.BATCHSTEP,etl-control,ETL control,True,direct
Master_File_Ingestion,00_orchestration,28,Microsoft.ExecuteSQLTask,Mark Batch Failed,,,exec,ETL.USP_ENDBATCH,etl-control,ETL control,False,direct
Master_Finance_Close,00_orchestration,1,Microsoft.ExecuteSQLTask,Start Batch,,,exec,ETL.USP_STARTBATCH,etl-control,ETL control,False,direct
Master_Finance_Close,00_orchestration,2,Microsoft.ExecuteSQLTask,Read Period Status,,,read,ETL.CONFIGURATION,etl-control,ETL control,True,direct
Master_Finance_Close,00_orchestration,4,Microsoft.ExecuteSQLTask,Start Step Subledger Loads,,,exec,ETL.USP_STARTBATCHSTEP,etl-control,ETL control,False,direct
Master_Finance_Close,00_orchestration,5,Microsoft.ExecuteSQLTask,End Step Subledger Loads,,,exec,ETL.USP_ENDBATCHSTEP,etl-control,ETL control,False,direct
Master_Finance_Close,00_orchestration,7,Microsoft.ExecuteSQLTask,Start Step FX Revaluation,,,exec,ETL.USP_STARTBATCHSTEP,etl-control,ETL control,False,direct
Master_Finance_Close,00_orchestration,8,Microsoft.ExecuteSQLTask,End Step FX Revaluation,,,exec,ETL.USP_ENDBATCHSTEP,etl-control,ETL control,False,direct
Master_Finance_Close,00_orchestration,10,Microsoft.ExecuteSQLTask,Start Step General Ledger,,,exec,ETL.USP_STARTBATCHSTEP,etl-control,ETL control,False,direct
Master_Finance_Close,00_orchestration,11,Microsoft.ExecuteSQLTask,End Step General Ledger,,,exec,ETL.USP_ENDBATCHSTEP,etl-control,ETL control,False,direct
Master_Finance_Close,00_orchestration,13,Microsoft.ExecuteSQLTask,Start Step Subledger Tie Out,,,exec,ETL.USP_STARTBATCHSTEP,etl-control,ETL control,False,direct
Master_Finance_Close,00_orchestration,14,Microsoft.ExecuteSQLTask,End Step Subledger Tie Out,,,exec,ETL.USP_ENDBATCHSTEP,etl-control,ETL control,False,direct
Master_Finance_Close,00_orchestration,15,Microsoft.ExecuteSQLTask,Start Step Close Aggregates,,,exec,ETL.USP_STARTBATCHSTEP,etl-control,ETL control,False,direct
Master_Finance_Close,00_orchestration,16,Microsoft.ExecuteSQLTask,End Step Close Aggregates,,,exec,ETL.USP_ENDBATCHSTEP,etl-control,ETL control,False,direct
Master_Finance_Close,00_orchestration,17,Microsoft.ExecuteSQLTask,Start Step Period Lock,,,exec,ETL.USP_STARTBATCHSTEP,etl-control,ETL control,False,direct
Master_Finance_Close,00_orchestration,18,Microsoft.ExecuteSQLTask,End Step Period Lock,,,exec,ETL.USP_ENDBATCHSTEP,etl-control,ETL control,False,direct
Master_Finance_Close,00_orchestration,19,Microsoft.ExecuteSQLTask,Start Step Close Escalation,,,exec,ETL.USP_STARTBATCHSTEP,etl-control,ETL control,False,direct
Master_Finance_Close,00_orchestration,20,Microsoft.ExecuteSQLTask,End Step Close Escalation,,,exec,ETL.USP_ENDBATCHSTEP,etl-control,ETL control,False,direct
Master_Finance_Close,00_orchestration,21,Microsoft.ExecuteSQLTask,Read Subledger Variance,,,read,ETL.PACKAGEEXECUTION,etl-control,ETL control,True,direct
Master_Finance_Close,00_orchestration,21,Microsoft.ExecuteSQLTask,Read Subledger Variance,,,read,ETL.ROWCOUNTAUDIT,etl-control,ETL control,True,direct
Master_Finance_Close,00_orchestration,25,Microsoft.ExecuteSQLTask,Reconcile Row Counts,,,exec,ETL.USP_ASSERTROWCOUNTRECONCILIATION,etl-control,ETL control,False,direct
Master_Finance_Close,00_orchestration,26,Microsoft.ExecuteSQLTask,End Batch,,,exec,ETL.USP_ENDBATCH,etl-control,ETL control,False,direct
Master_Finance_Close,00_orchestration,27,Microsoft.ExecuteSQLTask,End Batch With Warnings,,,exec,ETL.USP_ENDBATCH,etl-control,ETL control,False,direct
Master_Finance_Close,00_orchestration,28,Microsoft.ExecuteSQLTask,Log Master Error,,,exec,ETL.USP_LOGERROR,etl-control,ETL control,False,direct
Master_Finance_Close,00_orchestration,29,Microsoft.ExecuteSQLTask,Fail Open Batch Step,,,write,ETL.BATCHSTEP,etl-control,ETL control,True,direct
Master_Finance_Close,00_orchestration,30,Microsoft.ExecuteSQLTask,Mark Batch Failed,,,exec,ETL.USP_ENDBATCH,etl-control,ETL control,False,direct
Master_Hourly_Incremental,00_orchestration,1,Microsoft.ExecuteSQLTask,Check Nightly Batch,,,read,ETL.BATCH,etl-control,ETL control,True,direct
Master_Hourly_Incremental,00_orchestration,2,Microsoft.ExecuteSQLTask,Start Batch,,,exec,ETL.USP_STARTBATCH,etl-control,ETL control,False,direct
Master_Hourly_Incremental,00_orchestration,4,Microsoft.ExecuteSQLTask,Start Step Incremental Extract,,,exec,ETL.USP_STARTBATCHSTEP,etl-control,ETL control,False,direct
Master_Hourly_Incremental,00_orchestration,5,Microsoft.ExecuteSQLTask,End Step Incremental Extract,,,exec,ETL.USP_ENDBATCHSTEP,etl-control,ETL control,False,direct
Master_Hourly_Incremental,00_orchestration,6,Microsoft.ExecuteSQLTask,Start Step Incremental Extract Retry,,,exec,ETL.USP_STARTBATCHSTEP,etl-control,ETL control,False,direct
Master_Hourly_Incremental,00_orchestration,7,Microsoft.ExecuteSQLTask,End Step Incremental Extract Retry,,,exec,ETL.USP_ENDBATCHSTEP,etl-control,ETL control,False,direct
Master_Hourly_Incremental,00_orchestration,11,Microsoft.ExecuteSQLTask,Start Step Incremental Stage,,,exec,ETL.USP_STARTBATCHSTEP,etl-control,ETL control,False,direct
Master_Hourly_Incremental,00_orchestration,12,Microsoft.ExecuteSQLTask,End Step Incremental Stage,,,exec,ETL.USP_ENDBATCHSTEP,etl-control,ETL control,False,direct
Master_Hourly_Incremental,00_orchestration,14,Microsoft.ExecuteSQLTask,Start Step Intraday Screen,,,exec,ETL.USP_STARTBATCHSTEP,etl-control,ETL control,False,direct
Master_Hourly_Incremental,00_orchestration,15,Microsoft.ExecuteSQLTask,End Step Intraday Screen,,,exec,ETL.USP_ENDBATCHSTEP,etl-control,ETL control,False,direct
Master_Hourly_Incremental,00_orchestration,17,Microsoft.ExecuteSQLTask,Start Step Intraday Facts,,,exec,ETL.USP_STARTBATCHSTEP,etl-control,ETL control,False,direct
Master_Hourly_Incremental,00_orchestration,18,Microsoft.ExecuteSQLTask,End Step Intraday Facts,,,exec,ETL.USP_ENDBATCHSTEP,etl-control,ETL control,False,direct
Master_Hourly_Incremental,00_orchestration,20,Microsoft.ExecuteSQLTask,Start Step Intraday Aggregate,,,exec,ETL.USP_STARTBATCHSTEP,etl-control,ETL control,False,direct
Master_Hourly_Incremental,00_orchestration,21,Microsoft.ExecuteSQLTask,End Step Intraday Aggregate,,,exec,ETL.USP_ENDBATCHSTEP,etl-control,ETL control,False,direct
Master_Hourly_Incremental,00_orchestration,23,Microsoft.ExecuteSQLTask,Start Step Intraday Failure Notice,,,exec,ETL.USP_STARTBATCHSTEP,etl-control,ETL control,False,direct
Master_Hourly_Incremental,00_orchestration,24,Microsoft.ExecuteSQLTask,End Step Intraday Failure Notice,,,exec,ETL.USP_ENDBATCHSTEP,etl-control,ETL control,False,direct
Master_Hourly_Incremental,00_orchestration,25,Microsoft.ExecuteSQLTask,End Batch,,,exec,ETL.USP_ENDBATCH,etl-control,ETL control,False,direct
Master_Hourly_Incremental,00_orchestration,26,Microsoft.ExecuteSQLTask,Log Stand Down,,,exec,ETL.USP_LOGERROR,etl-control,ETL control,False,direct
Master_Hourly_Incremental,00_orchestration,27,Microsoft.ExecuteSQLTask,Log Master Error,,,exec,ETL.USP_LOGERROR,etl-control,ETL control,False,direct
Master_Hourly_Incremental,00_orchestration,28,Microsoft.ExecuteSQLTask,Fail Open Batch Step,,,write,ETL.BATCHSTEP,etl-control,ETL control,True,direct
Master_Hourly_Incremental,00_orchestration,29,Microsoft.ExecuteSQLTask,Mark Batch Failed,,,exec,ETL.USP_ENDBATCH,etl-control,ETL control,False,direct
Master_Intraday_Inventory,00_orchestration,1,Microsoft.ExecuteSQLTask,Start Batch,,,exec,ETL.USP_STARTBATCH,etl-control,ETL control,False,direct
Master_Intraday_Inventory,00_orchestration,3,Microsoft.ExecuteSQLTask,Start Step Inventory Extract,,,exec,ETL.USP_STARTBATCHSTEP,etl-control,ETL control,False,direct
Master_Intraday_Inventory,00_orchestration,4,Microsoft.ExecuteSQLTask,End Step Inventory Extract,,,exec,ETL.USP_ENDBATCHSTEP,etl-control,ETL control,False,direct
Master_Intraday_Inventory,00_orchestration,5,Microsoft.ExecuteSQLTask,Start Step Inventory Extract Retry,,,exec,ETL.USP_STARTBATCHSTEP,etl-control,ETL control,False,direct
Master_Intraday_Inventory,00_orchestration,6,Microsoft.ExecuteSQLTask,End Step Inventory Extract Retry,,,exec,ETL.USP_ENDBATCHSTEP,etl-control,ETL control,False,direct
Master_Intraday_Inventory,00_orchestration,10,Microsoft.ExecuteSQLTask,Start Step Inventory Stage,,,exec,ETL.USP_STARTBATCHSTEP,etl-control,ETL control,False,direct
Master_Intraday_Inventory,00_orchestration,11,Microsoft.ExecuteSQLTask,End Step Inventory Stage,,,exec,ETL.USP_ENDBATCHSTEP,etl-control,ETL control,False,direct
Master_Intraday_Inventory,00_orchestration,13,Microsoft.ExecuteSQLTask,Start Step Inventory Facts,,,exec,ETL.USP_STARTBATCHSTEP,etl-control,ETL control,False,direct
Master_Intraday_Inventory,00_orchestration,14,Microsoft.ExecuteSQLTask,End Step Inventory Facts,,,exec,ETL.USP_ENDBATCHSTEP,etl-control,ETL control,False,direct
Master_Intraday_Inventory,00_orchestration,16,Microsoft.ExecuteSQLTask,Start Step Inventory Marts,,,exec,ETL.USP_STARTBATCHSTEP,etl-control,ETL control,False,direct
Master_Intraday_Inventory,00_orchestration,17,Microsoft.ExecuteSQLTask,End Step Inventory Marts,,,exec,ETL.USP_ENDBATCHSTEP,etl-control,ETL control,False,direct
Master_Intraday_Inventory,00_orchestration,18,Microsoft.ExecuteSQLTask,Start Step Replenishment,,,exec,ETL.USP_STARTBATCHSTEP,etl-control,ETL control,False,direct
Master_Intraday_Inventory,00_orchestration,19,Microsoft.ExecuteSQLTask,End Step Replenishment,,,exec,ETL.USP_ENDBATCHSTEP,etl-control,ETL control,False,direct
Master_Intraday_Inventory,00_orchestration,20,Microsoft.ExecuteSQLTask,Start Step Inventory Health,,,exec,ETL.USP_STARTBATCHSTEP,etl-control,ETL control,False,direct
Master_Intraday_Inventory,00_orchestration,21,Microsoft.ExecuteSQLTask,End Step Inventory Health,,,exec,ETL.USP_ENDBATCHSTEP,etl-control,ETL control,False,direct
Master_Intraday_Inventory,00_orchestration,22,Microsoft.ExecuteSQLTask,Start Step On Hand Variance Escalation,,,exec,ETL.USP_STARTBATCHSTEP,etl-control,ETL control,False,direct
Master_Intraday_Inventory,00_orchestration,23,Microsoft.ExecuteSQLTask,End Step On Hand Variance Escalation,,,exec,ETL.USP_ENDBATCHSTEP,etl-control,ETL control,False,direct
Master_Intraday_Inventory,00_orchestration,24,Microsoft.ExecuteSQLTask,Read On Hand Variance,,,read,ETL.PACKAGEEXECUTION,etl-control,ETL control,True,direct
Master_Intraday_Inventory,00_orchestration,24,Microsoft.ExecuteSQLTask,Read On Hand Variance,,,read,ETL.ROWCOUNTAUDIT,etl-control,ETL control,True,direct
Master_Intraday_Inventory,00_orchestration,28,Microsoft.ExecuteSQLTask,End Batch,,,exec,ETL.USP_ENDBATCH,etl-control,ETL control,False,direct
Master_Intraday_Inventory,00_orchestration,29,Microsoft.ExecuteSQLTask,Log Master Error,,,exec,ETL.USP_LOGERROR,etl-control,ETL control,False,direct
Master_Intraday_Inventory,00_orchestration,30,Microsoft.ExecuteSQLTask,Fail Open Batch Step,,,write,ETL.BATCHSTEP,etl-control,ETL control,True,direct
Master_Intraday_Inventory,00_orchestration,31,Microsoft.ExecuteSQLTask,Mark Batch Failed,,,exec,ETL.USP_ENDBATCH,etl-control,ETL control,False,direct
Master_Month_End,00_orchestration,1,Microsoft.ExecuteSQLTask,Start Batch,,,exec,ETL.USP_STARTBATCH,etl-control,ETL control,False,direct
Master_Month_End,00_orchestration,2,Microsoft.ExecuteSQLTask,Count Pending Corrections,,,read,ETL.REJECTEDRECORD,etl-control,ETL control,True,direct
Master_Month_End,00_orchestration,4,Microsoft.ExecuteSQLTask,Start Step Fact Corrections,,,exec,ETL.USP_STARTBATCHSTEP,etl-control,ETL control,False,direct
Master_Month_End,00_orchestration,5,Microsoft.ExecuteSQLTask,End Step Fact Corrections,,,exec,ETL.USP_ENDBATCHSTEP,etl-control,ETL control,False,direct
Master_Month_End,00_orchestration,7,Microsoft.ExecuteSQLTask,Start Step Sales Aggregates,,,exec,ETL.USP_STARTBATCHSTEP,etl-control,ETL control,False,direct
Master_Month_End,00_orchestration,8,Microsoft.ExecuteSQLTask,End Step Sales Aggregates,,,exec,ETL.USP_ENDBATCHSTEP,etl-control,ETL control,False,direct
Master_Month_End,00_orchestration,10,Microsoft.ExecuteSQLTask,Start Step Operations Aggregates,,,exec,ETL.USP_STARTBATCHSTEP,etl-control,ETL control,False,direct
Master_Month_End,00_orchestration,11,Microsoft.ExecuteSQLTask,End Step Operations Aggregates,,,exec,ETL.USP_ENDBATCHSTEP,etl-control,ETL control,False,direct
Master_Month_End,00_orchestration,13,Microsoft.ExecuteSQLTask,Start Step Finance Aggregates,,,exec,ETL.USP_STARTBATCHSTEP,etl-control,ETL control,False,direct
Master_Month_End,00_orchestration,14,Microsoft.ExecuteSQLTask,End Step Finance Aggregates,,,exec,ETL.USP_ENDBATCHSTEP,etl-control,ETL control,False,direct
Master_Month_End,00_orchestration,16,Microsoft.ExecuteSQLTask,Start Step Customer Aggregates,,,exec,ETL.USP_STARTBATCHSTEP,etl-control,ETL control,False,direct
Master_Month_End,00_orchestration,17,Microsoft.ExecuteSQLTask,End Step Customer Aggregates,,,exec,ETL.USP_ENDBATCHSTEP,etl-control,ETL control,False,direct
Master_Month_End,00_orchestration,19,Microsoft.ExecuteSQLTask,Start Step Customer Mart Refresh,,,exec,ETL.USP_STARTBATCHSTEP,etl-control,ETL control,False,direct
Master_Month_End,00_orchestration,20,Microsoft.ExecuteSQLTask,End Step Customer Mart Refresh,,,exec,ETL.USP_ENDBATCHSTEP,etl-control,ETL control,False,direct
Master_Month_End,00_orchestration,22,Microsoft.ExecuteSQLTask,Start Step Customer Segment Publish,,,exec,ETL.USP_STARTBATCHSTEP,etl-control,ETL control,False,direct
Master_Month_End,00_orchestration,23,Microsoft.ExecuteSQLTask,End Step Customer Segment Publish,,,exec,ETL.USP_ENDBATCHSTEP,etl-control,ETL control,False,direct
Master_Month_End,00_orchestration,25,Microsoft.ExecuteSQLTask,Start Step Month End Housekeeping,,,exec,ETL.USP_STARTBATCHSTEP,etl-control,ETL control,False,direct
Master_Month_End,00_orchestration,26,Microsoft.ExecuteSQLTask,End Step Month End Housekeeping,,,exec,ETL.USP_ENDBATCHSTEP,etl-control,ETL control,False,direct
Master_Month_End,00_orchestration,28,Microsoft.ExecuteSQLTask,Start Step Month End Escalation,,,exec,ETL.USP_STARTBATCHSTEP,etl-control,ETL control,False,direct
Master_Month_End,00_orchestration,29,Microsoft.ExecuteSQLTask,End Step Month End Escalation,,,exec,ETL.USP_ENDBATCHSTEP,etl-control,ETL control,False,direct
Master_Month_End,00_orchestration,30,Microsoft.ExecuteSQLTask,Reconcile Row Counts,,,exec,ETL.USP_ASSERTROWCOUNTRECONCILIATION,etl-control,ETL control,False,direct
Master_Month_End,00_orchestration,31,Microsoft.ExecuteSQLTask,End Batch,,,exec,ETL.USP_ENDBATCH,etl-control,ETL control,False,direct
Master_Month_End,00_orchestration,32,Microsoft.ExecuteSQLTask,Log Master Error,,,exec,ETL.USP_LOGERROR,etl-control,ETL control,False,direct
Master_Month_End,00_orchestration,33,Microsoft.ExecuteSQLTask,Fail Open Batch Step,,,write,ETL.BATCHSTEP,etl-control,ETL control,True,direct
Master_Month_End,00_orchestration,34,Microsoft.ExecuteSQLTask,Mark Batch Failed,,,exec,ETL.USP_ENDBATCH,etl-control,ETL control,False,direct
Master_Weekly_Maintenance,00_orchestration,1,Microsoft.ExecuteSQLTask,Start Batch,,,exec,ETL.USP_STARTBATCH,etl-control,ETL control,False,direct
Master_Weekly_Maintenance,00_orchestration,3,Microsoft.ExecuteSQLTask,Start Step Pre Flight,,,exec,ETL.USP_STARTBATCHSTEP,etl-control,ETL control,False,direct
Master_Weekly_Maintenance,00_orchestration,4,Microsoft.ExecuteSQLTask,End Step Pre Flight,,,exec,ETL.USP_ENDBATCHSTEP,etl-control,ETL control,False,direct
Master_Weekly_Maintenance,00_orchestration,6,Microsoft.ExecuteSQLTask,Start Step Purge,,,exec,ETL.USP_STARTBATCHSTEP,etl-control,ETL control,False,direct
Master_Weekly_Maintenance,00_orchestration,7,Microsoft.ExecuteSQLTask,End Step Purge,,,exec,ETL.USP_ENDBATCHSTEP,etl-control,ETL control,False,direct
Master_Weekly_Maintenance,00_orchestration,9,Microsoft.ExecuteSQLTask,Start Step Index Maintenance,,,exec,ETL.USP_STARTBATCHSTEP,etl-control,ETL control,False,direct
Master_Weekly_Maintenance,00_orchestration,10,Microsoft.ExecuteSQLTask,End Step Index Maintenance,,,exec,ETL.USP_ENDBATCHSTEP,etl-control,ETL control,False,direct
Master_Weekly_Maintenance,00_orchestration,12,Microsoft.ExecuteSQLTask,Start Step Statistics,,,exec,ETL.USP_STARTBATCHSTEP,etl-control,ETL control,False,direct
Master_Weekly_Maintenance,00_orchestration,13,Microsoft.ExecuteSQLTask,End Step Statistics,,,exec,ETL.USP_ENDBATCHSTEP,etl-control,ETL control,False,direct
Master_Weekly_Maintenance,00_orchestration,15,Microsoft.ExecuteSQLTask,Start Step Archive,,,exec,ETL.USP_STARTBATCHSTEP,etl-control,ETL control,False,direct
Master_Weekly_Maintenance,00_orchestration,16,Microsoft.ExecuteSQLTask,End Step Archive,,,exec,ETL.USP_ENDBATCHSTEP,etl-control,ETL control,False,direct
Master_Weekly_Maintenance,00_orchestration,18,Microsoft.ExecuteSQLTask,Start Step Reject Housekeeping,,,exec,ETL.USP_STARTBATCHSTEP,etl-control,ETL control,False,direct
Master_Weekly_Maintenance,00_orchestration,19,Microsoft.ExecuteSQLTask,End Step Reject Housekeeping,,,exec,ETL.USP_ENDBATCHSTEP,etl-control,ETL control,False,direct
Master_Weekly_Maintenance,00_orchestration,21,Microsoft.ExecuteSQLTask,Start Step Maintenance Notice,,,exec,ETL.USP_STARTBATCHSTEP,etl-control,ETL control,False,direct
Master_Weekly_Maintenance,00_orchestration,22,Microsoft.ExecuteSQLTask,End Step Maintenance Notice,,,exec,ETL.USP_ENDBATCHSTEP,etl-control,ETL control,False,direct
Master_Weekly_Maintenance,00_orchestration,23,Microsoft.ExecuteSQLTask,End Batch,,,exec,ETL.USP_ENDBATCH,etl-control,ETL control,False,direct
Master_Weekly_Maintenance,00_orchestration,24,Microsoft.ExecuteSQLTask,Log Master Error,,,exec,ETL.USP_LOGERROR,etl-control,ETL control,False,direct
Master_Weekly_Maintenance,00_orchestration,25,Microsoft.ExecuteSQLTask,Fail Open Batch Step,,,write,ETL.BATCHSTEP,etl-control,ETL control,True,direct
Master_Weekly_Maintenance,00_orchestration,26,Microsoft.ExecuteSQLTask,Mark Batch Failed,,,exec,ETL.USP_ENDBATCH,etl-control,ETL control,False,direct
Master_Weekly_Reference_Load,00_orchestration,1,Microsoft.ExecuteSQLTask,Start Batch,,,exec,ETL.USP_STARTBATCH,etl-control,ETL control,False,direct
Master_Weekly_Reference_Load,00_orchestration,4,Microsoft.ExecuteSQLTask,Start Step Geography And Sites,,,exec,ETL.USP_STARTBATCHSTEP,etl-control,ETL control,False,direct
Master_Weekly_Reference_Load,00_orchestration,5,Microsoft.ExecuteSQLTask,End Step Geography And Sites,,,exec,ETL.USP_ENDBATCHSTEP,etl-control,ETL control,False,direct
Master_Weekly_Reference_Load,00_orchestration,7,Microsoft.ExecuteSQLTask,Start Step Currency And Terms,,,exec,ETL.USP_STARTBATCHSTEP,etl-control,ETL control,False,direct
Master_Weekly_Reference_Load,00_orchestration,8,Microsoft.ExecuteSQLTask,End Step Currency And Terms,,,exec,ETL.USP_ENDBATCHSTEP,etl-control,ETL control,False,direct
Master_Weekly_Reference_Load,00_orchestration,10,Microsoft.ExecuteSQLTask,Start Step Commercial Codes,,,exec,ETL.USP_STARTBATCHSTEP,etl-control,ETL control,False,direct
Master_Weekly_Reference_Load,00_orchestration,11,Microsoft.ExecuteSQLTask,End Step Commercial Codes,,,exec,ETL.USP_ENDBATCHSTEP,etl-control,ETL control,False,direct
Master_Weekly_Reference_Load,00_orchestration,13,Microsoft.ExecuteSQLTask,Start Step Calendar,,,exec,ETL.USP_STARTBATCHSTEP,etl-control,ETL control,False,direct
Master_Weekly_Reference_Load,00_orchestration,14,Microsoft.ExecuteSQLTask,End Step Calendar,,,exec,ETL.USP_ENDBATCHSTEP,etl-control,ETL control,False,direct
Master_Weekly_Reference_Load,00_orchestration,16,Microsoft.ExecuteSQLTask,Start Step Code Translation,,,exec,ETL.USP_STARTBATCHSTEP,etl-control,ETL control,False,direct
Master_Weekly_Reference_Load,00_orchestration,17,Microsoft.ExecuteSQLTask,End Step Code Translation,,,exec,ETL.USP_ENDBATCHSTEP,etl-control,ETL control,False,direct
Master_Weekly_Reference_Load,00_orchestration,18,Microsoft.ExecuteSQLTask,Start Step Late Arriving Rekey,,,exec,ETL.USP_STARTBATCHSTEP,etl-control,ETL control,False,direct
Master_Weekly_Reference_Load,00_orchestration,19,Microsoft.ExecuteSQLTask,End Step Late Arriving Rekey,,,exec,ETL.USP_ENDBATCHSTEP,etl-control,ETL control,False,direct
Master_Weekly_Reference_Load,00_orchestration,20,Microsoft.ExecuteSQLTask,Start Step Unmapped Code Escalation,,,exec,ETL.USP_STARTBATCHSTEP,etl-control,ETL control,False,direct
Master_Weekly_Reference_Load,00_orchestration,21,Microsoft.ExecuteSQLTask,End Step Unmapped Code Escalation,,,exec,ETL.USP_ENDBATCHSTEP,etl-control,ETL control,False,direct
Master_Weekly_Reference_Load,00_orchestration,22,Microsoft.ExecuteSQLTask,Count Unmapped Codes,,,read,ETL.REJECTEDRECORD,etl-control,ETL control,True,direct
Master_Weekly_Reference_Load,00_orchestration,25,Microsoft.ExecuteSQLTask,End Batch,,,exec,ETL.USP_ENDBATCH,etl-control,ETL control,False,direct
Master_Weekly_Reference_Load,00_orchestration,26,Microsoft.ExecuteSQLTask,End Batch With Warnings,,,exec,ETL.USP_ENDBATCH,etl-control,ETL control,False,direct
Master_Weekly_Reference_Load,00_orchestration,27,Microsoft.ExecuteSQLTask,Log Master Error,,,exec,ETL.USP_LOGERROR,etl-control,ETL control,False,direct
Master_Weekly_Reference_Load,00_orchestration,28,Microsoft.ExecuteSQLTask,Fail Open Batch Step,,,write,ETL.BATCHSTEP,etl-control,ETL control,True,direct
Master_Weekly_Reference_Load,00_orchestration,29,Microsoft.ExecuteSQLTask,Mark Batch Failed,,,exec,ETL.USP_ENDBATCH,etl-control,ETL control,False,direct
PRC_Export_SupplierStatement,13_procurement,1,Microsoft.ExecuteSQLTask,Log Package Start,,,exec,ETL.USP_LOGPACKAGESTART,etl-control,ETL control,False,direct
PRC_Export_SupplierStatement,13_procurement,2,Microsoft.ExecuteSQLTask,Truncate work_SupplierStatementLine,,,write,WORK.SUPPLIERSTATEMENTLINE,staging-work,SQL Server Staging,False,direct
PRC_Export_SupplierStatement,13_procurement,3,Microsoft.ExecuteSQLTask,Build Statement Lines,,,read,DIMENSION.SUPPLIER,dw-dimension,SQL Server DW,True,direct
PRC_Export_SupplierStatement,13_procurement,3,Microsoft.ExecuteSQLTask,Build Statement Lines,,,read,FACT.SUPPLIER TRANSACTION,dw-fact,SQL Server DW,True,direct
PRC_Export_SupplierStatement,13_procurement,3,Microsoft.ExecuteSQLTask,Build Statement Lines,,,write,WORK.SUPPLIERSTATEMENTLINE,staging-work,SQL Server Staging,False,direct
PRC_Export_SupplierStatement,13_procurement,4,Microsoft.ExecuteSQLTask,Compute Statement Balances,,,read,WORK.SUPPLIERSTATEMENTLINE,staging-work,SQL Server Staging,False,direct
PRC_Export_SupplierStatement,13_procurement,4,Microsoft.ExecuteSQLTask,Compute Statement Balances,,,write,WORK.SUPPLIERSTATEMENTLINE,staging-work,SQL Server Staging,False,direct
PRC_Export_SupplierStatement,13_procurement,6,Microsoft.Pipeline,Write Supplier Statement,work SupplierStatementLine,WWI_Staging_DB,read,WORK.SUPPLIERSTATEMENTLINE,staging-work,SQL Server Staging,False,direct
PRC_Export_SupplierStatement,13_procurement,6,Microsoft.Pipeline,Write Supplier Statement,work SupplierStatementArchive,WWI_Staging_DB,write,WORK.SUPPLIERSTATEMENTARCHIVE,staging-work,SQL Server Staging,False,direct
PRC_Export_SupplierStatement,13_procurement,7,Microsoft.ExecuteSQLTask,Count Statements,,,read,WORK.SUPPLIERSTATEMENTLINE,staging-work,SQL Server Staging,False,direct
PRC_Export_SupplierStatement,13_procurement,8,Microsoft.ExecuteSQLTask,Log Row Counts,,,exec,ETL.USP_LOGROWCOUNT,etl-control,ETL control,False,direct
PRC_Export_SupplierStatement,13_procurement,9,Microsoft.ExecuteSQLTask,Log Package Success,,,exec,ETL.USP_LOGPACKAGEEND,etl-control,ETL control,False,direct
PRC_Export_SupplierStatement,13_procurement,10,Microsoft.ExecuteSQLTask,Log Error,,,exec,ETL.USP_LOGERROR,etl-control,ETL control,False,direct
PRC_Export_SupplierStatement,13_procurement,11,Microsoft.ExecuteSQLTask,Mark Execution Failed,,,exec,ETL.USP_LOGPACKAGEEND,etl-control,ETL control,False,direct
PRC_Load_ContractCompliance,13_procurement,1,Microsoft.ExecuteSQLTask,Log Package Start,,,exec,ETL.USP_LOGPACKAGESTART,etl-control,ETL control,False,direct
PRC_Load_ContractCompliance,13_procurement,2,Microsoft.ExecuteSQLTask,Truncate work_ContractCompliance,,,write,WORK.CONTRACTCOMPLIANCE,staging-work,SQL Server Staging,False,direct
PRC_Load_ContractCompliance,13_procurement,3,Microsoft.ExecuteSQLTask,Evaluate Contract Compliance,,,read,STG.PURCHASEORDERHEADER,staging-stg,SQL Server Staging,False,direct
PRC_Load_ContractCompliance,13_procurement,3,Microsoft.ExecuteSQLTask,Evaluate Contract Compliance,,,read,STG.PURCHASEORDERLINE,staging-stg,SQL Server Staging,True,direct
PRC_Load_ContractCompliance,13_procurement,3,Microsoft.ExecuteSQLTask,Evaluate Contract Compliance,,,read,STG.VENDORCONTRACT,staging-stg,SQL Server Staging,True,direct
PRC_Load_ContractCompliance,13_procurement,3,Microsoft.ExecuteSQLTask,Evaluate Contract Compliance,,,write,WORK.CONTRACTCOMPLIANCE,staging-work,SQL Server Staging,False,direct
PRC_Load_ContractCompliance,13_procurement,4,Microsoft.ExecuteSQLTask,Measure Leakage,,,read,WORK.CONTRACTCOMPLIANCE,staging-work,SQL Server Staging,False,direct
PRC_Load_ContractCompliance,13_procurement,5,Microsoft.ExecuteSQLTask,Publish Compliance To Scorecard,,,read,AGGREGATE.SUPPLIER PERFORMANCE,dw-aggregate,SQL Server DW,True,direct
PRC_Load_ContractCompliance,13_procurement,5,Microsoft.ExecuteSQLTask,Publish Compliance To Scorecard,,,read,WORK.CONTRACTCOMPLIANCE,staging-work,SQL Server Staging,False,direct
PRC_Load_ContractCompliance,13_procurement,5,Microsoft.ExecuteSQLTask,Publish Compliance To Scorecard,,,write,AGGREGATE.SUPPLIER PERFORMANCE,dw-aggregate,SQL Server DW,True,direct
PRC_Load_ContractCompliance,13_procurement,6,Microsoft.ExecuteSQLTask,Raise Non Compliant Lines,,,read,WORK.CONTRACTCOMPLIANCE,staging-work,SQL Server Staging,False,direct
PRC_Load_ContractCompliance,13_procurement,6,Microsoft.ExecuteSQLTask,Raise Non Compliant Lines,,,write,ETL.REJECTEDRECORD,etl-control,ETL control,True,direct
PRC_Load_ContractCompliance,13_procurement,7,Microsoft.ExecuteSQLTask,Log Row Counts,,,exec,ETL.USP_LOGROWCOUNT,etl-control,ETL control,False,direct
PRC_Load_ContractCompliance,13_procurement,8,Microsoft.ExecuteSQLTask,Log Package Success,,,exec,ETL.USP_LOGPACKAGEEND,etl-control,ETL control,False,direct
PRC_Load_ContractCompliance,13_procurement,9,Microsoft.ExecuteSQLTask,Log Error,,,exec,ETL.USP_LOGERROR,etl-control,ETL control,False,direct
PRC_Load_ContractCompliance,13_procurement,10,Microsoft.ExecuteSQLTask,Mark Execution Failed,,,exec,ETL.USP_LOGPACKAGEEND,etl-control,ETL control,False,direct
PRC_Load_PurchaseSpend,13_procurement,1,Microsoft.ExecuteSQLTask,Log Package Start,,,exec,ETL.USP_LOGPACKAGESTART,etl-control,ETL control,False,direct
PRC_Load_PurchaseSpend,13_procurement,2,Microsoft.ExecuteSQLTask,Truncate work_PurchaseSpendLine,,,write,WORK.PURCHASESPENDLINE,staging-work,SQL Server Staging,False,direct
PRC_Load_PurchaseSpend,13_procurement,3,Microsoft.Pipeline,Load Purchase Spend,stg PurchaseOrderLine,WWI_Staging_DB,read,STG.PURCHASEORDERHEADER,staging-stg,SQL Server Staging,False,direct
PRC_Load_PurchaseSpend,13_procurement,3,Microsoft.Pipeline,Load Purchase Spend,stg PurchaseOrderLine,WWI_Staging_DB,read,STG.PURCHASEORDERLINE,staging-stg,SQL Server Staging,True,direct
PRC_Load_PurchaseSpend,13_procurement,3,Microsoft.Pipeline,Load Purchase Spend,stg PurchaseOrderLine,WWI_Staging_DB,read,STG.VENDORCONTRACT,staging-stg,SQL Server Staging,True,direct
PRC_Load_PurchaseSpend,13_procurement,3,Microsoft.Pipeline,Load Purchase Spend,Lookup Supplier Key,WWI_DW_Destination_DB,read,DIMENSION.SUPPLIER,dw-dimension,SQL Server DW,True,direct
PRC_Load_PurchaseSpend,13_procurement,3,Microsoft.Pipeline,Load Purchase Spend,Lookup Supplier Key,WWI_DW_Destination_DB,lookup,DIMENSION.SUPPLIER,dw-dimension,SQL Server DW,True,direct
PRC_Load_PurchaseSpend,13_procurement,3,Microsoft.Pipeline,Load Purchase Spend,Reject Unknown Suppliers,WWI_Staging_DB,write,ERR.PURCHASESPENDREJECT,staging-err,SQL Server Staging,False,direct
PRC_Load_PurchaseSpend,13_procurement,3,Microsoft.Pipeline,Load Purchase Spend,work PurchaseSpendLine,WWI_Staging_DB,write,WORK.PURCHASESPENDLINE,staging-work,SQL Server Staging,False,direct
PRC_Load_PurchaseSpend,13_procurement,4,Microsoft.ExecuteSQLTask,Post Purchase Fact,,,exec,INTEGRATION.USP_POSTPURCHASESPEND,dw-integration,SQL Server DW,False,direct
PRC_Load_PurchaseSpend,13_procurement,5,Microsoft.ExecuteSQLTask,Measure Maverick Spend,,,read,WORK.PURCHASESPENDLINE,staging-work,SQL Server Staging,False,direct
PRC_Load_PurchaseSpend,13_procurement,6,Microsoft.ExecuteSQLTask,Log Row Counts,,,exec,ETL.USP_LOGROWCOUNT,etl-control,ETL control,False,direct
PRC_Load_PurchaseSpend,13_procurement,7,Microsoft.ExecuteSQLTask,Log Package Success,,,exec,ETL.USP_LOGPACKAGEEND,etl-control,ETL control,False,direct
PRC_Load_PurchaseSpend,13_procurement,8,Microsoft.ExecuteSQLTask,Log Error,,,exec,ETL.USP_LOGERROR,etl-control,ETL control,False,direct
PRC_Load_PurchaseSpend,13_procurement,9,Microsoft.ExecuteSQLTask,Mark Execution Failed,,,exec,ETL.USP_LOGPACKAGEEND,etl-control,ETL control,False,direct
PRC_Load_ReceiptMatching,13_procurement,1,Microsoft.ExecuteSQLTask,Log Package Start,,,exec,ETL.USP_LOGPACKAGESTART,etl-control,ETL control,False,direct
PRC_Load_ReceiptMatching,13_procurement,2,Microsoft.ExecuteSQLTask,Truncate work_ReceiptMatch,,,write,WORK.RECEIPTMATCH,staging-work,SQL Server Staging,False,direct
PRC_Load_ReceiptMatching,13_procurement,3,Microsoft.Pipeline,Match Receipts,stg Receipt,WWI_Staging_DB,read,STG.APINVOICELINE,staging-stg,SQL Server Staging,True,direct
PRC_Load_ReceiptMatching,13_procurement,3,Microsoft.Pipeline,Match Receipts,stg Receipt,WWI_Staging_DB,read,STG.MATCHTOLERANCE,staging-stg,SQL Server Staging,False,direct
PRC_Load_ReceiptMatching,13_procurement,3,Microsoft.Pipeline,Match Receipts,stg Receipt,WWI_Staging_DB,read,STG.PURCHASEORDERHEADER,staging-stg,SQL Server Staging,False,direct
PRC_Load_ReceiptMatching,13_procurement,3,Microsoft.Pipeline,Match Receipts,stg Receipt,WWI_Staging_DB,read,STG.PURCHASEORDERLINE,staging-stg,SQL Server Staging,True,direct
PRC_Load_ReceiptMatching,13_procurement,3,Microsoft.Pipeline,Match Receipts,stg Receipt,WWI_Staging_DB,read,STG.RECEIPT,staging-stg,SQL Server Staging,True,direct
PRC_Load_ReceiptMatching,13_procurement,3,Microsoft.Pipeline,Match Receipts,work ReceiptGrni,WWI_Staging_DB,write,WORK.RECEIPTGRNI,staging-work,SQL Server Staging,False,direct
PRC_Load_ReceiptMatching,13_procurement,3,Microsoft.Pipeline,Match Receipts,work ReceiptMatchException,WWI_Staging_DB,write,WORK.RECEIPTMATCHEXCEPTION,staging-work,SQL Server Staging,False,direct
PRC_Load_ReceiptMatching,13_procurement,3,Microsoft.Pipeline,Match Receipts,Fact Purchase Receipt,WWI_DW_Destination_DB,write,FACT.PURCHASE RECEIPT,dw-fact,SQL Server DW,True,direct
PRC_Load_ReceiptMatching,13_procurement,4,Microsoft.ExecuteSQLTask,Accrue GRNI,,,read,DIMENSION.SUPPLIER,dw-dimension,SQL Server DW,True,direct
PRC_Load_ReceiptMatching,13_procurement,4,Microsoft.ExecuteSQLTask,Accrue GRNI,,,read,WORK.RECEIPTGRNI,staging-work,SQL Server Staging,False,direct
PRC_Load_ReceiptMatching,13_procurement,4,Microsoft.ExecuteSQLTask,Accrue GRNI,,,write,FACT.PURCHASE RECEIPT,dw-fact,SQL Server DW,True,direct
PRC_Load_ReceiptMatching,13_procurement,5,Microsoft.ExecuteSQLTask,Raise Match Exceptions,,,read,WORK.RECEIPTMATCHEXCEPTION,staging-work,SQL Server Staging,False,direct
PRC_Load_ReceiptMatching,13_procurement,5,Microsoft.ExecuteSQLTask,Raise Match Exceptions,,,write,ETL.REJECTEDRECORD,etl-control,ETL control,True,direct
PRC_Load_ReceiptMatching,13_procurement,6,Microsoft.ExecuteSQLTask,Measure Match Outcomes,,,read,WORK.RECEIPTGRNI,staging-work,SQL Server Staging,False,direct
PRC_Load_ReceiptMatching,13_procurement,6,Microsoft.ExecuteSQLTask,Measure Match Outcomes,,,read,WORK.RECEIPTMATCHEXCEPTION,staging-work,SQL Server Staging,False,direct
PRC_Load_ReceiptMatching,13_procurement,7,Microsoft.ExecuteSQLTask,Log Row Counts,,,exec,ETL.USP_LOGROWCOUNT,etl-control,ETL control,False,direct
PRC_Load_ReceiptMatching,13_procurement,8,Microsoft.ExecuteSQLTask,Log Package Success,,,exec,ETL.USP_LOGPACKAGEEND,etl-control,ETL control,False,direct
PRC_Load_ReceiptMatching,13_procurement,9,Microsoft.ExecuteSQLTask,Log Error,,,exec,ETL.USP_LOGERROR,etl-control,ETL control,False,direct
PRC_Load_ReceiptMatching,13_procurement,10,Microsoft.ExecuteSQLTask,Mark Execution Failed,,,exec,ETL.USP_LOGPACKAGEEND,etl-control,ETL control,False,direct
PRC_Load_SupplierScorecard,13_procurement,1,Microsoft.ExecuteSQLTask,Log Package Start,,,exec,ETL.USP_LOGPACKAGESTART,etl-control,ETL control,False,direct
PRC_Load_SupplierScorecard,13_procurement,2,Microsoft.ExecuteSQLTask,Truncate work_SupplierScorecard,,,write,WORK.SUPPLIERSCORECARD,staging-work,SQL Server Staging,False,direct
PRC_Load_SupplierScorecard,13_procurement,3,Microsoft.ExecuteSQLTask,Build Scorecard Measures,,,read,STG.APINVOICELINE,staging-stg,SQL Server Staging,True,direct
PRC_Load_SupplierScorecard,13_procurement,3,Microsoft.ExecuteSQLTask,Build Scorecard Measures,,,read,STG.PURCHASEORDERHEADER,staging-stg,SQL Server Staging,False,direct
PRC_Load_SupplierScorecard,13_procurement,3,Microsoft.ExecuteSQLTask,Build Scorecard Measures,,,read,STG.PURCHASEORDERLINE,staging-stg,SQL Server Staging,True,direct
PRC_Load_SupplierScorecard,13_procurement,3,Microsoft.ExecuteSQLTask,Build Scorecard Measures,,,read,STG.RECEIPT,staging-stg,SQL Server Staging,True,direct
PRC_Load_SupplierScorecard,13_procurement,3,Microsoft.ExecuteSQLTask,Build Scorecard Measures,,,read,STG.SUPPLIER,staging-stg,SQL Server Staging,True,direct
PRC_Load_SupplierScorecard,13_procurement,3,Microsoft.ExecuteSQLTask,Build Scorecard Measures,,,write,WORK.SUPPLIERSCORECARD,staging-work,SQL Server Staging,False,direct
PRC_Load_SupplierScorecard,13_procurement,4,Microsoft.Pipeline,Score Suppliers,work SupplierScorecard,WWI_Staging_DB,read,WORK.SUPPLIERSCORECARD,staging-work,SQL Server Staging,False,direct
PRC_Load_SupplierScorecard,13_procurement,4,Microsoft.Pipeline,Score Suppliers,Lookup Scoring Weights,WWI_Staging_DB,read,ETL.SUPPLIERSCORINGWEIGHT,etl-control,ETL control,False,direct
PRC_Load_SupplierScorecard,13_procurement,4,Microsoft.Pipeline,Score Suppliers,Lookup Scoring Weights,WWI_Staging_DB,lookup,ETL.SUPPLIERSCORINGWEIGHT,etl-control,ETL control,False,direct
PRC_Load_SupplierScorecard,13_procurement,4,Microsoft.Pipeline,Score Suppliers,Aggregate Supplier Performance,WWI_DW_Destination_DB,write,AGGREGATE.SUPPLIER PERFORMANCE,dw-aggregate,SQL Server DW,True,direct
PRC_Load_SupplierScorecard,13_procurement,5,Microsoft.ExecuteSQLTask,Count Unscored Suppliers,,,read,WORK.SUPPLIERSCORECARD,staging-work,SQL Server Staging,False,direct
PRC_Load_SupplierScorecard,13_procurement,6,Microsoft.ExecuteSQLTask,Log Row Counts,,,exec,ETL.USP_LOGROWCOUNT,etl-control,ETL control,False,direct
PRC_Load_SupplierScorecard,13_procurement,7,Microsoft.ExecuteSQLTask,Log Package Success,,,exec,ETL.USP_LOGPACKAGEEND,etl-control,ETL control,False,direct
PRC_Load_SupplierScorecard,13_procurement,8,Microsoft.ExecuteSQLTask,Log Error,,,exec,ETL.USP_LOGERROR,etl-control,ETL control,False,direct
PRC_Load_SupplierScorecard,13_procurement,9,Microsoft.ExecuteSQLTask,Mark Execution Failed,,,exec,ETL.USP_LOGPACKAGEEND,etl-control,ETL control,False,direct
REF_Load_Carrier,06_reference_data,1,Microsoft.ExecuteSQLTask,Log Package Start,,,exec,ETL.USP_LOGPACKAGESTART,etl-control,ETL control,False,direct
REF_Load_Carrier,06_reference_data,2,Microsoft.ExecuteSQLTask,Truncate _Dimension___Carrier_,,,write,DIMENSION.CARRIER,dw-dimension,SQL Server DW,True,direct
REF_Load_Carrier,06_reference_data,3,Microsoft.ExecuteSQLTask,Load Code Crosswalk - CARRIER,,,exec,REF.USP_LOADCODECROSSWALK,reference,SQL Server DW,False,direct
REF_Load_Carrier,06_reference_data,4,Microsoft.Pipeline,DFT Publish Carrier Dimension,REF Carrier Conformed,WWI_Staging_DB,read,REF.CODECROSSWALK,reference,SQL Server DW,False,direct
REF_Load_Carrier,06_reference_data,4,Microsoft.Pipeline,DFT Publish Carrier Dimension,ERR Carrier Unsourced,WWI_Staging_DB,write,ERR.REJECTEDLOOKUPFAILURE,staging-err,SQL Server Staging,True,direct
REF_Load_Carrier,06_reference_data,4,Microsoft.Pipeline,DFT Publish Carrier Dimension,DW Dimension Carrier,WWI_DW_Destination_DB,write,DIMENSION.CARRIER,dw-dimension,SQL Server DW,True,direct
REF_Load_Carrier,06_reference_data,5,Microsoft.ExecuteSQLTask,Report Unmapped Codes - CARRIER,,,exec,REF.USP_REPORTUNMAPPEDCODES,reference,SQL Server DW,False,direct
REF_Load_Carrier,06_reference_data,6,Microsoft.ExecuteSQLTask,Log Row Counts,,,exec,ETL.USP_LOGROWCOUNT,etl-control,ETL control,False,direct
REF_Load_Carrier,06_reference_data,7,Microsoft.ExecuteSQLTask,Log Package Success,,,exec,ETL.USP_LOGPACKAGEEND,etl-control,ETL control,False,direct
REF_Load_Carrier,06_reference_data,8,Microsoft.ExecuteSQLTask,Log Error,,,exec,ETL.USP_LOGERROR,etl-control,ETL control,False,direct
REF_Load_Carrier,06_reference_data,9,Microsoft.ExecuteSQLTask,Mark Execution Failed,,,exec,ETL.USP_LOGPACKAGEEND,etl-control,ETL control,False,direct
REF_Load_CodeTranslation,06_reference_data,1,Microsoft.ExecuteSQLTask,Log Package Start,,,exec,ETL.USP_LOGPACKAGESTART,etl-control,ETL control,False,direct
REF_Load_CodeTranslation,06_reference_data,2,Microsoft.ExecuteSQLTask,Load Status Codes,,,exec,REF.USP_LOADSTATUSCODE,reference,SQL Server DW,False,direct
REF_Load_CodeTranslation,06_reference_data,3,Microsoft.ExecuteSQLTask,Load Reason Codes,,,exec,REF.USP_LOADREASONCODE,reference,SQL Server DW,False,direct
REF_Load_CodeTranslation,06_reference_data,4,Microsoft.ExecuteSQLTask,Load All Code Crosswalk Domains,,,exec,REF.USP_LOADCODECROSSWALK,reference,SQL Server DW,False,direct
REF_Load_CodeTranslation,06_reference_data,5,Microsoft.Pipeline,DFT Publish Code Crosswalk Configuration,REF CodeCrosswalk Active,WWI_Staging_DB,read,REF.CODECROSSWALK,reference,SQL Server DW,False,direct
REF_Load_CodeTranslation,06_reference_data,5,Microsoft.Pipeline,DFT Publish Code Crosswalk Configuration,CTL Configuration,WWI_Staging_DB,write,ETL.CONFIGURATION,etl-control,ETL control,True,direct
REF_Load_CodeTranslation,06_reference_data,6,Microsoft.Pipeline,DFT Scan For Unmapped Codes,REF Unmapped Source Codes,WWI_Staging_DB,read,REF.VW_UNMAPPEDSOURCECODE,reference,SQL Server DW,False,direct
REF_Load_CodeTranslation,06_reference_data,6,Microsoft.Pipeline,DFT Scan For Unmapped Codes,ERR Unmapped Blank Code,WWI_Staging_DB,write,ERR.REJECTEDCONSTRAINTVIOLATION,staging-err,SQL Server Staging,True,direct
REF_Load_CodeTranslation,06_reference_data,6,Microsoft.Pipeline,DFT Scan For Unmapped Codes,ERR Unmapped Code Report,WWI_Staging_DB,write,ERR.REJECTEDLOOKUPFAILURE,staging-err,SQL Server Staging,True,direct
REF_Load_CodeTranslation,06_reference_data,7,Microsoft.ExecuteSQLTask,Report Unmapped Codes - All Domains,,,exec,REF.USP_REPORTUNMAPPEDCODES,reference,SQL Server DW,False,direct
REF_Load_CodeTranslation,06_reference_data,8,Microsoft.ExecuteSQLTask,Log Row Counts,,,exec,ETL.USP_LOGROWCOUNT,etl-control,ETL control,False,direct
REF_Load_CodeTranslation,06_reference_data,9,Microsoft.ExecuteSQLTask,Log Package Success,,,exec,ETL.USP_LOGPACKAGEEND,etl-control,ETL control,False,direct
REF_Load_CodeTranslation,06_reference_data,10,Microsoft.ExecuteSQLTask,Log Error,,,exec,ETL.USP_LOGERROR,etl-control,ETL control,False,direct
REF_Load_CodeTranslation,06_reference_data,11,Microsoft.ExecuteSQLTask,Mark Execution Failed,,,exec,ETL.USP_LOGPACKAGEEND,etl-control,ETL control,False,direct
REF_Load_CostCenter,06_reference_data,1,Microsoft.ExecuteSQLTask,Log Package Start,,,exec,ETL.USP_LOGPACKAGESTART,etl-control,ETL control,False,direct
REF_Load_CostCenter,06_reference_data,2,Microsoft.ExecuteSQLTask,Truncate _Dimension___Cost Center_,,,write,DIMENSION.COST CENTER,dw-dimension,SQL Server DW,True,direct
REF_Load_CostCenter,06_reference_data,3,Microsoft.ExecuteSQLTask,Load Code Crosswalk - COST_CENTER,,,exec,REF.USP_LOADCODECROSSWALK,reference,SQL Server DW,False,direct
REF_Load_CostCenter,06_reference_data,4,Microsoft.Pipeline,DFT Publish Cost Center Dimension,REF CostCenter Conformed,WWI_Staging_DB,read,REF.CODECROSSWALK,reference,SQL Server DW,False,direct
REF_Load_CostCenter,06_reference_data,4,Microsoft.Pipeline,DFT Publish Cost Center Dimension,ERR Cost Center Self Reference,WWI_Staging_DB,write,ERR.REJECTEDCONSTRAINTVIOLATION,staging-err,SQL Server Staging,True,direct
REF_Load_CostCenter,06_reference_data,4,Microsoft.Pipeline,DFT Publish Cost Center Dimension,ERR Cost Center Unsourced,WWI_Staging_DB,write,ERR.REJECTEDLOOKUPFAILURE,staging-err,SQL Server Staging,True,direct
REF_Load_CostCenter,06_reference_data,4,Microsoft.Pipeline,DFT Publish Cost Center Dimension,DW Dimension Cost Center,WWI_DW_Destination_DB,write,DIMENSION.COST CENTER,dw-dimension,SQL Server DW,True,direct
REF_Load_CostCenter,06_reference_data,5,Microsoft.ExecuteSQLTask,Report Unmapped Codes - COST_CENTER,,,exec,REF.USP_REPORTUNMAPPEDCODES,reference,SQL Server DW,False,direct
REF_Load_CostCenter,06_reference_data,6,Microsoft.ExecuteSQLTask,Log Row Counts,,,exec,ETL.USP_LOGROWCOUNT,etl-control,ETL control,False,direct
REF_Load_CostCenter,06_reference_data,7,Microsoft.ExecuteSQLTask,Log Package Success,,,exec,ETL.USP_LOGPACKAGEEND,etl-control,ETL control,False,direct
REF_Load_CostCenter,06_reference_data,8,Microsoft.ExecuteSQLTask,Log Error,,,exec,ETL.USP_LOGERROR,etl-control,ETL control,False,direct
REF_Load_CostCenter,06_reference_data,9,Microsoft.ExecuteSQLTask,Mark Execution Failed,,,exec,ETL.USP_LOGPACKAGEEND,etl-control,ETL control,False,direct
REF_Load_Currency,06_reference_data,1,Microsoft.ExecuteSQLTask,Log Package Start,,,exec,ETL.USP_LOGPACKAGESTART,etl-control,ETL control,False,direct
REF_Load_Currency,06_reference_data,2,Microsoft.ExecuteSQLTask,Truncate _Dimension___Currency_,,,write,DIMENSION.CURRENCY,dw-dimension,SQL Server DW,True,direct
REF_Load_Currency,06_reference_data,3,Microsoft.ExecuteSQLTask,Load Currency Reference,,,exec,REF.USP_LOADCURRENCY,reference,SQL Server DW,False,direct
REF_Load_Currency,06_reference_data,4,Microsoft.ExecuteSQLTask,Load Daily FX Rates,,,exec,REF.USP_LOADFXRATEDAILY,reference,SQL Server DW,False,direct
REF_Load_Currency,06_reference_data,5,Microsoft.Pipeline,DFT Publish Currency Dimension,REF Currency Conformed,WWI_Staging_DB,read,REF.CURRENCY,reference,SQL Server DW,False,direct
REF_Load_Currency,06_reference_data,5,Microsoft.Pipeline,DFT Publish Currency Dimension,REF Currency Conformed,WWI_Staging_DB,read,REF.FXRATEDAILY,reference,SQL Server DW,False,direct
REF_Load_Currency,06_reference_data,5,Microsoft.Pipeline,DFT Publish Currency Dimension,ERR Currency Rate Stale,WWI_Staging_DB,write,ERR.REJECTEDLOOKUPFAILURE,staging-err,SQL Server Staging,True,direct
REF_Load_Currency,06_reference_data,5,Microsoft.Pipeline,DFT Publish Currency Dimension,ERR Currency Unrated,WWI_Staging_DB,write,ERR.REJECTEDLOOKUPFAILURE,staging-err,SQL Server Staging,True,direct
REF_Load_Currency,06_reference_data,5,Microsoft.Pipeline,DFT Publish Currency Dimension,DW Dimension Currency,WWI_DW_Destination_DB,write,DIMENSION.CURRENCY,dw-dimension,SQL Server DW,True,direct
REF_Load_Currency,06_reference_data,6,Microsoft.ExecuteSQLTask,Report Unmapped Codes - CURRENCY,,,exec,REF.USP_REPORTUNMAPPEDCODES,reference,SQL Server DW,False,direct
REF_Load_Currency,06_reference_data,7,Microsoft.ExecuteSQLTask,Log Row Counts,,,exec,ETL.USP_LOGROWCOUNT,etl-control,ETL control,False,direct
REF_Load_Currency,06_reference_data,8,Microsoft.ExecuteSQLTask,Log Package Success,,,exec,ETL.USP_LOGPACKAGEEND,etl-control,ETL control,False,direct
REF_Load_Currency,06_reference_data,9,Microsoft.ExecuteSQLTask,Log Error,,,exec,ETL.USP_LOGERROR,etl-control,ETL control,False,direct
REF_Load_Currency,06_reference_data,10,Microsoft.ExecuteSQLTask,Mark Execution Failed,,,exec,ETL.USP_LOGPACKAGEEND,etl-control,ETL control,False,direct
REF_Load_DateDimension,06_reference_data,1,Microsoft.ExecuteSQLTask,Log Package Start,,,exec,ETL.USP_LOGPACKAGESTART,etl-control,ETL control,False,direct
REF_Load_DateDimension,06_reference_data,2,Microsoft.ExecuteSQLTask,Truncate _Dimension___Date_,,,write,DIMENSION.DATE,dw-dimension,SQL Server DW,True,direct
REF_Load_DateDimension,06_reference_data,3,Microsoft.ExecuteSQLTask,Load Regions,,,exec,REF.USP_LOADREGION,reference,SQL Server DW,False,direct
REF_Load_DateDimension,06_reference_data,4,Microsoft.Pipeline,DFT Generate Calendar,STG Calendar Spine,WWI_Staging_DB,read,REF.REGION,reference,SQL Server DW,False,direct
REF_Load_DateDimension,06_reference_data,4,Microsoft.Pipeline,DFT Generate Calendar,ERR Calendar Out Of Range,WWI_Staging_DB,write,ERR.REJECTEDCONSTRAINTVIOLATION,staging-err,SQL Server Staging,True,direct
REF_Load_DateDimension,06_reference_data,4,Microsoft.Pipeline,DFT Generate Calendar,DW Dimension Date,WWI_DW_Destination_DB,write,DIMENSION.DATE,dw-dimension,SQL Server DW,True,direct
REF_Load_DateDimension,06_reference_data,5,Microsoft.ExecuteSQLTask,Log Row Counts,,,exec,ETL.USP_LOGROWCOUNT,etl-control,ETL control,False,direct
REF_Load_DateDimension,06_reference_data,6,Microsoft.ExecuteSQLTask,Log Package Success,,,exec,ETL.USP_LOGPACKAGEEND,etl-control,ETL control,False,direct
REF_Load_DateDimension,06_reference_data,7,Microsoft.ExecuteSQLTask,Log Error,,,exec,ETL.USP_LOGERROR,etl-control,ETL control,False,direct
REF_Load_DateDimension,06_reference_data,8,Microsoft.ExecuteSQLTask,Mark Execution Failed,,,exec,ETL.USP_LOGPACKAGEEND,etl-control,ETL control,False,direct
REF_Load_Geography,06_reference_data,1,Microsoft.ExecuteSQLTask,Log Package Start,,,exec,ETL.USP_LOGPACKAGESTART,etl-control,ETL control,False,direct
REF_Load_Geography,06_reference_data,2,Microsoft.ExecuteSQLTask,Truncate _Dimension___Geography_,,,write,DIMENSION.GEOGRAPHY,dw-dimension,SQL Server DW,True,direct
REF_Load_Geography,06_reference_data,3,Microsoft.ExecuteSQLTask,Load Regions,,,exec,REF.USP_LOADREGION,reference,SQL Server DW,False,direct
REF_Load_Geography,06_reference_data,4,Microsoft.ExecuteSQLTask,Load Countries,,,exec,REF.USP_LOADCOUNTRY,reference,SQL Server DW,False,direct
REF_Load_Geography,06_reference_data,5,Microsoft.ExecuteSQLTask,Load Tax Jurisdictions,,,exec,REF.USP_LOADTAXJURISDICTION,reference,SQL Server DW,False,direct
REF_Load_Geography,06_reference_data,6,Microsoft.ExecuteSQLTask,Load Postal Format Rules,,,exec,REF.USP_LOADPOSTALFORMATRULE,reference,SQL Server DW,False,direct
REF_Load_Geography,06_reference_data,7,Microsoft.Pipeline,DFT Publish Geography Dimension,REF Geography Conformed,WWI_Staging_DB,read,REF.COUNTRY,reference,SQL Server DW,False,direct
REF_Load_Geography,06_reference_data,7,Microsoft.Pipeline,DFT Publish Geography Dimension,REF Geography Conformed,WWI_Staging_DB,read,REF.REGION,reference,SQL Server DW,False,direct
REF_Load_Geography,06_reference_data,7,Microsoft.Pipeline,DFT Publish Geography Dimension,REF Geography Conformed,WWI_Staging_DB,read,REF.TAXJURISDICTION,reference,SQL Server DW,False,direct
REF_Load_Geography,06_reference_data,7,Microsoft.Pipeline,DFT Publish Geography Dimension,Lookup Country Currency (Full Cache),WWI_Staging_DB,read,REF.CURRENCY,reference,SQL Server DW,False,direct
REF_Load_Geography,06_reference_data,7,Microsoft.Pipeline,DFT Publish Geography Dimension,Lookup Country Currency (Full Cache),WWI_Staging_DB,lookup,REF.CURRENCY,reference,SQL Server DW,False,direct
REF_Load_Geography,06_reference_data,7,Microsoft.Pipeline,DFT Publish Geography Dimension,ERR Geography Unknown Currency,WWI_Staging_DB,write,ERR.REJECTEDLOOKUPFAILURE,staging-err,SQL Server Staging,True,direct
REF_Load_Geography,06_reference_data,7,Microsoft.Pipeline,DFT Publish Geography Dimension,ERR Geography Without Jurisdiction,WWI_Staging_DB,write,ERR.REJECTEDLOOKUPFAILURE,staging-err,SQL Server Staging,True,direct
REF_Load_Geography,06_reference_data,7,Microsoft.Pipeline,DFT Publish Geography Dimension,DW Dimension Geography,WWI_DW_Destination_DB,write,DIMENSION.GEOGRAPHY,dw-dimension,SQL Server DW,True,direct
REF_Load_Geography,06_reference_data,8,Microsoft.ExecuteSQLTask,Report Unmapped Codes - COUNTRY,,,exec,REF.USP_REPORTUNMAPPEDCODES,reference,SQL Server DW,False,direct
REF_Load_Geography,06_reference_data,9,Microsoft.ExecuteSQLTask,Log Row Counts,,,exec,ETL.USP_LOGROWCOUNT,etl-control,ETL control,False,direct
REF_Load_Geography,06_reference_data,10,Microsoft.ExecuteSQLTask,Log Package Success,,,exec,ETL.USP_LOGPACKAGEEND,etl-control,ETL control,False,direct
REF_Load_Geography,06_reference_data,11,Microsoft.ExecuteSQLTask,Log Error,,,exec,ETL.USP_LOGERROR,etl-control,ETL control,False,direct
REF_Load_Geography,06_reference_data,12,Microsoft.ExecuteSQLTask,Mark Execution Failed,,,exec,ETL.USP_LOGPACKAGEEND,etl-control,ETL control,False,direct
REF_Load_LoyaltyTier,06_reference_data,1,Microsoft.ExecuteSQLTask,Log Package Start,,,exec,ETL.USP_LOGPACKAGESTART,etl-control,ETL control,False,direct
REF_Load_LoyaltyTier,06_reference_data,2,Microsoft.ExecuteSQLTask,Truncate _Dimension___Loyalty Tier_,,,write,DIMENSION.LOYALTY TIER,dw-dimension,SQL Server DW,True,direct
REF_Load_LoyaltyTier,06_reference_data,3,Microsoft.ExecuteSQLTask,Load Code Crosswalk - LOYALTY_TIER,,,exec,REF.USP_LOADCODECROSSWALK,reference,SQL Server DW,False,direct
REF_Load_LoyaltyTier,06_reference_data,4,Microsoft.Pipeline,DFT Publish Loyalty Tier Dimension,REF LoyaltyTier Conformed,WWI_Staging_DB,read,REF.CODECROSSWALK,reference,SQL Server DW,False,direct
REF_Load_LoyaltyTier,06_reference_data,4,Microsoft.Pipeline,DFT Publish Loyalty Tier Dimension,ERR Loyalty Tier Unsourced,WWI_Staging_DB,write,ERR.REJECTEDLOOKUPFAILURE,staging-err,SQL Server Staging,True,direct
REF_Load_LoyaltyTier,06_reference_data,4,Microsoft.Pipeline,DFT Publish Loyalty Tier Dimension,DW Dimension Loyalty Tier,WWI_DW_Destination_DB,write,DIMENSION.LOYALTY TIER,dw-dimension,SQL Server DW,True,direct
REF_Load_LoyaltyTier,06_reference_data,5,Microsoft.ExecuteSQLTask,Report Unmapped Codes - LOYALTY_TIER,,,exec,REF.USP_REPORTUNMAPPEDCODES,reference,SQL Server DW,False,direct
REF_Load_LoyaltyTier,06_reference_data,6,Microsoft.ExecuteSQLTask,Log Row Counts,,,exec,ETL.USP_LOGROWCOUNT,etl-control,ETL control,False,direct
REF_Load_LoyaltyTier,06_reference_data,7,Microsoft.ExecuteSQLTask,Log Package Success,,,exec,ETL.USP_LOGPACKAGEEND,etl-control,ETL control,False,direct
REF_Load_LoyaltyTier,06_reference_data,8,Microsoft.ExecuteSQLTask,Log Error,,,exec,ETL.USP_LOGERROR,etl-control,ETL control,False,direct
REF_Load_LoyaltyTier,06_reference_data,9,Microsoft.ExecuteSQLTask,Mark Execution Failed,,,exec,ETL.USP_LOGPACKAGEEND,etl-control,ETL control,False,direct
REF_Load_PaymentMethod,06_reference_data,1,Microsoft.ExecuteSQLTask,Log Package Start,,,exec,ETL.USP_LOGPACKAGESTART,etl-control,ETL control,False,direct
REF_Load_PaymentMethod,06_reference_data,2,Microsoft.ExecuteSQLTask,Truncate _Dimension___Payment Method_,,,write,DIMENSION.PAYMENT METHOD,dw-dimension,SQL Server DW,True,direct
REF_Load_PaymentMethod,06_reference_data,3,Microsoft.ExecuteSQLTask,Load Code Crosswalk - PAYMENT_METHOD,,,exec,REF.USP_LOADCODECROSSWALK,reference,SQL Server DW,False,direct
REF_Load_PaymentMethod,06_reference_data,4,Microsoft.Pipeline,DFT Publish Payment Method Dimension,REF PaymentMethod Conformed,WWI_Staging_DB,read,REF.CODECROSSWALK,reference,SQL Server DW,False,direct
REF_Load_PaymentMethod,06_reference_data,4,Microsoft.Pipeline,DFT Publish Payment Method Dimension,ERR Payment Method Unmapped,WWI_Staging_DB,write,ERR.REJECTEDLOOKUPFAILURE,staging-err,SQL Server Staging,True,direct
REF_Load_PaymentMethod,06_reference_data,4,Microsoft.Pipeline,DFT Publish Payment Method Dimension,DW Dimension Payment Method,WWI_DW_Destination_DB,write,DIMENSION.PAYMENT METHOD,dw-dimension,SQL Server DW,True,direct
REF_Load_PaymentMethod,06_reference_data,5,Microsoft.ExecuteSQLTask,Report Unmapped Codes - PAYMENT_METHOD,,,exec,REF.USP_REPORTUNMAPPEDCODES,reference,SQL Server DW,False,direct
REF_Load_PaymentMethod,06_reference_data,6,Microsoft.ExecuteSQLTask,Log Row Counts,,,exec,ETL.USP_LOGROWCOUNT,etl-control,ETL control,False,direct
REF_Load_PaymentMethod,06_reference_data,7,Microsoft.ExecuteSQLTask,Log Package Success,,,exec,ETL.USP_LOGPACKAGEEND,etl-control,ETL control,False,direct
REF_Load_PaymentMethod,06_reference_data,8,Microsoft.ExecuteSQLTask,Log Error,,,exec,ETL.USP_LOGERROR,etl-control,ETL control,False,direct
REF_Load_PaymentMethod,06_reference_data,9,Microsoft.ExecuteSQLTask,Mark Execution Failed,,,exec,ETL.USP_LOGPACKAGEEND,etl-control,ETL control,False,direct
REF_Load_PaymentTerms,06_reference_data,1,Microsoft.ExecuteSQLTask,Log Package Start,,,exec,ETL.USP_LOGPACKAGESTART,etl-control,ETL control,False,direct
REF_Load_PaymentTerms,06_reference_data,2,Microsoft.ExecuteSQLTask,Truncate _Dimension___Payment Terms_,,,write,DIMENSION.PAYMENT TERMS,dw-dimension,SQL Server DW,True,direct
REF_Load_PaymentTerms,06_reference_data,3,Microsoft.ExecuteSQLTask,Load Code Crosswalk - PAYMENT_TERMS,,,exec,REF.USP_LOADCODECROSSWALK,reference,SQL Server DW,False,direct
REF_Load_PaymentTerms,06_reference_data,4,Microsoft.Pipeline,DFT Publish Payment Terms Dimension,REF PaymentTerms Conformed,WWI_Staging_DB,read,REF.CODECROSSWALK,reference,SQL Server DW,False,direct
REF_Load_PaymentTerms,06_reference_data,4,Microsoft.Pipeline,DFT Publish Payment Terms Dimension,ERR Payment Terms Implausible,WWI_Staging_DB,write,ERR.REJECTEDCONSTRAINTVIOLATION,staging-err,SQL Server Staging,True,direct
REF_Load_PaymentTerms,06_reference_data,4,Microsoft.Pipeline,DFT Publish Payment Terms Dimension,DW Dimension Payment Terms,WWI_DW_Destination_DB,write,DIMENSION.PAYMENT TERMS,dw-dimension,SQL Server DW,True,direct
REF_Load_PaymentTerms,06_reference_data,5,Microsoft.ExecuteSQLTask,Report Unmapped Codes - PAYMENT_TERMS,,,exec,REF.USP_REPORTUNMAPPEDCODES,reference,SQL Server DW,False,direct
REF_Load_PaymentTerms,06_reference_data,6,Microsoft.ExecuteSQLTask,Log Row Counts,,,exec,ETL.USP_LOGROWCOUNT,etl-control,ETL control,False,direct
REF_Load_PaymentTerms,06_reference_data,7,Microsoft.ExecuteSQLTask,Log Package Success,,,exec,ETL.USP_LOGPACKAGEEND,etl-control,ETL control,False,direct
REF_Load_PaymentTerms,06_reference_data,8,Microsoft.ExecuteSQLTask,Log Error,,,exec,ETL.USP_LOGERROR,etl-control,ETL control,False,direct
REF_Load_PaymentTerms,06_reference_data,9,Microsoft.ExecuteSQLTask,Mark Execution Failed,,,exec,ETL.USP_LOGPACKAGEEND,etl-control,ETL control,False,direct
REF_Load_ReturnReason,06_reference_data,1,Microsoft.ExecuteSQLTask,Log Package Start,,,exec,ETL.USP_LOGPACKAGESTART,etl-control,ETL control,False,direct
REF_Load_ReturnReason,06_reference_data,2,Microsoft.ExecuteSQLTask,Truncate _Dimension___Return Reason_,,,write,DIMENSION.RETURN REASON,dw-dimension,SQL Server DW,True,direct
REF_Load_ReturnReason,06_reference_data,3,Microsoft.ExecuteSQLTask,Load Reason Codes,,,exec,REF.USP_LOADREASONCODE,reference,SQL Server DW,False,direct
REF_Load_ReturnReason,06_reference_data,4,Microsoft.ExecuteSQLTask,Load Code Crosswalk - RETURN,,,exec,REF.USP_LOADCODECROSSWALK,reference,SQL Server DW,False,direct
REF_Load_ReturnReason,06_reference_data,5,Microsoft.ExecuteSQLTask,Load Code Crosswalk - CREDIT,,,exec,REF.USP_LOADCODECROSSWALK,reference,SQL Server DW,False,direct
REF_Load_ReturnReason,06_reference_data,6,Microsoft.Pipeline,DFT Publish Return Reason Dimension,REF ReturnReason Conformed,WWI_Staging_DB,read,REF.CODECROSSWALK,reference,SQL Server DW,False,direct
REF_Load_ReturnReason,06_reference_data,6,Microsoft.Pipeline,DFT Publish Return Reason Dimension,REF ReturnReason Conformed,WWI_Staging_DB,read,REF.REASONCODE,reference,SQL Server DW,False,direct
REF_Load_ReturnReason,06_reference_data,6,Microsoft.Pipeline,DFT Publish Return Reason Dimension,ERR Return Reason Unsourced,WWI_Staging_DB,write,ERR.REJECTEDLOOKUPFAILURE,staging-err,SQL Server Staging,True,direct
REF_Load_ReturnReason,06_reference_data,6,Microsoft.Pipeline,DFT Publish Return Reason Dimension,DW Dimension Return Reason,WWI_DW_Destination_DB,write,DIMENSION.RETURN REASON,dw-dimension,SQL Server DW,True,direct
REF_Load_ReturnReason,06_reference_data,7,Microsoft.ExecuteSQLTask,Report Unmapped Codes - RETURN,,,exec,REF.USP_REPORTUNMAPPEDCODES,reference,SQL Server DW,False,direct
REF_Load_ReturnReason,06_reference_data,8,Microsoft.ExecuteSQLTask,Log Row Counts,,,exec,ETL.USP_LOGROWCOUNT,etl-control,ETL control,False,direct
REF_Load_ReturnReason,06_reference_data,9,Microsoft.ExecuteSQLTask,Log Package Success,,,exec,ETL.USP_LOGPACKAGEEND,etl-control,ETL control,False,direct
REF_Load_ReturnReason,06_reference_data,10,Microsoft.ExecuteSQLTask,Log Error,,,exec,ETL.USP_LOGERROR,etl-control,ETL control,False,direct
REF_Load_ReturnReason,06_reference_data,11,Microsoft.ExecuteSQLTask,Mark Execution Failed,,,exec,ETL.USP_LOGPACKAGEEND,etl-control,ETL control,False,direct
REF_Load_SalesChannel,06_reference_data,1,Microsoft.ExecuteSQLTask,Log Package Start,,,exec,ETL.USP_LOGPACKAGESTART,etl-control,ETL control,False,direct
REF_Load_SalesChannel,06_reference_data,2,Microsoft.ExecuteSQLTask,Truncate _Dimension___Sales Channel_,,,write,DIMENSION.SALES CHANNEL,dw-dimension,SQL Server DW,True,direct
REF_Load_SalesChannel,06_reference_data,3,Microsoft.ExecuteSQLTask,Load Code Crosswalk - SALES_CHANNEL,,,exec,REF.USP_LOADCODECROSSWALK,reference,SQL Server DW,False,direct
REF_Load_SalesChannel,06_reference_data,4,Microsoft.Pipeline,DFT Publish Sales Channel Dimension,REF SalesChannel Conformed,WWI_Staging_DB,read,REF.CODECROSSWALK,reference,SQL Server DW,False,direct
REF_Load_SalesChannel,06_reference_data,4,Microsoft.Pipeline,DFT Publish Sales Channel Dimension,ERR Sales Channel Unsourced,WWI_Staging_DB,write,ERR.REJECTEDLOOKUPFAILURE,staging-err,SQL Server Staging,True,direct
REF_Load_SalesChannel,06_reference_data,4,Microsoft.Pipeline,DFT Publish Sales Channel Dimension,DW Dimension Sales Channel,WWI_DW_Destination_DB,write,DIMENSION.SALES CHANNEL,dw-dimension,SQL Server DW,True,direct
REF_Load_SalesChannel,06_reference_data,5,Microsoft.ExecuteSQLTask,Report Unmapped Codes - SALES_CHANNEL,,,exec,REF.USP_REPORTUNMAPPEDCODES,reference,SQL Server DW,False,direct
REF_Load_SalesChannel,06_reference_data,6,Microsoft.ExecuteSQLTask,Log Row Counts,,,exec,ETL.USP_LOGROWCOUNT,etl-control,ETL control,False,direct
REF_Load_SalesChannel,06_reference_data,7,Microsoft.ExecuteSQLTask,Log Package Success,,,exec,ETL.USP_LOGPACKAGEEND,etl-control,ETL control,False,direct
REF_Load_SalesChannel,06_reference_data,8,Microsoft.ExecuteSQLTask,Log Error,,,exec,ETL.USP_LOGERROR,etl-control,ETL control,False,direct
REF_Load_SalesChannel,06_reference_data,9,Microsoft.ExecuteSQLTask,Mark Execution Failed,,,exec,ETL.USP_LOGPACKAGEEND,etl-control,ETL control,False,direct
REF_Load_TransactionType,06_reference_data,1,Microsoft.ExecuteSQLTask,Log Package Start,,,exec,ETL.USP_LOGPACKAGESTART,etl-control,ETL control,False,direct
REF_Load_TransactionType,06_reference_data,2,Microsoft.ExecuteSQLTask,Truncate _Dimension___Transaction Type_,,,write,DIMENSION.TRANSACTION TYPE,dw-dimension,SQL Server DW,True,direct
REF_Load_TransactionType,06_reference_data,3,Microsoft.ExecuteSQLTask,Load Code Crosswalk - TRANSACTION_TYPE,,,exec,REF.USP_LOADCODECROSSWALK,reference,SQL Server DW,False,direct
REF_Load_TransactionType,06_reference_data,4,Microsoft.ExecuteSQLTask,Load Unit Of Measure,,,exec,REF.USP_LOADUNITOFMEASURE,reference,SQL Server DW,False,direct
REF_Load_TransactionType,06_reference_data,5,Microsoft.ExecuteSQLTask,Load UOM Conversions,,,exec,REF.USP_LOADUOMCONVERSION,reference,SQL Server DW,False,direct
REF_Load_TransactionType,06_reference_data,6,Microsoft.Pipeline,DFT Publish Transaction Type Dimension,REF TransactionType Conformed,WWI_Staging_DB,read,REF.CODECROSSWALK,reference,SQL Server DW,False,direct
REF_Load_TransactionType,06_reference_data,6,Microsoft.Pipeline,DFT Publish Transaction Type Dimension,ERR Transaction Type Unmapped,WWI_Staging_DB,write,ERR.REJECTEDLOOKUPFAILURE,staging-err,SQL Server Staging,True,direct
REF_Load_TransactionType,06_reference_data,6,Microsoft.Pipeline,DFT Publish Transaction Type Dimension,DW Dimension Transaction Type,WWI_DW_Destination_DB,write,DIMENSION.TRANSACTION TYPE,dw-dimension,SQL Server DW,True,direct
REF_Load_TransactionType,06_reference_data,7,Microsoft.Pipeline,DFT Publish Unit Of Measure,REF UnitOfMeasure Conformed,WWI_Staging_DB,read,REF.UNITOFMEASURE,reference,SQL Server DW,False,direct
REF_Load_TransactionType,06_reference_data,7,Microsoft.Pipeline,DFT Publish Unit Of Measure,REF UnitOfMeasure Conformed,WWI_Staging_DB,read,REF.UOMCONVERSION,reference,SQL Server DW,False,direct
REF_Load_TransactionType,06_reference_data,7,Microsoft.Pipeline,DFT Publish Unit Of Measure,DW Dimension Unit Of Measure,WWI_DW_Destination_DB,write,DIMENSION.TRANSACTION TYPE,dw-dimension,SQL Server DW,True,direct
REF_Load_TransactionType,06_reference_data,8,Microsoft.ExecuteSQLTask,Report Unmapped Codes - TRANSACTION_TYPE,,,exec,REF.USP_REPORTUNMAPPEDCODES,reference,SQL Server DW,False,direct
REF_Load_TransactionType,06_reference_data,9,Microsoft.ExecuteSQLTask,Log Row Counts,,,exec,ETL.USP_LOGROWCOUNT,etl-control,ETL control,False,direct
REF_Load_TransactionType,06_reference_data,10,Microsoft.ExecuteSQLTask,Log Package Success,,,exec,ETL.USP_LOGPACKAGEEND,etl-control,ETL control,False,direct
REF_Load_TransactionType,06_reference_data,11,Microsoft.ExecuteSQLTask,Log Error,,,exec,ETL.USP_LOGERROR,etl-control,ETL control,False,direct
REF_Load_TransactionType,06_reference_data,12,Microsoft.ExecuteSQLTask,Mark Execution Failed,,,exec,ETL.USP_LOGPACKAGEEND,etl-control,ETL control,False,direct
REF_Load_UnknownMembers,06_reference_data,1,Microsoft.ExecuteSQLTask,Log Package Start,,,exec,ETL.USP_LOGPACKAGESTART,etl-control,ETL control,False,direct
REF_Load_UnknownMembers,06_reference_data,2,Microsoft.ExecuteSQLTask,Truncate _Dimension___Unknown Member_,,,write,DIMENSION.UNKNOWN MEMBER,dw-dimension,SQL Server DW,False,direct
REF_Load_UnknownMembers,06_reference_data,3,Microsoft.ExecuteSQLTask,Load Status Codes,,,exec,REF.USP_LOADSTATUSCODE,reference,SQL Server DW,False,direct
REF_Load_UnknownMembers,06_reference_data,4,Microsoft.ExecuteSQLTask,Load Reason Codes,,,exec,REF.USP_LOADREASONCODE,reference,SQL Server DW,False,direct
REF_Load_UnknownMembers,06_reference_data,5,Microsoft.ExecuteSQLTask,Load Source Key Crosswalk,,,exec,REF.USP_LOADSOURCEKEYCROSSWALK,reference,SQL Server DW,False,direct
REF_Load_UnknownMembers,06_reference_data,6,Microsoft.Pipeline,DFT Publish Unknown Members,REF Unknown Members,WWI_Staging_DB,read,REF.REASONCODE,reference,SQL Server DW,False,direct
REF_Load_UnknownMembers,06_reference_data,6,Microsoft.Pipeline,DFT Publish Unknown Members,REF Unknown Members,WWI_Staging_DB,read,REF.STATUSCODE,reference,SQL Server DW,False,direct
REF_Load_UnknownMembers,06_reference_data,6,Microsoft.Pipeline,DFT Publish Unknown Members,ERR Unknown Member Unnamed,WWI_Staging_DB,write,ERR.REJECTEDCONSTRAINTVIOLATION,staging-err,SQL Server Staging,True,direct
REF_Load_UnknownMembers,06_reference_data,6,Microsoft.Pipeline,DFT Publish Unknown Members,DW Dimension Unknown Member,WWI_DW_Destination_DB,write,DIMENSION.UNKNOWN MEMBER,dw-dimension,SQL Server DW,False,direct
REF_Load_UnknownMembers,06_reference_data,7,Microsoft.ExecuteSQLTask,Log Row Counts,,,exec,ETL.USP_LOGROWCOUNT,etl-control,ETL control,False,direct
REF_Load_UnknownMembers,06_reference_data,8,Microsoft.ExecuteSQLTask,Log Package Success,,,exec,ETL.USP_LOGPACKAGEEND,etl-control,ETL control,False,direct
REF_Load_UnknownMembers,06_reference_data,9,Microsoft.ExecuteSQLTask,Log Error,,,exec,ETL.USP_LOGERROR,etl-control,ETL control,False,direct
REF_Load_UnknownMembers,06_reference_data,10,Microsoft.ExecuteSQLTask,Mark Execution Failed,,,exec,ETL.USP_LOGPACKAGEEND,etl-control,ETL control,False,direct
REF_Load_WarehouseSite,06_reference_data,1,Microsoft.ExecuteSQLTask,Log Package Start,,,exec,ETL.USP_LOGPACKAGESTART,etl-control,ETL control,False,direct
REF_Load_WarehouseSite,06_reference_data,2,Microsoft.ExecuteSQLTask,Truncate _Dimension___Warehouse Site_,,,write,DIMENSION.WAREHOUSE SITE,dw-dimension,SQL Server DW,True,direct
REF_Load_WarehouseSite,06_reference_data,3,Microsoft.ExecuteSQLTask,Load Regions,,,exec,REF.USP_LOADREGION,reference,SQL Server DW,False,direct
REF_Load_WarehouseSite,06_reference_data,4,Microsoft.ExecuteSQLTask,Load Postal Format Rules,,,exec,REF.USP_LOADPOSTALFORMATRULE,reference,SQL Server DW,False,direct
REF_Load_WarehouseSite,06_reference_data,5,Microsoft.Pipeline,DFT Publish Warehouse Site Dimension,REF Warehouse Site Conformed,WWI_Staging_DB,read,REF.COUNTRY,reference,SQL Server DW,False,direct
REF_Load_WarehouseSite,06_reference_data,5,Microsoft.Pipeline,DFT Publish Warehouse Site Dimension,REF Warehouse Site Conformed,WWI_Staging_DB,read,REF.POSTALFORMATRULE,reference,SQL Server DW,False,direct
REF_Load_WarehouseSite,06_reference_data,5,Microsoft.Pipeline,DFT Publish Warehouse Site Dimension,REF Warehouse Site Conformed,WWI_Staging_DB,read,STG.STOCKMOVEMENT,staging-stg,SQL Server Staging,True,direct
REF_Load_WarehouseSite,06_reference_data,5,Microsoft.Pipeline,DFT Publish Warehouse Site Dimension,Lookup Site Region (Full Cache),WWI_Staging_DB,read,REF.REGION,reference,SQL Server DW,False,direct
REF_Load_WarehouseSite,06_reference_data,5,Microsoft.Pipeline,DFT Publish Warehouse Site Dimension,Lookup Site Region (Full Cache),WWI_Staging_DB,lookup,REF.REGION,reference,SQL Server DW,False,direct
REF_Load_WarehouseSite,06_reference_data,5,Microsoft.Pipeline,DFT Publish Warehouse Site Dimension,ERR Site Unknown Region,WWI_Staging_DB,write,ERR.REJECTEDLOOKUPFAILURE,staging-err,SQL Server Staging,True,direct
REF_Load_WarehouseSite,06_reference_data,5,Microsoft.Pipeline,DFT Publish Warehouse Site Dimension,ERR Site Postal Unformatted,WWI_Staging_DB,write,ERR.REJECTEDCONSTRAINTVIOLATION,staging-err,SQL Server Staging,True,direct
REF_Load_WarehouseSite,06_reference_data,5,Microsoft.Pipeline,DFT Publish Warehouse Site Dimension,DW Dimension Warehouse Site,WWI_DW_Destination_DB,write,DIMENSION.WAREHOUSE SITE,dw-dimension,SQL Server DW,True,direct
REF_Load_WarehouseSite,06_reference_data,6,Microsoft.ExecuteSQLTask,Report Unmapped Codes - REGION,,,exec,REF.USP_REPORTUNMAPPEDCODES,reference,SQL Server DW,False,direct
REF_Load_WarehouseSite,06_reference_data,7,Microsoft.ExecuteSQLTask,Log Row Counts,,,exec,ETL.USP_LOGROWCOUNT,etl-control,ETL control,False,direct
REF_Load_WarehouseSite,06_reference_data,8,Microsoft.ExecuteSQLTask,Log Package Success,,,exec,ETL.USP_LOGPACKAGEEND,etl-control,ETL control,False,direct
REF_Load_WarehouseSite,06_reference_data,9,Microsoft.ExecuteSQLTask,Log Error,,,exec,ETL.USP_LOGERROR,etl-control,ETL control,False,direct
REF_Load_WarehouseSite,06_reference_data,10,Microsoft.ExecuteSQLTask,Mark Execution Failed,,,exec,ETL.USP_LOGPACKAGEEND,etl-control,ETL control,False,direct
SLS_APAC_Load_Commission,11_sales,1,Microsoft.ExecuteSQLTask,Log Package Start,,,exec,ETL.USP_LOGPACKAGESTART,etl-control,ETL control,False,direct
SLS_APAC_Load_Commission,11_sales,2,Microsoft.ExecuteSQLTask,Truncate work_CommissionApac,,,write,WORK.COMMISSIONAPAC,staging-work,SQL Server Staging,False,direct
SLS_APAC_Load_Commission,11_sales,3,Microsoft.ExecuteSQLTask,Check 445 Calendar Coverage,,,read,STG.FISCALCALENDAR445,staging-stg,SQL Server Staging,False,direct
SLS_APAC_Load_Commission,11_sales,3,Microsoft.ExecuteSQLTask,Check 445 Calendar Coverage,,,read,STG.SALELINE,staging-stg,SQL Server Staging,True,direct
SLS_APAC_Load_Commission,11_sales,4,Microsoft.Pipeline,Calculate APAC Commission,stg SaleLine APAC,WWI_Staging_DB,read,STG.COMMISSIONPLAN,staging-stg,SQL Server Staging,False,direct
SLS_APAC_Load_Commission,11_sales,4,Microsoft.Pipeline,Calculate APAC Commission,stg SaleLine APAC,WWI_Staging_DB,read,STG.FISCALCALENDAR445,staging-stg,SQL Server Staging,False,direct
SLS_APAC_Load_Commission,11_sales,4,Microsoft.Pipeline,Calculate APAC Commission,stg SaleLine APAC,WWI_Staging_DB,read,STG.SALELINE,staging-stg,SQL Server Staging,True,direct
SLS_APAC_Load_Commission,11_sales,4,Microsoft.Pipeline,Calculate APAC Commission,Lookup Period Average Rate,WWI_Staging_DB,read,STG.FXRATE,staging-stg,SQL Server Staging,True,direct
SLS_APAC_Load_Commission,11_sales,4,Microsoft.Pipeline,Calculate APAC Commission,Lookup Period Average Rate,WWI_Staging_DB,lookup,STG.FXRATE,staging-stg,SQL Server Staging,True,direct
SLS_APAC_Load_Commission,11_sales,4,Microsoft.Pipeline,Calculate APAC Commission,Reject Missing FX,WWI_Staging_DB,write,ERR.COMMISSIONAPACREJECT,staging-err,SQL Server Staging,False,direct
SLS_APAC_Load_Commission,11_sales,4,Microsoft.Pipeline,Calculate APAC Commission,work CommissionApac,WWI_Staging_DB,write,WORK.COMMISSIONAPAC,staging-work,SQL Server Staging,False,direct
SLS_APAC_Load_Commission,11_sales,5,Microsoft.ExecuteSQLTask,Count Period Boundary Lines,,,read,WORK.COMMISSIONAPAC,staging-work,SQL Server Staging,False,direct
SLS_APAC_Load_Commission,11_sales,6,Microsoft.ExecuteSQLTask,Post APAC Commission,,,exec,INTEGRATION.USP_POSTCOMMISSION,dw-integration,SQL Server DW,False,direct
SLS_APAC_Load_Commission,11_sales,7,Microsoft.ExecuteSQLTask,Log Row Counts,,,exec,ETL.USP_LOGROWCOUNT,etl-control,ETL control,False,direct
SLS_APAC_Load_Commission,11_sales,8,Microsoft.ExecuteSQLTask,Log Package Success,,,exec,ETL.USP_LOGPACKAGEEND,etl-control,ETL control,False,direct
SLS_APAC_Load_Commission,11_sales,9,Microsoft.ExecuteSQLTask,Log Error,,,exec,ETL.USP_LOGERROR,etl-control,ETL control,False,direct
SLS_APAC_Load_Commission,11_sales,10,Microsoft.ExecuteSQLTask,Mark Execution Failed,,,exec,ETL.USP_LOGPACKAGEEND,etl-control,ETL control,False,direct
SLS_EU_Load_Commission,11_sales,1,Microsoft.ExecuteSQLTask,Log Package Start,,,exec,ETL.USP_LOGPACKAGESTART,etl-control,ETL control,False,direct
SLS_EU_Load_Commission,11_sales,2,Microsoft.ExecuteSQLTask,Truncate work_CommissionEu,,,write,WORK.COMMISSIONEU,staging-work,SQL Server Staging,False,direct
SLS_EU_Load_Commission,11_sales,3,Microsoft.Pipeline,Calculate EU Commission,stg SaleLine EU,WWI_Staging_DB,read,STG.COMMISSIONPLAN,staging-stg,SQL Server Staging,False,direct
SLS_EU_Load_Commission,11_sales,3,Microsoft.Pipeline,Calculate EU Commission,stg SaleLine EU,WWI_Staging_DB,read,STG.FXRATE,staging-stg,SQL Server Staging,True,direct
SLS_EU_Load_Commission,11_sales,3,Microsoft.Pipeline,Calculate EU Commission,stg SaleLine EU,WWI_Staging_DB,read,STG.SALELINE,staging-stg,SQL Server Staging,True,direct
SLS_EU_Load_Commission,11_sales,3,Microsoft.Pipeline,Calculate EU Commission,work CommissionEuHeld,WWI_Staging_DB,write,WORK.COMMISSIONEUHELD,staging-work,SQL Server Staging,False,direct
SLS_EU_Load_Commission,11_sales,3,Microsoft.Pipeline,Calculate EU Commission,work CommissionEu,WWI_Staging_DB,write,WORK.COMMISSIONEU,staging-work,SQL Server Staging,False,direct
SLS_EU_Load_Commission,11_sales,4,Microsoft.ExecuteSQLTask,Release Cash Basis Lines With Payment,,,read,STG.CUSTOMERPAYMENT,staging-stg,SQL Server Staging,False,direct
SLS_EU_Load_Commission,11_sales,4,Microsoft.ExecuteSQLTask,Release Cash Basis Lines With Payment,,,read,WORK.COMMISSIONEUHELD,staging-work,SQL Server Staging,False,direct
SLS_EU_Load_Commission,11_sales,4,Microsoft.ExecuteSQLTask,Release Cash Basis Lines With Payment,,,write,WORK.COMMISSIONEU,staging-work,SQL Server Staging,False,direct
SLS_EU_Load_Commission,11_sales,5,Microsoft.ExecuteSQLTask,Count Capped Representatives,,,read,WORK.COMMISSIONEU,staging-work,SQL Server Staging,False,direct
SLS_EU_Load_Commission,11_sales,6,Microsoft.ExecuteSQLTask,Post EU Commission,,,exec,INTEGRATION.USP_POSTCOMMISSION,dw-integration,SQL Server DW,False,direct
SLS_EU_Load_Commission,11_sales,7,Microsoft.ExecuteSQLTask,Log Row Counts,,,exec,ETL.USP_LOGROWCOUNT,etl-control,ETL control,False,direct
SLS_EU_Load_Commission,11_sales,8,Microsoft.ExecuteSQLTask,Log Package Success,,,exec,ETL.USP_LOGPACKAGEEND,etl-control,ETL control,False,direct
SLS_EU_Load_Commission,11_sales,9,Microsoft.ExecuteSQLTask,Log Error,,,exec,ETL.USP_LOGERROR,etl-control,ETL control,False,direct
SLS_EU_Load_Commission,11_sales,10,Microsoft.ExecuteSQLTask,Mark Execution Failed,,,exec,ETL.USP_LOGPACKAGEEND,etl-control,ETL control,False,direct
SLS_Export_PartnerFeed,11_sales,1,Microsoft.ExecuteSQLTask,Log Package Start,,,exec,ETL.USP_LOGPACKAGESTART,etl-control,ETL control,False,direct
SLS_Export_PartnerFeed,11_sales,2,Microsoft.ExecuteSQLTask,Truncate work_PartnerFeedRow,,,write,WORK.PARTNERFEEDROW,staging-work,SQL Server Staging,False,direct
SLS_Export_PartnerFeed,11_sales,3,Microsoft.ExecuteSQLTask,Build Partner Feed Rows,,,read,DIMENSION.CUSTOMER,dw-dimension,SQL Server DW,True,direct
SLS_Export_PartnerFeed,11_sales,3,Microsoft.ExecuteSQLTask,Build Partner Feed Rows,,,read,DIMENSION.PARTNER,dw-dimension,SQL Server DW,False,direct
SLS_Export_PartnerFeed,11_sales,3,Microsoft.ExecuteSQLTask,Build Partner Feed Rows,,,read,DIMENSION.STOCK ITEM,dw-dimension,SQL Server DW,True,direct
SLS_Export_PartnerFeed,11_sales,3,Microsoft.ExecuteSQLTask,Build Partner Feed Rows,,,read,FACT.SALE,dw-fact,SQL Server DW,True,direct
SLS_Export_PartnerFeed,11_sales,3,Microsoft.ExecuteSQLTask,Build Partner Feed Rows,,,read,WORK.FXREVALUATIONRATE,staging-work,SQL Server Staging,False,direct
SLS_Export_PartnerFeed,11_sales,3,Microsoft.ExecuteSQLTask,Build Partner Feed Rows,,,write,WORK.PARTNERFEEDROW,staging-work,SQL Server Staging,False,direct
SLS_Export_PartnerFeed,11_sales,4,Microsoft.ExecuteSQLTask,Suppress Unconsented EU Rows,,,read,WORK.PARTNERFEEDROW,staging-work,SQL Server Staging,False,direct
SLS_Export_PartnerFeed,11_sales,4,Microsoft.ExecuteSQLTask,Suppress Unconsented EU Rows,,,write,WORK.PARTNERFEEDROW,staging-work,SQL Server Staging,False,direct
SLS_Export_PartnerFeed,11_sales,5,Microsoft.ExecuteSQLTask,Count Feed Rows,,,read,WORK.PARTNERFEEDROW,staging-work,SQL Server Staging,False,direct
SLS_Export_PartnerFeed,11_sales,7,Microsoft.Pipeline,Write Partner Feed,work PartnerFeedRow,WWI_Staging_DB,read,WORK.PARTNERFEEDROW,staging-work,SQL Server Staging,False,direct
SLS_Export_PartnerFeed,11_sales,7,Microsoft.Pipeline,Write Partner Feed,work PartnerFeedArchive,WWI_Staging_DB,write,WORK.PARTNERFEEDARCHIVE,staging-work,SQL Server Staging,False,direct
SLS_Export_PartnerFeed,11_sales,8,Microsoft.ExecuteSQLTask,Log Row Counts,,,exec,ETL.USP_LOGROWCOUNT,etl-control,ETL control,False,direct
SLS_Export_PartnerFeed,11_sales,9,Microsoft.ExecuteSQLTask,Log Package Success,,,exec,ETL.USP_LOGPACKAGEEND,etl-control,ETL control,False,direct
SLS_Export_PartnerFeed,11_sales,10,Microsoft.ExecuteSQLTask,Log Error,,,exec,ETL.USP_LOGERROR,etl-control,ETL control,False,direct
SLS_Export_PartnerFeed,11_sales,11,Microsoft.ExecuteSQLTask,Mark Execution Failed,,,exec,ETL.USP_LOGPACKAGEEND,etl-control,ETL control,False,direct
SLS_Load_PromotionRedemption,11_sales,1,Microsoft.ExecuteSQLTask,Log Package Start,,,exec,ETL.USP_LOGPACKAGESTART,etl-control,ETL control,False,direct
SLS_Load_PromotionRedemption,11_sales,2,Microsoft.ExecuteSQLTask,Truncate work_PromotionRedemption,,,write,WORK.PROMOTIONREDEMPTION,staging-work,SQL Server Staging,False,direct
SLS_Load_PromotionRedemption,11_sales,3,Microsoft.Pipeline,Attribute Redemptions,stg Promotion Redemptions,WWI_Staging_DB,read,STG.PROMOTION,staging-stg,SQL Server Staging,True,direct
SLS_Load_PromotionRedemption,11_sales,3,Microsoft.Pipeline,Attribute Redemptions,stg Promotion Redemptions,WWI_Staging_DB,read,STG.PROMOTIONREDEMPTION,staging-stg,SQL Server Staging,False,direct
SLS_Load_PromotionRedemption,11_sales,3,Microsoft.Pipeline,Attribute Redemptions,work PromotionSpill,WWI_Staging_DB,write,WORK.PROMOTIONSPILL,staging-work,SQL Server Staging,False,direct
SLS_Load_PromotionRedemption,11_sales,3,Microsoft.Pipeline,Attribute Redemptions,Aggregate Promotion Effectiveness,WWI_DW_Destination_DB,write,AGGREGATE.PROMOTION EFFECTIVENESS,dw-aggregate,SQL Server DW,True,direct
SLS_Load_PromotionRedemption,11_sales,4,Microsoft.ExecuteSQLTask,Flag Over Budget Promotions,,,read,AGGREGATE.PROMOTION EFFECTIVENESS,dw-aggregate,SQL Server DW,True,direct
SLS_Load_PromotionRedemption,11_sales,4,Microsoft.ExecuteSQLTask,Flag Over Budget Promotions,,,read,STG.PROMOTION,staging-stg,SQL Server Staging,True,direct
SLS_Load_PromotionRedemption,11_sales,4,Microsoft.ExecuteSQLTask,Flag Over Budget Promotions,,,write,AGGREGATE.PROMOTION EFFECTIVENESS,dw-aggregate,SQL Server DW,True,direct
SLS_Load_PromotionRedemption,11_sales,5,Microsoft.ExecuteSQLTask,Count Spill Redemptions,,,read,WORK.PROMOTIONSPILL,staging-work,SQL Server Staging,False,direct
SLS_Load_PromotionRedemption,11_sales,6,Microsoft.ExecuteSQLTask,Log Row Counts,,,exec,ETL.USP_LOGROWCOUNT,etl-control,ETL control,False,direct
SLS_Load_PromotionRedemption,11_sales,7,Microsoft.ExecuteSQLTask,Log Package Success,,,exec,ETL.USP_LOGPACKAGEEND,etl-control,ETL control,False,direct
SLS_Load_PromotionRedemption,11_sales,8,Microsoft.ExecuteSQLTask,Log Error,,,exec,ETL.USP_LOGERROR,etl-control,ETL control,False,direct
SLS_Load_PromotionRedemption,11_sales,9,Microsoft.ExecuteSQLTask,Mark Execution Failed,,,exec,ETL.USP_LOGPACKAGEEND,etl-control,ETL control,False,direct
SLS_Load_QuotaAttainment,11_sales,1,Microsoft.ExecuteSQLTask,Log Package Start,,,exec,ETL.USP_LOGPACKAGESTART,etl-control,ETL control,False,direct
SLS_Load_QuotaAttainment,11_sales,2,Microsoft.ExecuteSQLTask,Truncate work_QuotaAttainment,,,write,WORK.QUOTAATTAINMENT,staging-work,SQL Server Staging,False,direct
SLS_Load_QuotaAttainment,11_sales,3,Microsoft.ExecuteSQLTask,Find Territories Without Quota,,,read,STG.SALESQUOTA,staging-stg,SQL Server Staging,False,direct
SLS_Load_QuotaAttainment,11_sales,3,Microsoft.ExecuteSQLTask,Find Territories Without Quota,,,read,STG.SALESTERRITORY,staging-stg,SQL Server Staging,True,direct
SLS_Load_QuotaAttainment,11_sales,4,Microsoft.ExecuteSQLTask,Build Attainment By Region,,,read,STG.CREDITNOTE,staging-stg,SQL Server Staging,True,direct
SLS_Load_QuotaAttainment,11_sales,4,Microsoft.ExecuteSQLTask,Build Attainment By Region,,,read,STG.FISCALCALENDAR445,staging-stg,SQL Server Staging,False,direct
SLS_Load_QuotaAttainment,11_sales,4,Microsoft.ExecuteSQLTask,Build Attainment By Region,,,read,STG.ORDERLINE,staging-stg,SQL Server Staging,True,direct
SLS_Load_QuotaAttainment,11_sales,4,Microsoft.ExecuteSQLTask,Build Attainment By Region,,,read,STG.SALELINE,staging-stg,SQL Server Staging,True,direct
SLS_Load_QuotaAttainment,11_sales,4,Microsoft.ExecuteSQLTask,Build Attainment By Region,,,read,STG.SALESQUOTA,staging-stg,SQL Server Staging,False,direct
SLS_Load_QuotaAttainment,11_sales,4,Microsoft.ExecuteSQLTask,Build Attainment By Region,,,read,STG.SALESTERRITORY,staging-stg,SQL Server Staging,True,direct
SLS_Load_QuotaAttainment,11_sales,4,Microsoft.ExecuteSQLTask,Build Attainment By Region,,,write,WORK.QUOTAATTAINMENT,staging-work,SQL Server Staging,False,direct
SLS_Load_QuotaAttainment,11_sales,5,Microsoft.Pipeline,Publish Quota Attainment,work QuotaAttainment,WWI_Staging_DB,read,WORK.QUOTAATTAINMENT,staging-work,SQL Server Staging,False,direct
SLS_Load_QuotaAttainment,11_sales,5,Microsoft.Pipeline,Publish Quota Attainment,Aggregate Regional Sales Performance,WWI_DW_Destination_DB,write,AGGREGATE.REGIONAL SALES PERFORMANCE,dw-aggregate,SQL Server DW,True,direct
SLS_Load_QuotaAttainment,11_sales,6,Microsoft.ExecuteSQLTask,Log Row Counts,,,exec,ETL.USP_LOGROWCOUNT,etl-control,ETL control,False,direct
SLS_Load_QuotaAttainment,11_sales,7,Microsoft.ExecuteSQLTask,Log Package Success,,,exec,ETL.USP_LOGPACKAGEEND,etl-control,ETL control,False,direct
SLS_Load_QuotaAttainment,11_sales,8,Microsoft.ExecuteSQLTask,Log Error,,,exec,ETL.USP_LOGERROR,etl-control,ETL control,False,direct
SLS_Load_QuotaAttainment,11_sales,9,Microsoft.ExecuteSQLTask,Mark Execution Failed,,,exec,ETL.USP_LOGPACKAGEEND,etl-control,ETL control,False,direct
SLS_NA_Load_Commission,11_sales,1,Microsoft.ExecuteSQLTask,Log Package Start,,,exec,ETL.USP_LOGPACKAGESTART,etl-control,ETL control,False,direct
SLS_NA_Load_Commission,11_sales,2,Microsoft.ExecuteSQLTask,Truncate work_CommissionNa,,,write,WORK.COMMISSIONNA,staging-work,SQL Server Staging,False,direct
SLS_NA_Load_Commission,11_sales,3,Microsoft.ExecuteSQLTask,Find Reps Without A Plan,,,read,STG.COMMISSIONPLAN,staging-stg,SQL Server Staging,False,direct
SLS_NA_Load_Commission,11_sales,3,Microsoft.ExecuteSQLTask,Find Reps Without A Plan,,,read,STG.SALELINE,staging-stg,SQL Server Staging,True,direct
SLS_NA_Load_Commission,11_sales,4,Microsoft.Pipeline,Calculate NA Commission,stg SaleLine NA,WWI_Staging_DB,read,STG.COMMISSIONPLAN,staging-stg,SQL Server Staging,False,direct
SLS_NA_Load_Commission,11_sales,4,Microsoft.Pipeline,Calculate NA Commission,stg SaleLine NA,WWI_Staging_DB,read,STG.SALELINE,staging-stg,SQL Server Staging,True,direct
SLS_NA_Load_Commission,11_sales,4,Microsoft.Pipeline,Calculate NA Commission,Lookup House Account Flag,WWI_DW_Destination_DB,read,DIMENSION.CUSTOMER,dw-dimension,SQL Server DW,True,direct
SLS_NA_Load_Commission,11_sales,4,Microsoft.Pipeline,Calculate NA Commission,Lookup House Account Flag,WWI_DW_Destination_DB,lookup,DIMENSION.CUSTOMER,dw-dimension,SQL Server DW,True,direct
SLS_NA_Load_Commission,11_sales,4,Microsoft.Pipeline,Calculate NA Commission,work CommissionNa,WWI_Staging_DB,write,WORK.COMMISSIONNA,staging-work,SQL Server Staging,False,direct
SLS_NA_Load_Commission,11_sales,5,Microsoft.ExecuteSQLTask,Post NA Commission,,,exec,INTEGRATION.USP_POSTCOMMISSION,dw-integration,SQL Server DW,False,direct
SLS_NA_Load_Commission,11_sales,6,Microsoft.ExecuteSQLTask,Log Row Counts,,,exec,ETL.USP_LOGROWCOUNT,etl-control,ETL control,False,direct
SLS_NA_Load_Commission,11_sales,7,Microsoft.ExecuteSQLTask,Log Package Success,,,exec,ETL.USP_LOGPACKAGEEND,etl-control,ETL control,False,direct
SLS_NA_Load_Commission,11_sales,8,Microsoft.ExecuteSQLTask,Log Error,,,exec,ETL.USP_LOGERROR,etl-control,ETL control,False,direct
SLS_NA_Load_Commission,11_sales,9,Microsoft.ExecuteSQLTask,Mark Execution Failed,,,exec,ETL.USP_LOGPACKAGEEND,etl-control,ETL control,False,direct
STG_Load_ApInvoice,04_staging,1,Microsoft.ExecuteSQLTask,Log Package Start,,,exec,ETL.USP_LOGPACKAGESTART,etl-control,ETL control,False,direct
STG_Load_ApInvoice,04_staging,2,Microsoft.ExecuteSQLTask,Get Watermark,,,exec,ETL.USP_GETWATERMARK,etl-control,ETL control,False,direct
STG_Load_ApInvoice,04_staging,3,Microsoft.Pipeline,DFT AP Invoice Header,RAW Oracle AP Invoice Header,WWI_Staging_DB,read,RAW.ORACLEAPINVOICEHDR,staging-raw,SQL Server Staging,True,direct
STG_Load_ApInvoice,04_staging,3,Microsoft.Pipeline,DFT AP Invoice Header,Lookup Payment Terms (Full Cache),WWI_Staging_DB,read,REF.PAYMENTTERMS,reference,SQL Server DW,False,direct
STG_Load_ApInvoice,04_staging,3,Microsoft.Pipeline,DFT AP Invoice Header,Lookup Payment Terms (Full Cache),WWI_Staging_DB,lookup,REF.PAYMENTTERMS,reference,SQL Server DW,False,direct
STG_Load_ApInvoice,04_staging,3,Microsoft.Pipeline,DFT AP Invoice Header,Lookup Invoice FX Rate (No Cache),WWI_Staging_DB,read,STG.FXRATE,staging-stg,SQL Server Staging,True,direct
STG_Load_ApInvoice,04_staging,3,Microsoft.Pipeline,DFT AP Invoice Header,Lookup Invoice FX Rate (No Cache),WWI_Staging_DB,lookup,STG.FXRATE,staging-stg,SQL Server Staging,True,direct
STG_Load_ApInvoice,04_staging,3,Microsoft.Pipeline,DFT AP Invoice Header,ERR Invoice Unknown Terms,WWI_Staging_DB,write,ERR.REJECTEDLOOKUPFAILURE,staging-err,SQL Server Staging,True,direct
STG_Load_ApInvoice,04_staging,3,Microsoft.Pipeline,DFT AP Invoice Header,ERR Invoice Unknown FX,WWI_Staging_DB,write,ERR.REJECTEDLOOKUPFAILURE,staging-err,SQL Server Staging,True,direct
STG_Load_ApInvoice,04_staging,3,Microsoft.Pipeline,DFT AP Invoice Header,ERR Invoice Tax Exceeds Gross,WWI_Staging_DB,write,ERR.REJECTEDINVOICELINE,staging-err,SQL Server Staging,True,direct
STG_Load_ApInvoice,04_staging,3,Microsoft.Pipeline,DFT AP Invoice Header,ERR Invoice Non Positive,WWI_Staging_DB,write,ERR.REJECTEDINVOICELINE,staging-err,SQL Server Staging,True,direct
STG_Load_ApInvoice,04_staging,3,Microsoft.Pipeline,DFT AP Invoice Header,STG ApInvoice,WWI_Staging_DB,write,STG.APINVOICE,staging-stg,SQL Server Staging,True,direct
STG_Load_ApInvoice,04_staging,4,Microsoft.Pipeline,DFT AP Invoice Line,RAW Oracle AP Invoice Line,WWI_Staging_DB,read,RAW.ORACLEAPINVOICEHDR,staging-raw,SQL Server Staging,True,direct
STG_Load_ApInvoice,04_staging,4,Microsoft.Pipeline,DFT AP Invoice Line,RAW Oracle AP Invoice Line,WWI_Staging_DB,read,RAW.ORACLEAPINVOICELINE,staging-raw,SQL Server Staging,True,direct
STG_Load_ApInvoice,04_staging,4,Microsoft.Pipeline,DFT AP Invoice Line,Lookup Cost Center (Full Cache),WWI_Staging_DB,read,STG.COSTCENTER,staging-stg,SQL Server Staging,True,direct
STG_Load_ApInvoice,04_staging,4,Microsoft.Pipeline,DFT AP Invoice Line,Lookup Cost Center (Full Cache),WWI_Staging_DB,lookup,STG.COSTCENTER,staging-stg,SQL Server Staging,True,direct
STG_Load_ApInvoice,04_staging,4,Microsoft.Pipeline,DFT AP Invoice Line,Lookup Tax Rate (Partial Cache),WWI_Staging_DB,read,STG.TAXRATE,staging-stg,SQL Server Staging,True,direct
STG_Load_ApInvoice,04_staging,4,Microsoft.Pipeline,DFT AP Invoice Line,Lookup Tax Rate (Partial Cache),WWI_Staging_DB,lookup,STG.TAXRATE,staging-stg,SQL Server Staging,True,direct
STG_Load_ApInvoice,04_staging,4,Microsoft.Pipeline,DFT AP Invoice Line,ERR Invoice Line Unknown Cost Center,WWI_Staging_DB,write,ERR.REJECTEDLOOKUPFAILURE,staging-err,SQL Server Staging,True,direct
STG_Load_ApInvoice,04_staging,4,Microsoft.Pipeline,DFT AP Invoice Line,STG ApInvoiceLine,WWI_Staging_DB,write,STG.APINVOICELINE,staging-stg,SQL Server Staging,True,direct
STG_Load_ApInvoice,04_staging,5,Microsoft.ExecuteSQLTask,Convert Invoice Currency Amounts,,,exec,STG.USP_CONVERTCURRENCYAMOUNTS,staging-stg,SQL Server Staging,False,direct
STG_Load_ApInvoice,04_staging,6,Microsoft.ExecuteSQLTask,Register Rejects - stg_ApInvoice,,,read,ERR.REJECTEDINVOICELINE,staging-err,SQL Server Staging,True,direct
STG_Load_ApInvoice,04_staging,6,Microsoft.ExecuteSQLTask,Register Rejects - stg_ApInvoice,,,write,ERR.REJECTEDINVOICELINE,staging-err,SQL Server Staging,True,direct
STG_Load_ApInvoice,04_staging,6,Microsoft.ExecuteSQLTask,Register Rejects - stg_ApInvoice,,,exec,ETL.USP_LOGREJECTEDRECORD,etl-control,ETL control,False,direct
STG_Load_ApInvoice,04_staging,7,Microsoft.ExecuteSQLTask,Set Watermark,,,exec,ETL.USP_SETWATERMARK,etl-control,ETL control,False,direct
STG_Load_ApInvoice,04_staging,8,Microsoft.ExecuteSQLTask,Log Row Counts,,,exec,ETL.USP_LOGROWCOUNT,etl-control,ETL control,False,direct
STG_Load_ApInvoice,04_staging,9,Microsoft.ExecuteSQLTask,Log Package Success,,,exec,ETL.USP_LOGPACKAGEEND,etl-control,ETL control,False,direct
STG_Load_ApInvoice,04_staging,10,Microsoft.ExecuteSQLTask,Log Error,,,exec,ETL.USP_LOGERROR,etl-control,ETL control,False,direct
STG_Load_ApInvoice,04_staging,11,Microsoft.ExecuteSQLTask,Mark Execution Failed,,,exec,ETL.USP_LOGPACKAGEEND,etl-control,ETL control,False,direct
STG_Load_CostCenter,04_staging,1,Microsoft.ExecuteSQLTask,Log Package Start,,,exec,ETL.USP_LOGPACKAGESTART,etl-control,ETL control,False,direct
STG_Load_CostCenter,04_staging,2,Microsoft.ExecuteSQLTask,Truncate _stg___CostCenter_,,,write,STG.COSTCENTER,staging-stg,SQL Server Staging,True,direct
STG_Load_CostCenter,04_staging,3,Microsoft.Pipeline,DFT Conform Cost Center,RAW Oracle Cost Center,WWI_Staging_DB,read,RAW.ORACLECOSTCENTER,staging-raw,SQL Server Staging,True,direct
STG_Load_CostCenter,04_staging,3,Microsoft.Pipeline,DFT Conform Cost Center,Lookup Parent Cost Center (No Cache),WWI_Staging_DB,read,STG.COSTCENTER,staging-stg,SQL Server Staging,True,direct
STG_Load_CostCenter,04_staging,3,Microsoft.Pipeline,DFT Conform Cost Center,Lookup Parent Cost Center (No Cache),WWI_Staging_DB,lookup,STG.COSTCENTER,staging-stg,SQL Server Staging,True,direct
STG_Load_CostCenter,04_staging,3,Microsoft.Pipeline,DFT Conform Cost Center,STG CostCenter Closed,WWI_Staging_DB,write,STG.COSTCENTER,staging-stg,SQL Server Staging,True,direct
STG_Load_CostCenter,04_staging,3,Microsoft.Pipeline,DFT Conform Cost Center,ERR CostCenter Orphan,WWI_Staging_DB,write,ERR.REJECTEDLOOKUPFAILURE,staging-err,SQL Server Staging,True,direct
STG_Load_CostCenter,04_staging,3,Microsoft.Pipeline,DFT Conform Cost Center,STG CostCenter,WWI_Staging_DB,write,STG.COSTCENTER,staging-stg,SQL Server Staging,True,direct
STG_Load_CostCenter,04_staging,4,Microsoft.ExecuteSQLTask,Translate Cost Center Function Codes,,,exec,STG.USP_TRANSLATESOURCECODES,staging-stg,SQL Server Staging,False,direct
STG_Load_CostCenter,04_staging,5,Microsoft.ExecuteSQLTask,Register Rejects - stg_CostCenter,,,read,ERR.REJECTEDLOOKUPFAILURE,staging-err,SQL Server Staging,True,direct
STG_Load_CostCenter,04_staging,5,Microsoft.ExecuteSQLTask,Register Rejects - stg_CostCenter,,,write,ERR.REJECTEDLOOKUPFAILURE,staging-err,SQL Server Staging,True,direct
STG_Load_CostCenter,04_staging,5,Microsoft.ExecuteSQLTask,Register Rejects - stg_CostCenter,,,exec,ETL.USP_LOGREJECTEDRECORD,etl-control,ETL control,False,direct
STG_Load_CostCenter,04_staging,6,Microsoft.ExecuteSQLTask,Log Row Counts,,,exec,ETL.USP_LOGROWCOUNT,etl-control,ETL control,False,direct
STG_Load_CostCenter,04_staging,7,Microsoft.ExecuteSQLTask,Log Package Success,,,exec,ETL.USP_LOGPACKAGEEND,etl-control,ETL control,False,direct
STG_Load_CostCenter,04_staging,8,Microsoft.ExecuteSQLTask,Log Error,,,exec,ETL.USP_LOGERROR,etl-control,ETL control,False,direct
STG_Load_CostCenter,04_staging,9,Microsoft.ExecuteSQLTask,Mark Execution Failed,,,exec,ETL.USP_LOGPACKAGEEND,etl-control,ETL control,False,direct
STG_Load_Currency,04_staging,1,Microsoft.ExecuteSQLTask,Log Package Start,,,exec,ETL.USP_LOGPACKAGESTART,etl-control,ETL control,False,direct
STG_Load_Currency,04_staging,2,Microsoft.ExecuteSQLTask,Truncate _stg___Currency_,,,write,STG.CURRENCY,staging-stg,SQL Server Staging,True,direct
STG_Load_Currency,04_staging,3,Microsoft.ExecuteSQLTask,Truncate _stg___FxRate_,,,write,STG.FXRATE,staging-stg,SQL Server Staging,True,direct
STG_Load_Currency,04_staging,4,Microsoft.Pipeline,DFT Conform Currency,RAW Oracle Currency,WWI_Staging_DB,read,RAW.ORACLECURRENCY,staging-raw,SQL Server Staging,True,direct
STG_Load_Currency,04_staging,4,Microsoft.Pipeline,DFT Conform Currency,STG Currency,WWI_Staging_DB,write,STG.CURRENCY,staging-stg,SQL Server Staging,True,direct
STG_Load_Currency,04_staging,4,Microsoft.Pipeline,DFT Conform Currency,ERR Currency Invalid,WWI_Staging_DB,write,ERR.REJECTEDCONSTRAINTVIOLATION,staging-err,SQL Server Staging,True,direct
STG_Load_Currency,04_staging,5,Microsoft.Pipeline,DFT Conform FX Rate,RAW Oracle FX Rate,WWI_Staging_DB,read,RAW.FILEFXOVERRIDE,staging-raw,SQL Server Staging,True,direct
STG_Load_Currency,04_staging,5,Microsoft.Pipeline,DFT Conform FX Rate,RAW Oracle FX Rate,WWI_Staging_DB,read,RAW.ORACLEFXRATE,staging-raw,SQL Server Staging,True,direct
STG_Load_Currency,04_staging,5,Microsoft.Pipeline,DFT Conform FX Rate,ERR FX Source Errors,WWI_Staging_DB,write,ERR.REJECTEDCONSTRAINTVIOLATION,staging-err,SQL Server Staging,True,direct
STG_Load_Currency,04_staging,5,Microsoft.Pipeline,DFT Conform FX Rate,Lookup USD Cross Rate (Partial Cache),WWI_Staging_DB,read,STG.FXRATE,staging-stg,SQL Server Staging,True,direct
STG_Load_Currency,04_staging,5,Microsoft.Pipeline,DFT Conform FX Rate,Lookup USD Cross Rate (Partial Cache),WWI_Staging_DB,lookup,STG.FXRATE,staging-stg,SQL Server Staging,True,direct
STG_Load_Currency,04_staging,5,Microsoft.Pipeline,DFT Conform FX Rate,STG FxRate,WWI_Staging_DB,write,STG.FXRATE,staging-stg,SQL Server Staging,True,direct
STG_Load_Currency,04_staging,6,Microsoft.ExecuteSQLTask,Convert Outstanding Amounts,,,exec,STG.USP_CONVERTCURRENCYAMOUNTS,staging-stg,SQL Server Staging,False,direct
STG_Load_Currency,04_staging,7,Microsoft.ExecuteSQLTask,Log Row Counts,,,exec,ETL.USP_LOGROWCOUNT,etl-control,ETL control,False,direct
STG_Load_Currency,04_staging,8,Microsoft.ExecuteSQLTask,Log Package Success,,,exec,ETL.USP_LOGPACKAGEEND,etl-control,ETL control,False,direct
STG_Load_Currency,04_staging,9,Microsoft.ExecuteSQLTask,Log Error,,,exec,ETL.USP_LOGERROR,etl-control,ETL control,False,direct
STG_Load_Currency,04_staging,10,Microsoft.ExecuteSQLTask,Mark Execution Failed,,,exec,ETL.USP_LOGPACKAGEEND,etl-control,ETL control,False,direct
STG_Load_Customer,04_staging,1,Microsoft.ExecuteSQLTask,Log Package Start,,,exec,ETL.USP_LOGPACKAGESTART,etl-control,ETL control,False,direct
STG_Load_Customer,04_staging,2,Microsoft.ExecuteSQLTask,Truncate _stg___Customer_,,,write,STG.CUSTOMER,staging-stg,SQL Server Staging,True,direct
STG_Load_Customer,04_staging,3,Microsoft.Pipeline,DFT Conform Customer,RAW Oracle Customer Master,WWI_Staging_DB,read,RAW.ORACLECUSTOMERMASTER,staging-raw,SQL Server Staging,True,direct
STG_Load_Customer,04_staging,3,Microsoft.Pipeline,DFT Conform Customer,ERR Customer Source Errors,WWI_Staging_DB,write,ERR.REJECTEDCUSTOMER,staging-err,SQL Server Staging,True,direct
STG_Load_Customer,04_staging,3,Microsoft.Pipeline,DFT Conform Customer,Lookup Country (Full Cache),WWI_Staging_DB,read,REF.COUNTRY,reference,SQL Server DW,False,direct
STG_Load_Customer,04_staging,3,Microsoft.Pipeline,DFT Conform Customer,Lookup Country (Full Cache),WWI_Staging_DB,lookup,REF.COUNTRY,reference,SQL Server DW,False,direct
STG_Load_Customer,04_staging,3,Microsoft.Pipeline,DFT Conform Customer,ERR Customer Unknown Country,WWI_Staging_DB,write,ERR.REJECTEDCUSTOMER,staging-err,SQL Server Staging,True,direct
STG_Load_Customer,04_staging,3,Microsoft.Pipeline,DFT Conform Customer,ERR Customer Missing Name,WWI_Staging_DB,write,ERR.REJECTEDCUSTOMER,staging-err,SQL Server Staging,True,direct
STG_Load_Customer,04_staging,3,Microsoft.Pipeline,DFT Conform Customer,ERR Customer Malformed Code,WWI_Staging_DB,write,ERR.REJECTEDCUSTOMER,staging-err,SQL Server Staging,True,direct
STG_Load_Customer,04_staging,3,Microsoft.Pipeline,DFT Conform Customer,STG Customer,WWI_Staging_DB,write,STG.CUSTOMER,staging-stg,SQL Server Staging,True,direct
STG_Load_Customer,04_staging,4,Microsoft.ExecuteSQLTask,Normalize Customer Names,,,exec,STG.USP_NORMALIZECUSTOMER,staging-stg,SQL Server Staging,False,direct
STG_Load_Customer,04_staging,5,Microsoft.ExecuteSQLTask,Register Rejects - stg_Customer,,,read,ERR.REJECTEDCUSTOMER,staging-err,SQL Server Staging,True,direct
STG_Load_Customer,04_staging,5,Microsoft.ExecuteSQLTask,Register Rejects - stg_Customer,,,write,ERR.REJECTEDCUSTOMER,staging-err,SQL Server Staging,True,direct
STG_Load_Customer,04_staging,5,Microsoft.ExecuteSQLTask,Register Rejects - stg_Customer,,,exec,ETL.USP_LOGREJECTEDRECORD,etl-control,ETL control,False,direct
STG_Load_Customer,04_staging,6,Microsoft.ExecuteSQLTask,Log Row Counts,,,exec,ETL.USP_LOGROWCOUNT,etl-control,ETL control,False,direct
STG_Load_Customer,04_staging,7,Microsoft.ExecuteSQLTask,Log Package Success,,,exec,ETL.USP_LOGPACKAGEEND,etl-control,ETL control,False,direct
STG_Load_Customer,04_staging,8,Microsoft.ExecuteSQLTask,Log Error,,,exec,ETL.USP_LOGERROR,etl-control,ETL control,False,direct
STG_Load_Customer,04_staging,9,Microsoft.ExecuteSQLTask,Mark Execution Failed,,,exec,ETL.USP_LOGPACKAGEEND,etl-control,ETL control,False,direct
STG_Load_CustomerAddress,04_staging,1,Microsoft.ExecuteSQLTask,Log Package Start,,,exec,ETL.USP_LOGPACKAGESTART,etl-control,ETL control,False,direct
STG_Load_CustomerAddress,04_staging,2,Microsoft.ExecuteSQLTask,Truncate _stg___CustomerAddress_,,,write,STG.CUSTOMERADDRESS,staging-stg,SQL Server Staging,True,direct
STG_Load_CustomerAddress,04_staging,3,Microsoft.Pipeline,DFT Standardize NA Address,RAW NA Address,WWI_Staging_DB,read,RAW.ORACLECUSTOMERADDRESS,staging-raw,SQL Server Staging,True,direct
STG_Load_CustomerAddress,04_staging,3,Microsoft.Pipeline,DFT Standardize NA Address,Lookup NA Geography (No Cache),WWI_Staging_DB,read,STG.GEOGRAPHY,staging-stg,SQL Server Staging,True,direct
STG_Load_CustomerAddress,04_staging,3,Microsoft.Pipeline,DFT Standardize NA Address,Lookup NA Geography (No Cache),WWI_Staging_DB,lookup,STG.GEOGRAPHY,staging-stg,SQL Server Staging,True,direct
STG_Load_CustomerAddress,04_staging,3,Microsoft.Pipeline,DFT Standardize NA Address,ERR NA Unknown Geography,WWI_Staging_DB,write,ERR.REJECTEDLOOKUPFAILURE,staging-err,SQL Server Staging,True,direct
STG_Load_CustomerAddress,04_staging,3,Microsoft.Pipeline,DFT Standardize NA Address,ERR NA Invalid Postal,WWI_Staging_DB,write,ERR.REJECTEDCUSTOMER,staging-err,SQL Server Staging,True,direct
STG_Load_CustomerAddress,04_staging,3,Microsoft.Pipeline,DFT Standardize NA Address,STG NA CustomerAddress,WWI_Staging_DB,write,STG.CUSTOMERADDRESS,staging-stg,SQL Server Staging,True,direct
STG_Load_CustomerAddress,04_staging,4,Microsoft.Pipeline,DFT Standardize EU Address,RAW EU Address,WWI_Staging_DB,read,RAW.ORACLECUSTOMERADDRESS,staging-raw,SQL Server Staging,True,direct
STG_Load_CustomerAddress,04_staging,4,Microsoft.Pipeline,DFT Standardize EU Address,Lookup EU Geography (No Cache),WWI_Staging_DB,read,STG.GEOGRAPHY,staging-stg,SQL Server Staging,True,direct
STG_Load_CustomerAddress,04_staging,4,Microsoft.Pipeline,DFT Standardize EU Address,Lookup EU Geography (No Cache),WWI_Staging_DB,lookup,STG.GEOGRAPHY,staging-stg,SQL Server Staging,True,direct
STG_Load_CustomerAddress,04_staging,4,Microsoft.Pipeline,DFT Standardize EU Address,ERR EU Unknown Geography,WWI_Staging_DB,write,ERR.REJECTEDLOOKUPFAILURE,staging-err,SQL Server Staging,True,direct
STG_Load_CustomerAddress,04_staging,4,Microsoft.Pipeline,DFT Standardize EU Address,ERR EU Invalid Postal,WWI_Staging_DB,write,ERR.REJECTEDCUSTOMER,staging-err,SQL Server Staging,True,direct
STG_Load_CustomerAddress,04_staging,4,Microsoft.Pipeline,DFT Standardize EU Address,STG EU CustomerAddress,WWI_Staging_DB,write,STG.CUSTOMERADDRESS,staging-stg,SQL Server Staging,True,direct
STG_Load_CustomerAddress,04_staging,5,Microsoft.Pipeline,DFT Standardize APAC Address,RAW APAC Address,WWI_Staging_DB,read,RAW.ORACLECUSTOMERADDRESS,staging-raw,SQL Server Staging,True,direct
STG_Load_CustomerAddress,04_staging,5,Microsoft.Pipeline,DFT Standardize APAC Address,Lookup APAC Geography (No Cache),WWI_Staging_DB,read,STG.GEOGRAPHY,staging-stg,SQL Server Staging,True,direct
STG_Load_CustomerAddress,04_staging,5,Microsoft.Pipeline,DFT Standardize APAC Address,Lookup APAC Geography (No Cache),WWI_Staging_DB,lookup,STG.GEOGRAPHY,staging-stg,SQL Server Staging,True,direct
STG_Load_CustomerAddress,04_staging,5,Microsoft.Pipeline,DFT Standardize APAC Address,ERR APAC Unknown Geography,WWI_Staging_DB,write,ERR.REJECTEDLOOKUPFAILURE,staging-err,SQL Server Staging,True,direct
STG_Load_CustomerAddress,04_staging,5,Microsoft.Pipeline,DFT Standardize APAC Address,ERR APAC Invalid Postal,WWI_Staging_DB,write,ERR.REJECTEDCUSTOMER,staging-err,SQL Server Staging,True,direct
STG_Load_CustomerAddress,04_staging,5,Microsoft.Pipeline,DFT Standardize APAC Address,STG APAC CustomerAddress,WWI_Staging_DB,write,STG.CUSTOMERADDRESS,staging-stg,SQL Server Staging,True,direct
STG_Load_CustomerAddress,04_staging,6,Microsoft.ExecuteSQLTask,Normalize Address Casing,,,exec,STG.USP_NORMALIZEADDRESS,staging-stg,SQL Server Staging,False,direct
STG_Load_CustomerAddress,04_staging,7,Microsoft.ExecuteSQLTask,Register Rejects - stg_CustomerAddress,,,read,ERR.REJECTEDLOOKUPFAILURE,staging-err,SQL Server Staging,True,direct
STG_Load_CustomerAddress,04_staging,7,Microsoft.ExecuteSQLTask,Register Rejects - stg_CustomerAddress,,,write,ERR.REJECTEDLOOKUPFAILURE,staging-err,SQL Server Staging,True,direct
STG_Load_CustomerAddress,04_staging,7,Microsoft.ExecuteSQLTask,Register Rejects - stg_CustomerAddress,,,exec,ETL.USP_LOGREJECTEDRECORD,etl-control,ETL control,False,direct
STG_Load_CustomerAddress,04_staging,8,Microsoft.ExecuteSQLTask,Log Row Counts,,,exec,ETL.USP_LOGROWCOUNT,etl-control,ETL control,False,direct
STG_Load_CustomerAddress,04_staging,9,Microsoft.ExecuteSQLTask,Log Package Success,,,exec,ETL.USP_LOGPACKAGEEND,etl-control,ETL control,False,direct
STG_Load_CustomerAddress,04_staging,10,Microsoft.ExecuteSQLTask,Log Error,,,exec,ETL.USP_LOGERROR,etl-control,ETL control,False,direct
STG_Load_CustomerAddress,04_staging,11,Microsoft.ExecuteSQLTask,Mark Execution Failed,,,exec,ETL.USP_LOGPACKAGEEND,etl-control,ETL control,False,direct
STG_Load_Employee,04_staging,1,Microsoft.ExecuteSQLTask,Log Package Start,,,exec,ETL.USP_LOGPACKAGESTART,etl-control,ETL control,False,direct
STG_Load_Employee,04_staging,2,Microsoft.ExecuteSQLTask,Truncate _stg___Employee_,,,write,STG.EMPLOYEE,staging-stg,SQL Server Staging,True,direct
STG_Load_Employee,04_staging,3,Microsoft.ExecuteSQLTask,Truncate _stg___Salesperson_,,,write,STG.SALESPERSON,staging-stg,SQL Server Staging,True,direct
STG_Load_Employee,04_staging,4,Microsoft.Pipeline,DFT Conform Employee,RAW SQL Order People,WWI_Staging_DB,read,RAW.SQLORDER,staging-raw,SQL Server Staging,True,direct
STG_Load_Employee,04_staging,4,Microsoft.Pipeline,DFT Conform Employee,RAW SQL Order People,WWI_Staging_DB,read,RAW.SQLPERSON,staging-raw,SQL Server Staging,False,direct
STG_Load_Employee,04_staging,4,Microsoft.Pipeline,DFT Conform Employee,ERR Employee Source Errors,WWI_Staging_DB,write,ERR.REJECTEDCONSTRAINTVIOLATION,staging-err,SQL Server Staging,True,direct
STG_Load_Employee,04_staging,4,Microsoft.Pipeline,DFT Conform Employee,STG Employee,WWI_Staging_DB,write,STG.EMPLOYEE,staging-stg,SQL Server Staging,True,direct
STG_Load_Employee,04_staging,5,Microsoft.Pipeline,DFT Conform Salesperson,RAW SQL Salesperson Quota,WWI_Staging_DB,read,RAW.SQLORDER,staging-raw,SQL Server Staging,True,direct
STG_Load_Employee,04_staging,5,Microsoft.Pipeline,DFT Conform Salesperson,RAW SQL Salesperson Quota,WWI_Staging_DB,read,RAW.SQLSALESPERSONQUOTA,staging-raw,SQL Server Staging,False,direct
STG_Load_Employee,04_staging,5,Microsoft.Pipeline,DFT Conform Salesperson,Lookup Quota FX (Partial Cache),WWI_Staging_DB,read,STG.FXRATE,staging-stg,SQL Server Staging,True,direct
STG_Load_Employee,04_staging,5,Microsoft.Pipeline,DFT Conform Salesperson,Lookup Quota FX (Partial Cache),WWI_Staging_DB,lookup,STG.FXRATE,staging-stg,SQL Server Staging,True,direct
STG_Load_Employee,04_staging,5,Microsoft.Pipeline,DFT Conform Salesperson,STG Salesperson,WWI_Staging_DB,write,STG.SALESPERSON,staging-stg,SQL Server Staging,True,direct
STG_Load_Employee,04_staging,6,Microsoft.ExecuteSQLTask,Normalize Employee Names,,,exec,STG.USP_NORMALIZECUSTOMER,staging-stg,SQL Server Staging,False,direct
STG_Load_Employee,04_staging,7,Microsoft.ExecuteSQLTask,Register Rejects - stg_Employee,,,read,ERR.REJECTEDCONSTRAINTVIOLATION,staging-err,SQL Server Staging,True,direct
STG_Load_Employee,04_staging,7,Microsoft.ExecuteSQLTask,Register Rejects - stg_Employee,,,write,ERR.REJECTEDCONSTRAINTVIOLATION,staging-err,SQL Server Staging,True,direct
STG_Load_Employee,04_staging,7,Microsoft.ExecuteSQLTask,Register Rejects - stg_Employee,,,exec,ETL.USP_LOGREJECTEDRECORD,etl-control,ETL control,False,direct
STG_Load_Employee,04_staging,8,Microsoft.ExecuteSQLTask,Log Row Counts,,,exec,ETL.USP_LOGROWCOUNT,etl-control,ETL control,False,direct
STG_Load_Employee,04_staging,9,Microsoft.ExecuteSQLTask,Log Package Success,,,exec,ETL.USP_LOGPACKAGEEND,etl-control,ETL control,False,direct
STG_Load_Employee,04_staging,10,Microsoft.ExecuteSQLTask,Log Error,,,exec,ETL.USP_LOGERROR,etl-control,ETL control,False,direct
STG_Load_Employee,04_staging,11,Microsoft.ExecuteSQLTask,Mark Execution Failed,,,exec,ETL.USP_LOGPACKAGEEND,etl-control,ETL control,False,direct
STG_Load_Geography,04_staging,1,Microsoft.ExecuteSQLTask,Log Package Start,,,exec,ETL.USP_LOGPACKAGESTART,etl-control,ETL control,False,direct
STG_Load_Geography,04_staging,2,Microsoft.ExecuteSQLTask,Truncate _stg___Geography_,,,write,STG.GEOGRAPHY,staging-stg,SQL Server Staging,True,direct
STG_Load_Geography,04_staging,3,Microsoft.Pipeline,DFT Conform Geography,RAW Oracle Geography,WWI_Staging_DB,read,RAW.ORACLEGEOGRAPHY,staging-raw,SQL Server Staging,True,direct
STG_Load_Geography,04_staging,3,Microsoft.Pipeline,DFT Conform Geography,Lookup Sales Territory (Full Cache),WWI_Staging_DB,read,STG.SALESTERRITORY,staging-stg,SQL Server Staging,True,direct
STG_Load_Geography,04_staging,3,Microsoft.Pipeline,DFT Conform Geography,Lookup Sales Territory (Full Cache),WWI_Staging_DB,lookup,STG.SALESTERRITORY,staging-stg,SQL Server Staging,True,direct
STG_Load_Geography,04_staging,3,Microsoft.Pipeline,DFT Conform Geography,ERR Geography Unknown Territory,WWI_Staging_DB,write,ERR.REJECTEDLOOKUPFAILURE,staging-err,SQL Server Staging,True,direct
STG_Load_Geography,04_staging,3,Microsoft.Pipeline,DFT Conform Geography,ERR Geography Out Of Range,WWI_Staging_DB,write,ERR.REJECTEDCONSTRAINTVIOLATION,staging-err,SQL Server Staging,True,direct
STG_Load_Geography,04_staging,3,Microsoft.Pipeline,DFT Conform Geography,STG Geography,WWI_Staging_DB,write,STG.GEOGRAPHY,staging-stg,SQL Server Staging,True,direct
STG_Load_Geography,04_staging,4,Microsoft.ExecuteSQLTask,Reload Geography Hierarchy,,,exec,STG.USP_TRUNCATEANDRELOAD_GEOGRAPHY,staging-stg,SQL Server Staging,False,direct
STG_Load_Geography,04_staging,5,Microsoft.ExecuteSQLTask,Register Rejects - stg_Geography,,,read,ERR.REJECTEDCONSTRAINTVIOLATION,staging-err,SQL Server Staging,True,direct
STG_Load_Geography,04_staging,5,Microsoft.ExecuteSQLTask,Register Rejects - stg_Geography,,,write,ERR.REJECTEDCONSTRAINTVIOLATION,staging-err,SQL Server Staging,True,direct
STG_Load_Geography,04_staging,5,Microsoft.ExecuteSQLTask,Register Rejects - stg_Geography,,,exec,ETL.USP_LOGREJECTEDRECORD,etl-control,ETL control,False,direct
STG_Load_Geography,04_staging,6,Microsoft.ExecuteSQLTask,Log Row Counts,,,exec,ETL.USP_LOGROWCOUNT,etl-control,ETL control,False,direct
STG_Load_Geography,04_staging,7,Microsoft.ExecuteSQLTask,Log Package Success,,,exec,ETL.USP_LOGPACKAGEEND,etl-control,ETL control,False,direct
STG_Load_Geography,04_staging,8,Microsoft.ExecuteSQLTask,Log Error,,,exec,ETL.USP_LOGERROR,etl-control,ETL control,False,direct
STG_Load_Geography,04_staging,9,Microsoft.ExecuteSQLTask,Mark Execution Failed,,,exec,ETL.USP_LOGPACKAGEEND,etl-control,ETL control,False,direct
STG_Load_GlJournal,04_staging,1,Microsoft.ExecuteSQLTask,Log Package Start,,,exec,ETL.USP_LOGPACKAGESTART,etl-control,ETL control,False,direct
STG_Load_GlJournal,04_staging,2,Microsoft.ExecuteSQLTask,Get Watermark,,,exec,ETL.USP_GETWATERMARK,etl-control,ETL control,False,direct
STG_Load_GlJournal,04_staging,3,Microsoft.Pipeline,DFT Conform GL Journal,RAW Oracle GL Journal Line,WWI_Staging_DB,read,RAW.ORACLEGLJOURNALLINE,staging-raw,SQL Server Staging,True,direct
STG_Load_GlJournal,04_staging,3,Microsoft.Pipeline,DFT Conform GL Journal,Lookup GL Account (Full Cache),WWI_Staging_DB,read,REF.GLACCOUNT,reference,SQL Server DW,False,direct
STG_Load_GlJournal,04_staging,3,Microsoft.Pipeline,DFT Conform GL Journal,Lookup GL Account (Full Cache),WWI_Staging_DB,lookup,REF.GLACCOUNT,reference,SQL Server DW,False,direct
STG_Load_GlJournal,04_staging,3,Microsoft.Pipeline,DFT Conform GL Journal,ERR Journal Unknown Account,WWI_Staging_DB,write,ERR.REJECTEDLOOKUPFAILURE,staging-err,SQL Server Staging,True,direct
STG_Load_GlJournal,04_staging,3,Microsoft.Pipeline,DFT Conform GL Journal,ERR Journal Both Sides,WWI_Staging_DB,write,ERR.REJECTEDCONSTRAINTVIOLATION,staging-err,SQL Server Staging,True,direct
STG_Load_GlJournal,04_staging,3,Microsoft.Pipeline,DFT Conform GL Journal,ERR Journal Zero Value,WWI_Staging_DB,write,ERR.REJECTEDCONSTRAINTVIOLATION,staging-err,SQL Server Staging,True,direct
STG_Load_GlJournal,04_staging,3,Microsoft.Pipeline,DFT Conform GL Journal,STG GlJournalLine,WWI_Staging_DB,write,STG.GLJOURNALLINE,staging-stg,SQL Server Staging,True,direct
STG_Load_GlJournal,04_staging,4,Microsoft.ExecuteSQLTask,Convert Journal Currency Amounts,,,exec,STG.USP_CONVERTCURRENCYAMOUNTS,staging-stg,SQL Server Staging,False,direct
STG_Load_GlJournal,04_staging,5,Microsoft.ExecuteSQLTask,Register Rejects - stg_GlJournalLine,,,read,ERR.REJECTEDCONSTRAINTVIOLATION,staging-err,SQL Server Staging,True,direct
STG_Load_GlJournal,04_staging,5,Microsoft.ExecuteSQLTask,Register Rejects - stg_GlJournalLine,,,write,ERR.REJECTEDCONSTRAINTVIOLATION,staging-err,SQL Server Staging,True,direct
STG_Load_GlJournal,04_staging,5,Microsoft.ExecuteSQLTask,Register Rejects - stg_GlJournalLine,,,exec,ETL.USP_LOGREJECTEDRECORD,etl-control,ETL control,False,direct
STG_Load_GlJournal,04_staging,6,Microsoft.ExecuteSQLTask,Set Watermark,,,exec,ETL.USP_SETWATERMARK,etl-control,ETL control,False,direct
STG_Load_GlJournal,04_staging,7,Microsoft.ExecuteSQLTask,Log Row Counts,,,exec,ETL.USP_LOGROWCOUNT,etl-control,ETL control,False,direct
STG_Load_GlJournal,04_staging,8,Microsoft.ExecuteSQLTask,Log Package Success,,,exec,ETL.USP_LOGPACKAGEEND,etl-control,ETL control,False,direct
STG_Load_GlJournal,04_staging,9,Microsoft.ExecuteSQLTask,Log Error,,,exec,ETL.USP_LOGERROR,etl-control,ETL control,False,direct
STG_Load_GlJournal,04_staging,10,Microsoft.ExecuteSQLTask,Mark Execution Failed,,,exec,ETL.USP_LOGPACKAGEEND,etl-control,ETL control,False,direct
STG_Load_LoyaltyLedger,04_staging,1,Microsoft.ExecuteSQLTask,Log Package Start,,,exec,ETL.USP_LOGPACKAGESTART,etl-control,ETL control,False,direct
STG_Load_LoyaltyLedger,04_staging,2,Microsoft.ExecuteSQLTask,Get Watermark,,,exec,ETL.USP_GETWATERMARK,etl-control,ETL control,False,direct
STG_Load_LoyaltyLedger,04_staging,3,Microsoft.Pipeline,DFT Conform Loyalty Ledger,RAW SQL Loyalty Ledger,WWI_Staging_DB,read,RAW.SQLLOYALTYLEDGER,staging-raw,SQL Server Staging,True,direct
STG_Load_LoyaltyLedger,04_staging,3,Microsoft.Pipeline,DFT Conform Loyalty Ledger,Lookup Loyalty Tier (Full Cache),WWI_Staging_DB,read,REF.LOYALTYTIER,reference,SQL Server DW,False,direct
STG_Load_LoyaltyLedger,04_staging,3,Microsoft.Pipeline,DFT Conform Loyalty Ledger,Lookup Loyalty Tier (Full Cache),WWI_Staging_DB,lookup,REF.LOYALTYTIER,reference,SQL Server DW,False,direct
STG_Load_LoyaltyLedger,04_staging,3,Microsoft.Pipeline,DFT Conform Loyalty Ledger,ERR Loyalty Unknown Tier,WWI_Staging_DB,write,ERR.REJECTEDLOOKUPFAILURE,staging-err,SQL Server Staging,True,direct
STG_Load_LoyaltyLedger,04_staging,3,Microsoft.Pipeline,DFT Conform Loyalty Ledger,STG LoyaltyLedger,WWI_Staging_DB,write,STG.LOYALTYLEDGER,staging-stg,SQL Server Staging,True,direct
STG_Load_LoyaltyLedger,04_staging,4,Microsoft.ExecuteSQLTask,Translate Loyalty Source Codes,,,exec,STG.USP_TRANSLATESOURCECODES,staging-stg,SQL Server Staging,False,direct
STG_Load_LoyaltyLedger,04_staging,5,Microsoft.ExecuteSQLTask,Register Rejects - stg_LoyaltyLedger,,,read,ERR.REJECTEDLOOKUPFAILURE,staging-err,SQL Server Staging,True,direct
STG_Load_LoyaltyLedger,04_staging,5,Microsoft.ExecuteSQLTask,Register Rejects - stg_LoyaltyLedger,,,write,ERR.REJECTEDLOOKUPFAILURE,staging-err,SQL Server Staging,True,direct
STG_Load_LoyaltyLedger,04_staging,5,Microsoft.ExecuteSQLTask,Register Rejects - stg_LoyaltyLedger,,,exec,ETL.USP_LOGREJECTEDRECORD,etl-control,ETL control,False,direct
STG_Load_LoyaltyLedger,04_staging,6,Microsoft.ExecuteSQLTask,Set Watermark,,,exec,ETL.USP_SETWATERMARK,etl-control,ETL control,False,direct
STG_Load_LoyaltyLedger,04_staging,7,Microsoft.ExecuteSQLTask,Log Row Counts,,,exec,ETL.USP_LOGROWCOUNT,etl-control,ETL control,False,direct
STG_Load_LoyaltyLedger,04_staging,8,Microsoft.ExecuteSQLTask,Log Package Success,,,exec,ETL.USP_LOGPACKAGEEND,etl-control,ETL control,False,direct
STG_Load_LoyaltyLedger,04_staging,9,Microsoft.ExecuteSQLTask,Log Error,,,exec,ETL.USP_LOGERROR,etl-control,ETL control,False,direct
STG_Load_LoyaltyLedger,04_staging,10,Microsoft.ExecuteSQLTask,Mark Execution Failed,,,exec,ETL.USP_LOGPACKAGEEND,etl-control,ETL control,False,direct
STG_Load_Order,04_staging,1,Microsoft.ExecuteSQLTask,Log Package Start,,,exec,ETL.USP_LOGPACKAGESTART,etl-control,ETL control,False,direct
STG_Load_Order,04_staging,2,Microsoft.ExecuteSQLTask,Get Watermark,,,exec,ETL.USP_GETWATERMARK,etl-control,ETL control,False,direct
STG_Load_Order,04_staging,3,Microsoft.Pipeline,DFT Order Header,RAW SQL Order,WWI_Staging_DB,read,RAW.SQLORDER,staging-raw,SQL Server Staging,True,direct
STG_Load_Order,04_staging,3,Microsoft.Pipeline,DFT Order Header,Lookup Customer (Partial Cache),WWI_Staging_DB,read,STG.CUSTOMER,staging-stg,SQL Server Staging,True,direct
STG_Load_Order,04_staging,3,Microsoft.Pipeline,DFT Order Header,Lookup Customer (Partial Cache),WWI_Staging_DB,lookup,STG.CUSTOMER,staging-stg,SQL Server Staging,True,direct
STG_Load_Order,04_staging,3,Microsoft.Pipeline,DFT Order Header,ERR Order Unknown Customer,WWI_Staging_DB,write,ERR.REJECTEDLOOKUPFAILURE,staging-err,SQL Server Staging,True,direct
STG_Load_Order,04_staging,3,Microsoft.Pipeline,DFT Order Header,STG Order,WWI_Staging_DB,write,STG.ORDER,staging-stg,SQL Server Staging,True,direct
STG_Load_Order,04_staging,4,Microsoft.Pipeline,DFT Order Line,RAW SQL Order Line,WWI_Staging_DB,read,RAW.SQLORDER,staging-raw,SQL Server Staging,True,direct
STG_Load_Order,04_staging,4,Microsoft.Pipeline,DFT Order Line,RAW SQL Order Line,WWI_Staging_DB,read,RAW.SQLORDERLINE,staging-raw,SQL Server Staging,True,direct
STG_Load_Order,04_staging,4,Microsoft.Pipeline,DFT Order Line,ERR Order Line Source Errors,WWI_Staging_DB,write,ERR.REJECTEDORDERLINE,staging-err,SQL Server Staging,True,direct
STG_Load_Order,04_staging,4,Microsoft.Pipeline,DFT Order Line,ERR Order Line Quantity,WWI_Staging_DB,write,ERR.REJECTEDORDERLINE,staging-err,SQL Server Staging,True,direct
STG_Load_Order,04_staging,4,Microsoft.Pipeline,DFT Order Line,ERR Order Line Price,WWI_Staging_DB,write,ERR.REJECTEDORDERLINE,staging-err,SQL Server Staging,True,direct
STG_Load_Order,04_staging,4,Microsoft.Pipeline,DFT Order Line,STG OrderLine,WWI_Staging_DB,write,STG.ORDERLINE,staging-stg,SQL Server Staging,True,direct
STG_Load_Order,04_staging,5,Microsoft.ExecuteSQLTask,Append Incremental Order Line,,,exec,STG.USP_APPENDINCREMENTAL_ORDERLINE,staging-stg,SQL Server Staging,False,direct
STG_Load_Order,04_staging,6,Microsoft.ExecuteSQLTask,Register Rejects - stg_OrderLine,,,read,ERR.REJECTEDORDERLINE,staging-err,SQL Server Staging,True,direct
STG_Load_Order,04_staging,6,Microsoft.ExecuteSQLTask,Register Rejects - stg_OrderLine,,,write,ERR.REJECTEDORDERLINE,staging-err,SQL Server Staging,True,direct
STG_Load_Order,04_staging,6,Microsoft.ExecuteSQLTask,Register Rejects - stg_OrderLine,,,exec,ETL.USP_LOGREJECTEDRECORD,etl-control,ETL control,False,direct
STG_Load_Order,04_staging,7,Microsoft.ExecuteSQLTask,Set Watermark,,,exec,ETL.USP_SETWATERMARK,etl-control,ETL control,False,direct
STG_Load_Order,04_staging,8,Microsoft.ExecuteSQLTask,Log Row Counts,,,exec,ETL.USP_LOGROWCOUNT,etl-control,ETL control,False,direct
STG_Load_Order,04_staging,9,Microsoft.ExecuteSQLTask,Log Package Success,,,exec,ETL.USP_LOGPACKAGEEND,etl-control,ETL control,False,direct
STG_Load_Order,04_staging,10,Microsoft.ExecuteSQLTask,Log Error,,,exec,ETL.USP_LOGERROR,etl-control,ETL control,False,direct
STG_Load_Order,04_staging,11,Microsoft.ExecuteSQLTask,Mark Execution Failed,,,exec,ETL.USP_LOGPACKAGEEND,etl-control,ETL control,False,direct
STG_Load_PartnerSale,04_staging,1,Microsoft.ExecuteSQLTask,Log Package Start,,,exec,ETL.USP_LOGPACKAGESTART,etl-control,ETL control,False,direct
STG_Load_PartnerSale,04_staging,2,Microsoft.ExecuteSQLTask,Get Watermark,,,exec,ETL.USP_GETWATERMARK,etl-control,ETL control,False,direct
STG_Load_PartnerSale,04_staging,3,Microsoft.Pipeline,DFT Conform Partner Sales,RAW File Partner Sales,WWI_Staging_DB,read,RAW.FILEPARTNERSALES,staging-raw,SQL Server Staging,True,direct
STG_Load_PartnerSale,04_staging,3,Microsoft.Pipeline,DFT Conform Partner Sales,Lookup Country By Name (Full Cache),WWI_Staging_DB,read,REF.COUNTRY,reference,SQL Server DW,False,direct
STG_Load_PartnerSale,04_staging,3,Microsoft.Pipeline,DFT Conform Partner Sales,Lookup Country By Name (Full Cache),WWI_Staging_DB,lookup,REF.COUNTRY,reference,SQL Server DW,False,direct
STG_Load_PartnerSale,04_staging,3,Microsoft.Pipeline,DFT Conform Partner Sales,ERR Partner Conversion Errors,WWI_Staging_DB,write,ERR.REJECTEDFILEROW,staging-err,SQL Server Staging,True,direct
STG_Load_PartnerSale,04_staging,3,Microsoft.Pipeline,DFT Conform Partner Sales,Lookup Partner Customer Crosswalk (Partial Cache),WWI_Staging_DB,read,REF.CODECROSSWALK,reference,SQL Server DW,False,direct
STG_Load_PartnerSale,04_staging,3,Microsoft.Pipeline,DFT Conform Partner Sales,Lookup Partner Customer Crosswalk (Partial Cache),WWI_Staging_DB,lookup,REF.CODECROSSWALK,reference,SQL Server DW,False,direct
STG_Load_PartnerSale,04_staging,3,Microsoft.Pipeline,DFT Conform Partner Sales,ERR Partner Unknown Country,WWI_Staging_DB,write,ERR.REJECTEDFILEROW,staging-err,SQL Server Staging,True,direct
STG_Load_PartnerSale,04_staging,3,Microsoft.Pipeline,DFT Conform Partner Sales,ERR Partner Unknown Customer,WWI_Staging_DB,write,ERR.REJECTEDFILEROW,staging-err,SQL Server Staging,True,direct
STG_Load_PartnerSale,04_staging,3,Microsoft.Pipeline,DFT Conform Partner Sales,ERR Partner Unparsable Amount,WWI_Staging_DB,write,ERR.REJECTEDFILEROW,staging-err,SQL Server Staging,True,direct
STG_Load_PartnerSale,04_staging,3,Microsoft.Pipeline,DFT Conform Partner Sales,ERR Partner Missing Reference,WWI_Staging_DB,write,ERR.REJECTEDFILEROW,staging-err,SQL Server Staging,True,direct
STG_Load_PartnerSale,04_staging,3,Microsoft.Pipeline,DFT Conform Partner Sales,STG PartnerSale,WWI_Staging_DB,write,STG.PARTNERSALE,staging-stg,SQL Server Staging,True,direct
STG_Load_PartnerSale,04_staging,4,Microsoft.ExecuteSQLTask,Normalize Partner Customer Names,,,exec,STG.USP_NORMALIZECUSTOMER,staging-stg,SQL Server Staging,False,direct
STG_Load_PartnerSale,04_staging,5,Microsoft.ExecuteSQLTask,Register Rejects - stg_PartnerSale,,,read,ERR.REJECTEDFILEROW,staging-err,SQL Server Staging,True,direct
STG_Load_PartnerSale,04_staging,5,Microsoft.ExecuteSQLTask,Register Rejects - stg_PartnerSale,,,write,ERR.REJECTEDFILEROW,staging-err,SQL Server Staging,True,direct
STG_Load_PartnerSale,04_staging,5,Microsoft.ExecuteSQLTask,Register Rejects - stg_PartnerSale,,,exec,ETL.USP_LOGREJECTEDRECORD,etl-control,ETL control,False,direct
STG_Load_PartnerSale,04_staging,6,Microsoft.ExecuteSQLTask,Set Watermark,,,exec,ETL.USP_SETWATERMARK,etl-control,ETL control,False,direct
STG_Load_PartnerSale,04_staging,7,Microsoft.ExecuteSQLTask,Log Row Counts,,,exec,ETL.USP_LOGROWCOUNT,etl-control,ETL control,False,direct
STG_Load_PartnerSale,04_staging,8,Microsoft.ExecuteSQLTask,Log Package Success,,,exec,ETL.USP_LOGPACKAGEEND,etl-control,ETL control,False,direct
STG_Load_PartnerSale,04_staging,9,Microsoft.ExecuteSQLTask,Log Error,,,exec,ETL.USP_LOGERROR,etl-control,ETL control,False,direct
STG_Load_PartnerSale,04_staging,10,Microsoft.ExecuteSQLTask,Mark Execution Failed,,,exec,ETL.USP_LOGPACKAGEEND,etl-control,ETL control,False,direct
STG_Load_Payment,04_staging,1,Microsoft.ExecuteSQLTask,Log Package Start,,,exec,ETL.USP_LOGPACKAGESTART,etl-control,ETL control,False,direct
STG_Load_Payment,04_staging,2,Microsoft.ExecuteSQLTask,Get Watermark,,,exec,ETL.USP_GETWATERMARK,etl-control,ETL control,False,direct
STG_Load_Payment,04_staging,3,Microsoft.Pipeline,DFT Conform Payment,RAW Oracle AP Payment,WWI_Staging_DB,read,RAW.ORACLEAPPAYMENT,staging-raw,SQL Server Staging,True,direct
STG_Load_Payment,04_staging,3,Microsoft.Pipeline,DFT Conform Payment,Lookup Payment Method Crosswalk (Full Cache),WWI_Staging_DB,read,REF.CODECROSSWALK,reference,SQL Server DW,False,direct
STG_Load_Payment,04_staging,3,Microsoft.Pipeline,DFT Conform Payment,Lookup Payment Method Crosswalk (Full Cache),WWI_Staging_DB,lookup,REF.CODECROSSWALK,reference,SQL Server DW,False,direct
STG_Load_Payment,04_staging,3,Microsoft.Pipeline,DFT Conform Payment,ERR Payment Unknown Method,WWI_Staging_DB,write,ERR.REJECTEDPAYMENT,staging-err,SQL Server Staging,True,direct
STG_Load_Payment,04_staging,3,Microsoft.Pipeline,DFT Conform Payment,ERR Payment Future Dated,WWI_Staging_DB,write,ERR.REJECTEDPAYMENT,staging-err,SQL Server Staging,True,direct
STG_Load_Payment,04_staging,3,Microsoft.Pipeline,DFT Conform Payment,ERR Payment Non Positive,WWI_Staging_DB,write,ERR.REJECTEDPAYMENT,staging-err,SQL Server Staging,True,direct
STG_Load_Payment,04_staging,3,Microsoft.Pipeline,DFT Conform Payment,STG Payment,WWI_Staging_DB,write,STG.PAYMENT,staging-stg,SQL Server Staging,True,direct
STG_Load_Payment,04_staging,4,Microsoft.ExecuteSQLTask,Append Incremental Payment,,,exec,STG.USP_APPENDINCREMENTAL_PAYMENT,staging-stg,SQL Server Staging,False,direct
STG_Load_Payment,04_staging,5,Microsoft.ExecuteSQLTask,Register Rejects - stg_Payment,,,read,ERR.REJECTEDPAYMENT,staging-err,SQL Server Staging,True,direct
STG_Load_Payment,04_staging,5,Microsoft.ExecuteSQLTask,Register Rejects - stg_Payment,,,write,ERR.REJECTEDPAYMENT,staging-err,SQL Server Staging,True,direct
STG_Load_Payment,04_staging,5,Microsoft.ExecuteSQLTask,Register Rejects - stg_Payment,,,exec,ETL.USP_LOGREJECTEDRECORD,etl-control,ETL control,False,direct
STG_Load_Payment,04_staging,6,Microsoft.ExecuteSQLTask,Set Watermark,,,exec,ETL.USP_SETWATERMARK,etl-control,ETL control,False,direct
STG_Load_Payment,04_staging,7,Microsoft.ExecuteSQLTask,Log Row Counts,,,exec,ETL.USP_LOGROWCOUNT,etl-control,ETL control,False,direct
STG_Load_Payment,04_staging,8,Microsoft.ExecuteSQLTask,Log Package Success,,,exec,ETL.USP_LOGPACKAGEEND,etl-control,ETL control,False,direct
STG_Load_Payment,04_staging,9,Microsoft.ExecuteSQLTask,Log Error,,,exec,ETL.USP_LOGERROR,etl-control,ETL control,False,direct
STG_Load_Payment,04_staging,10,Microsoft.ExecuteSQLTask,Mark Execution Failed,,,exec,ETL.USP_LOGPACKAGEEND,etl-control,ETL control,False,direct
STG_Load_Product,04_staging,1,Microsoft.ExecuteSQLTask,Log Package Start,,,exec,ETL.USP_LOGPACKAGESTART,etl-control,ETL control,False,direct
STG_Load_Product,04_staging,2,Microsoft.ExecuteSQLTask,Truncate _stg___Product_,,,write,STG.PRODUCT,staging-stg,SQL Server Staging,True,direct
STG_Load_Product,04_staging,3,Microsoft.Pipeline,DFT Conform Product,RAW Oracle Product Master,WWI_Staging_DB,read,RAW.ORACLEPRODUCTMASTER,staging-raw,SQL Server Staging,True,direct
STG_Load_Product,04_staging,3,Microsoft.Pipeline,DFT Conform Product,Lookup UoM Conversion (Full Cache),WWI_Staging_DB,read,REF.UOMCONVERSION,reference,SQL Server DW,False,direct
STG_Load_Product,04_staging,3,Microsoft.Pipeline,DFT Conform Product,Lookup UoM Conversion (Full Cache),WWI_Staging_DB,lookup,REF.UOMCONVERSION,reference,SQL Server DW,False,direct
STG_Load_Product,04_staging,3,Microsoft.Pipeline,DFT Conform Product,Lookup Weight UoM (No Cache),WWI_Staging_DB,read,REF.UOMCONVERSION,reference,SQL Server DW,False,direct
STG_Load_Product,04_staging,3,Microsoft.Pipeline,DFT Conform Product,Lookup Weight UoM (No Cache),WWI_Staging_DB,lookup,REF.UOMCONVERSION,reference,SQL Server DW,False,direct
STG_Load_Product,04_staging,3,Microsoft.Pipeline,DFT Conform Product,ERR Product Weight Uom,WWI_Staging_DB,write,ERR.REJECTEDPRODUCT,staging-err,SQL Server Staging,True,direct
STG_Load_Product,04_staging,3,Microsoft.Pipeline,DFT Conform Product,STG Product Discontinued,WWI_Staging_DB,write,STG.PRODUCT,staging-stg,SQL Server Staging,True,direct
STG_Load_Product,04_staging,3,Microsoft.Pipeline,DFT Conform Product,ERR Product No Price,WWI_Staging_DB,write,ERR.REJECTEDPRODUCT,staging-err,SQL Server Staging,True,direct
STG_Load_Product,04_staging,3,Microsoft.Pipeline,DFT Conform Product,STG Product,WWI_Staging_DB,write,STG.PRODUCT,staging-stg,SQL Server Staging,True,direct
STG_Load_Product,04_staging,4,Microsoft.ExecuteSQLTask,Register Rejects - stg_Product,,,read,ERR.REJECTEDPRODUCT,staging-err,SQL Server Staging,True,direct
STG_Load_Product,04_staging,4,Microsoft.ExecuteSQLTask,Register Rejects - stg_Product,,,write,ERR.REJECTEDPRODUCT,staging-err,SQL Server Staging,True,direct
STG_Load_Product,04_staging,4,Microsoft.ExecuteSQLTask,Register Rejects - stg_Product,,,exec,ETL.USP_LOGREJECTEDRECORD,etl-control,ETL control,False,direct
STG_Load_Product,04_staging,5,Microsoft.ExecuteSQLTask,Log Row Counts,,,exec,ETL.USP_LOGROWCOUNT,etl-control,ETL control,False,direct
STG_Load_Product,04_staging,6,Microsoft.ExecuteSQLTask,Log Package Success,,,exec,ETL.USP_LOGPACKAGEEND,etl-control,ETL control,False,direct
STG_Load_Product,04_staging,7,Microsoft.ExecuteSQLTask,Log Error,,,exec,ETL.USP_LOGERROR,etl-control,ETL control,False,direct
STG_Load_Product,04_staging,8,Microsoft.ExecuteSQLTask,Mark Execution Failed,,,exec,ETL.USP_LOGPACKAGEEND,etl-control,ETL control,False,direct
STG_Load_PromotionAndTerritory,04_staging,1,Microsoft.ExecuteSQLTask,Log Package Start,,,exec,ETL.USP_LOGPACKAGESTART,etl-control,ETL control,False,direct
STG_Load_PromotionAndTerritory,04_staging,2,Microsoft.ExecuteSQLTask,Truncate _stg___Promotion_,,,write,STG.PROMOTION,staging-stg,SQL Server Staging,True,direct
STG_Load_PromotionAndTerritory,04_staging,3,Microsoft.ExecuteSQLTask,Truncate _stg___SalesTerritory_,,,write,STG.SALESTERRITORY,staging-stg,SQL Server Staging,True,direct
STG_Load_PromotionAndTerritory,04_staging,4,Microsoft.Pipeline,DFT Conform Promotion,RAW SQL Order Promotions,WWI_Staging_DB,read,RAW.SQLORDER,staging-raw,SQL Server Staging,True,direct
STG_Load_PromotionAndTerritory,04_staging,4,Microsoft.Pipeline,DFT Conform Promotion,RAW SQL Order Promotions,WWI_Staging_DB,read,RAW.SQLPROMOTION,staging-raw,SQL Server Staging,False,direct
STG_Load_PromotionAndTerritory,04_staging,4,Microsoft.Pipeline,DFT Conform Promotion,ERR Promotion Discount Outlier,WWI_Staging_DB,write,ERR.REJECTEDCONSTRAINTVIOLATION,staging-err,SQL Server Staging,True,direct
STG_Load_PromotionAndTerritory,04_staging,4,Microsoft.Pipeline,DFT Conform Promotion,STG Promotion,WWI_Staging_DB,write,STG.PROMOTION,staging-stg,SQL Server Staging,True,direct
STG_Load_PromotionAndTerritory,04_staging,5,Microsoft.Pipeline,DFT Conform Sales Territory,RAW SQL Order Territories,WWI_Staging_DB,read,RAW.SQLORDER,staging-raw,SQL Server Staging,True,direct
STG_Load_PromotionAndTerritory,04_staging,5,Microsoft.Pipeline,DFT Conform Sales Territory,RAW SQL Order Territories,WWI_Staging_DB,read,RAW.SQLSALESTERRITORY,staging-raw,SQL Server Staging,False,direct
STG_Load_PromotionAndTerritory,04_staging,5,Microsoft.Pipeline,DFT Conform Sales Territory,Lookup Territory Country (Full Cache),WWI_Staging_DB,read,REF.COUNTRY,reference,SQL Server DW,False,direct
STG_Load_PromotionAndTerritory,04_staging,5,Microsoft.Pipeline,DFT Conform Sales Territory,Lookup Territory Country (Full Cache),WWI_Staging_DB,lookup,REF.COUNTRY,reference,SQL Server DW,False,direct
STG_Load_PromotionAndTerritory,04_staging,5,Microsoft.Pipeline,DFT Conform Sales Territory,ERR Territory Unknown Country,WWI_Staging_DB,write,ERR.REJECTEDLOOKUPFAILURE,staging-err,SQL Server Staging,True,direct
STG_Load_PromotionAndTerritory,04_staging,5,Microsoft.Pipeline,DFT Conform Sales Territory,STG SalesTerritory,WWI_Staging_DB,write,STG.SALESTERRITORY,staging-stg,SQL Server Staging,True,direct
STG_Load_PromotionAndTerritory,04_staging,6,Microsoft.ExecuteSQLTask,Translate Promotion Source Codes,,,exec,STG.USP_TRANSLATESOURCECODES,staging-stg,SQL Server Staging,False,direct
STG_Load_PromotionAndTerritory,04_staging,7,Microsoft.ExecuteSQLTask,Register Rejects - stg_Promotion,,,read,ERR.REJECTEDCONSTRAINTVIOLATION,staging-err,SQL Server Staging,True,direct
STG_Load_PromotionAndTerritory,04_staging,7,Microsoft.ExecuteSQLTask,Register Rejects - stg_Promotion,,,write,ERR.REJECTEDCONSTRAINTVIOLATION,staging-err,SQL Server Staging,True,direct
STG_Load_PromotionAndTerritory,04_staging,7,Microsoft.ExecuteSQLTask,Register Rejects - stg_Promotion,,,exec,ETL.USP_LOGREJECTEDRECORD,etl-control,ETL control,False,direct
STG_Load_PromotionAndTerritory,04_staging,8,Microsoft.ExecuteSQLTask,Log Row Counts,,,exec,ETL.USP_LOGROWCOUNT,etl-control,ETL control,False,direct
STG_Load_PromotionAndTerritory,04_staging,9,Microsoft.ExecuteSQLTask,Log Package Success,,,exec,ETL.USP_LOGPACKAGEEND,etl-control,ETL control,False,direct
STG_Load_PromotionAndTerritory,04_staging,10,Microsoft.ExecuteSQLTask,Log Error,,,exec,ETL.USP_LOGERROR,etl-control,ETL control,False,direct
STG_Load_PromotionAndTerritory,04_staging,11,Microsoft.ExecuteSQLTask,Mark Execution Failed,,,exec,ETL.USP_LOGPACKAGEEND,etl-control,ETL control,False,direct
STG_Load_PurchaseOrder,04_staging,1,Microsoft.ExecuteSQLTask,Log Package Start,,,exec,ETL.USP_LOGPACKAGESTART,etl-control,ETL control,False,direct
STG_Load_PurchaseOrder,04_staging,2,Microsoft.ExecuteSQLTask,Get Watermark,,,exec,ETL.USP_GETWATERMARK,etl-control,ETL control,False,direct
STG_Load_PurchaseOrder,04_staging,3,Microsoft.Pipeline,DFT Purchase Order Header,RAW Oracle PO Header,WWI_Staging_DB,read,RAW.ORACLEPURCHASEORDERHDR,staging-raw,SQL Server Staging,True,direct
STG_Load_PurchaseOrder,04_staging,3,Microsoft.Pipeline,DFT Purchase Order Header,Lookup PO FX Rate (No Cache),WWI_Staging_DB,read,STG.FXRATE,staging-stg,SQL Server Staging,True,direct
STG_Load_PurchaseOrder,04_staging,3,Microsoft.Pipeline,DFT Purchase Order Header,Lookup PO FX Rate (No Cache),WWI_Staging_DB,lookup,STG.FXRATE,staging-stg,SQL Server Staging,True,direct
STG_Load_PurchaseOrder,04_staging,3,Microsoft.Pipeline,DFT Purchase Order Header,ERR PO Unknown FX Rate,WWI_Staging_DB,write,ERR.REJECTEDLOOKUPFAILURE,staging-err,SQL Server Staging,True,direct
STG_Load_PurchaseOrder,04_staging,3,Microsoft.Pipeline,DFT Purchase Order Header,ERR PO Negative Total,WWI_Staging_DB,write,ERR.REJECTEDCONSTRAINTVIOLATION,staging-err,SQL Server Staging,True,direct
STG_Load_PurchaseOrder,04_staging,3,Microsoft.Pipeline,DFT Purchase Order Header,ERR PO Unknown Status,WWI_Staging_DB,write,ERR.REJECTEDCONSTRAINTVIOLATION,staging-err,SQL Server Staging,True,direct
STG_Load_PurchaseOrder,04_staging,3,Microsoft.Pipeline,DFT Purchase Order Header,STG PurchaseOrder,WWI_Staging_DB,write,STG.PURCHASEORDER,staging-stg,SQL Server Staging,True,direct
STG_Load_PurchaseOrder,04_staging,4,Microsoft.Pipeline,DFT Purchase Order Line,RAW Oracle PO Line,WWI_Staging_DB,read,RAW.ORACLEPURCHASEORDERHDR,staging-raw,SQL Server Staging,True,direct
STG_Load_PurchaseOrder,04_staging,4,Microsoft.Pipeline,DFT Purchase Order Line,RAW Oracle PO Line,WWI_Staging_DB,read,RAW.ORACLEPURCHASEORDERLINE,staging-raw,SQL Server Staging,True,direct
STG_Load_PurchaseOrder,04_staging,4,Microsoft.Pipeline,DFT Purchase Order Line,Lookup UoM Conversion (Full Cache),WWI_Staging_DB,read,REF.UOMCONVERSION,reference,SQL Server DW,False,direct
STG_Load_PurchaseOrder,04_staging,4,Microsoft.Pipeline,DFT Purchase Order Line,Lookup UoM Conversion (Full Cache),WWI_Staging_DB,lookup,REF.UOMCONVERSION,reference,SQL Server DW,False,direct
STG_Load_PurchaseOrder,04_staging,4,Microsoft.Pipeline,DFT Purchase Order Line,Lookup Product Crosswalk (Partial Cache),WWI_Staging_DB,read,WORK.PRODUCTCROSSWALK,staging-work,SQL Server Staging,True,direct
STG_Load_PurchaseOrder,04_staging,4,Microsoft.Pipeline,DFT Purchase Order Line,Lookup Product Crosswalk (Partial Cache),WWI_Staging_DB,lookup,WORK.PRODUCTCROSSWALK,staging-work,SQL Server Staging,True,direct
STG_Load_PurchaseOrder,04_staging,4,Microsoft.Pipeline,DFT Purchase Order Line,ERR PO Line Unknown Uom,WWI_Staging_DB,write,ERR.REJECTEDLOOKUPFAILURE,staging-err,SQL Server Staging,True,direct
STG_Load_PurchaseOrder,04_staging,4,Microsoft.Pipeline,DFT Purchase Order Line,ERR PO Line Unknown Item,WWI_Staging_DB,write,ERR.REJECTEDLOOKUPFAILURE,staging-err,SQL Server Staging,True,direct
STG_Load_PurchaseOrder,04_staging,4,Microsoft.Pipeline,DFT Purchase Order Line,ERR PO Line Zero Quantity,WWI_Staging_DB,write,ERR.REJECTEDCONSTRAINTVIOLATION,staging-err,SQL Server Staging,True,direct
STG_Load_PurchaseOrder,04_staging,4,Microsoft.Pipeline,DFT Purchase Order Line,ERR PO Line Negative Price,WWI_Staging_DB,write,ERR.REJECTEDCONSTRAINTVIOLATION,staging-err,SQL Server Staging,True,direct
STG_Load_PurchaseOrder,04_staging,4,Microsoft.Pipeline,DFT Purchase Order Line,STG PurchaseOrderLine,WWI_Staging_DB,write,STG.PURCHASEORDERLINE,staging-stg,SQL Server Staging,True,direct
STG_Load_PurchaseOrder,04_staging,5,Microsoft.ExecuteSQLTask,Rebuild Product Crosswalk Gaps,,,exec,WORK.USP_BUILDPRODUCTCROSSWALK,staging-work,SQL Server Staging,False,direct
STG_Load_PurchaseOrder,04_staging,6,Microsoft.ExecuteSQLTask,Register Rejects - stg_PurchaseOrderLine,,,read,ERR.REJECTEDLOOKUPFAILURE,staging-err,SQL Server Staging,True,direct
STG_Load_PurchaseOrder,04_staging,6,Microsoft.ExecuteSQLTask,Register Rejects - stg_PurchaseOrderLine,,,write,ERR.REJECTEDLOOKUPFAILURE,staging-err,SQL Server Staging,True,direct
STG_Load_PurchaseOrder,04_staging,6,Microsoft.ExecuteSQLTask,Register Rejects - stg_PurchaseOrderLine,,,exec,ETL.USP_LOGREJECTEDRECORD,etl-control,ETL control,False,direct
STG_Load_PurchaseOrder,04_staging,7,Microsoft.ExecuteSQLTask,Set Watermark,,,exec,ETL.USP_SETWATERMARK,etl-control,ETL control,False,direct
STG_Load_PurchaseOrder,04_staging,8,Microsoft.ExecuteSQLTask,Log Row Counts,,,exec,ETL.USP_LOGROWCOUNT,etl-control,ETL control,False,direct
STG_Load_PurchaseOrder,04_staging,9,Microsoft.ExecuteSQLTask,Log Package Success,,,exec,ETL.USP_LOGPACKAGEEND,etl-control,ETL control,False,direct
STG_Load_PurchaseOrder,04_staging,10,Microsoft.ExecuteSQLTask,Log Error,,,exec,ETL.USP_LOGERROR,etl-control,ETL control,False,direct
STG_Load_PurchaseOrder,04_staging,11,Microsoft.ExecuteSQLTask,Mark Execution Failed,,,exec,ETL.USP_LOGPACKAGEEND,etl-control,ETL control,False,direct
STG_Load_ReturnAndCredit,04_staging,1,Microsoft.ExecuteSQLTask,Log Package Start,,,exec,ETL.USP_LOGPACKAGESTART,etl-control,ETL control,False,direct
STG_Load_ReturnAndCredit,04_staging,2,Microsoft.ExecuteSQLTask,Get Watermark,,,exec,ETL.USP_GETWATERMARK,etl-control,ETL control,False,direct
STG_Load_ReturnAndCredit,04_staging,3,Microsoft.Pipeline,DFT Return Line,RAW SQL Return Line,WWI_Staging_DB,read,RAW.SQLRETURNLINE,staging-raw,SQL Server Staging,True,direct
STG_Load_ReturnAndCredit,04_staging,3,Microsoft.Pipeline,DFT Return Line,Lookup Return Reason (Full Cache),WWI_Staging_DB,read,REF.CODECROSSWALK,reference,SQL Server DW,False,direct
STG_Load_ReturnAndCredit,04_staging,3,Microsoft.Pipeline,DFT Return Line,Lookup Return Reason (Full Cache),WWI_Staging_DB,lookup,REF.CODECROSSWALK,reference,SQL Server DW,False,direct
STG_Load_ReturnAndCredit,04_staging,3,Microsoft.Pipeline,DFT Return Line,ERR Return Unknown Reason,WWI_Staging_DB,write,ERR.REJECTEDLOOKUPFAILURE,staging-err,SQL Server Staging,True,direct
STG_Load_ReturnAndCredit,04_staging,3,Microsoft.Pipeline,DFT Return Line,ERR Return Non Positive,WWI_Staging_DB,write,ERR.REJECTEDCONSTRAINTVIOLATION,staging-err,SQL Server Staging,True,direct
STG_Load_ReturnAndCredit,04_staging,3,Microsoft.Pipeline,DFT Return Line,STG Return,WWI_Staging_DB,write,STG.RETURN,staging-stg,SQL Server Staging,True,direct
STG_Load_ReturnAndCredit,04_staging,4,Microsoft.Pipeline,DFT Credit Note,RAW SQL Credit Note,WWI_Staging_DB,read,RAW.SQLCREDITNOTE,staging-raw,SQL Server Staging,True,direct
STG_Load_ReturnAndCredit,04_staging,4,Microsoft.Pipeline,DFT Credit Note,ERR Credit Unapproved,WWI_Staging_DB,write,ERR.REJECTEDCONSTRAINTVIOLATION,staging-err,SQL Server Staging,True,direct
STG_Load_ReturnAndCredit,04_staging,4,Microsoft.Pipeline,DFT Credit Note,ERR Credit Zero Amount,WWI_Staging_DB,write,ERR.REJECTEDCONSTRAINTVIOLATION,staging-err,SQL Server Staging,True,direct
STG_Load_ReturnAndCredit,04_staging,4,Microsoft.Pipeline,DFT Credit Note,STG CreditNote,WWI_Staging_DB,write,STG.CREDITNOTE,staging-stg,SQL Server Staging,True,direct
STG_Load_ReturnAndCredit,04_staging,5,Microsoft.ExecuteSQLTask,Translate Return Source Codes,,,exec,STG.USP_TRANSLATESOURCECODES,staging-stg,SQL Server Staging,False,direct
STG_Load_ReturnAndCredit,04_staging,6,Microsoft.ExecuteSQLTask,Register Rejects - stg_Return,,,read,ERR.REJECTEDCONSTRAINTVIOLATION,staging-err,SQL Server Staging,True,direct
STG_Load_ReturnAndCredit,04_staging,6,Microsoft.ExecuteSQLTask,Register Rejects - stg_Return,,,write,ERR.REJECTEDCONSTRAINTVIOLATION,staging-err,SQL Server Staging,True,direct
STG_Load_ReturnAndCredit,04_staging,6,Microsoft.ExecuteSQLTask,Register Rejects - stg_Return,,,exec,ETL.USP_LOGREJECTEDRECORD,etl-control,ETL control,False,direct
STG_Load_ReturnAndCredit,04_staging,7,Microsoft.ExecuteSQLTask,Set Watermark,,,exec,ETL.USP_SETWATERMARK,etl-control,ETL control,False,direct
STG_Load_ReturnAndCredit,04_staging,8,Microsoft.ExecuteSQLTask,Log Row Counts,,,exec,ETL.USP_LOGROWCOUNT,etl-control,ETL control,False,direct
STG_Load_ReturnAndCredit,04_staging,9,Microsoft.ExecuteSQLTask,Log Package Success,,,exec,ETL.USP_LOGPACKAGEEND,etl-control,ETL control,False,direct
STG_Load_ReturnAndCredit,04_staging,10,Microsoft.ExecuteSQLTask,Log Error,,,exec,ETL.USP_LOGERROR,etl-control,ETL control,False,direct
STG_Load_ReturnAndCredit,04_staging,11,Microsoft.ExecuteSQLTask,Mark Execution Failed,,,exec,ETL.USP_LOGPACKAGEEND,etl-control,ETL control,False,direct
STG_Load_Sale,04_staging,1,Microsoft.ExecuteSQLTask,Log Package Start,,,exec,ETL.USP_LOGPACKAGESTART,etl-control,ETL control,False,direct
STG_Load_Sale,04_staging,2,Microsoft.ExecuteSQLTask,Get Watermark,,,exec,ETL.USP_GETWATERMARK,etl-control,ETL control,False,direct
STG_Load_Sale,04_staging,3,Microsoft.Pipeline,DFT Sale Header,RAW SQL Invoice,WWI_Staging_DB,read,RAW.SQLINVOICE,staging-raw,SQL Server Staging,True,direct
STG_Load_Sale,04_staging,3,Microsoft.Pipeline,DFT Sale Header,ERR Sale Source Errors,WWI_Staging_DB,write,ERR.REJECTEDINVOICELINE,staging-err,SQL Server Staging,True,direct
STG_Load_Sale,04_staging,3,Microsoft.Pipeline,DFT Sale Header,Lookup Sale FX Rate (No Cache),WWI_Staging_DB,read,STG.FXRATE,staging-stg,SQL Server Staging,True,direct
STG_Load_Sale,04_staging,3,Microsoft.Pipeline,DFT Sale Header,Lookup Sale FX Rate (No Cache),WWI_Staging_DB,lookup,STG.FXRATE,staging-stg,SQL Server Staging,True,direct
STG_Load_Sale,04_staging,3,Microsoft.Pipeline,DFT Sale Header,STG Sale,WWI_Staging_DB,write,STG.SALE,staging-stg,SQL Server Staging,True,direct
STG_Load_Sale,04_staging,4,Microsoft.Pipeline,DFT Sale Line,RAW SQL Invoice Line,WWI_Staging_DB,read,RAW.SQLINVOICE,staging-raw,SQL Server Staging,True,direct
STG_Load_Sale,04_staging,4,Microsoft.Pipeline,DFT Sale Line,RAW SQL Invoice Line,WWI_Staging_DB,read,RAW.SQLINVOICELINE,staging-raw,SQL Server Staging,True,direct
STG_Load_Sale,04_staging,4,Microsoft.Pipeline,DFT Sale Line,ERR Sale Line Tax Mismatch,WWI_Staging_DB,write,ERR.REJECTEDINVOICELINE,staging-err,SQL Server Staging,True,direct
STG_Load_Sale,04_staging,4,Microsoft.Pipeline,DFT Sale Line,ERR Sale Line Zero Quantity,WWI_Staging_DB,write,ERR.REJECTEDINVOICELINE,staging-err,SQL Server Staging,True,direct
STG_Load_Sale,04_staging,4,Microsoft.Pipeline,DFT Sale Line,STG SaleLine,WWI_Staging_DB,write,STG.SALELINE,staging-stg,SQL Server Staging,True,direct
STG_Load_Sale,04_staging,5,Microsoft.ExecuteSQLTask,Append Incremental Sale Line,,,exec,STG.USP_APPENDINCREMENTAL_SALELINE,staging-stg,SQL Server Staging,False,direct
STG_Load_Sale,04_staging,6,Microsoft.ExecuteSQLTask,Register Rejects - stg_SaleLine,,,read,ERR.REJECTEDINVOICELINE,staging-err,SQL Server Staging,True,direct
STG_Load_Sale,04_staging,6,Microsoft.ExecuteSQLTask,Register Rejects - stg_SaleLine,,,write,ERR.REJECTEDINVOICELINE,staging-err,SQL Server Staging,True,direct
STG_Load_Sale,04_staging,6,Microsoft.ExecuteSQLTask,Register Rejects - stg_SaleLine,,,exec,ETL.USP_LOGREJECTEDRECORD,etl-control,ETL control,False,direct
STG_Load_Sale,04_staging,7,Microsoft.ExecuteSQLTask,Set Watermark,,,exec,ETL.USP_SETWATERMARK,etl-control,ETL control,False,direct
STG_Load_Sale,04_staging,8,Microsoft.ExecuteSQLTask,Log Row Counts,,,exec,ETL.USP_LOGROWCOUNT,etl-control,ETL control,False,direct
STG_Load_Sale,04_staging,9,Microsoft.ExecuteSQLTask,Log Package Success,,,exec,ETL.USP_LOGPACKAGEEND,etl-control,ETL control,False,direct
STG_Load_Sale,04_staging,10,Microsoft.ExecuteSQLTask,Log Error,,,exec,ETL.USP_LOGERROR,etl-control,ETL control,False,direct
STG_Load_Sale,04_staging,11,Microsoft.ExecuteSQLTask,Mark Execution Failed,,,exec,ETL.USP_LOGPACKAGEEND,etl-control,ETL control,False,direct
STG_Load_Shipment,04_staging,1,Microsoft.ExecuteSQLTask,Log Package Start,,,exec,ETL.USP_LOGPACKAGESTART,etl-control,ETL control,False,direct
STG_Load_Shipment,04_staging,2,Microsoft.ExecuteSQLTask,Get Watermark,,,exec,ETL.USP_GETWATERMARK,etl-control,ETL control,False,direct
STG_Load_Shipment,04_staging,3,Microsoft.Pipeline,DFT Shipment Header,RAW SQL Shipment,WWI_Staging_DB,read,RAW.SQLSHIPMENT,staging-raw,SQL Server Staging,True,direct
STG_Load_Shipment,04_staging,3,Microsoft.Pipeline,DFT Shipment Header,Lookup Carrier (Full Cache),WWI_Staging_DB,read,REF.CARRIER,reference,SQL Server DW,False,direct
STG_Load_Shipment,04_staging,3,Microsoft.Pipeline,DFT Shipment Header,Lookup Carrier (Full Cache),WWI_Staging_DB,lookup,REF.CARRIER,reference,SQL Server DW,False,direct
STG_Load_Shipment,04_staging,3,Microsoft.Pipeline,DFT Shipment Header,ERR Shipment Unknown Carrier,WWI_Staging_DB,write,ERR.REJECTEDLOOKUPFAILURE,staging-err,SQL Server Staging,True,direct
STG_Load_Shipment,04_staging,3,Microsoft.Pipeline,DFT Shipment Header,STG Shipment,WWI_Staging_DB,write,STG.SHIPMENT,staging-stg,SQL Server Staging,True,direct
STG_Load_Shipment,04_staging,4,Microsoft.Pipeline,DFT Shipment Line,RAW SQL Shipment Line,WWI_Staging_DB,read,RAW.SQLSHIPMENT,staging-raw,SQL Server Staging,True,direct
STG_Load_Shipment,04_staging,4,Microsoft.Pipeline,DFT Shipment Line,RAW SQL Shipment Line,WWI_Staging_DB,read,RAW.SQLSHIPMENTLINE,staging-raw,SQL Server Staging,True,direct
STG_Load_Shipment,04_staging,4,Microsoft.Pipeline,DFT Shipment Line,ERR Shipment Line Source Errors,WWI_Staging_DB,write,ERR.REJECTEDCONSTRAINTVIOLATION,staging-err,SQL Server Staging,True,direct
STG_Load_Shipment,04_staging,4,Microsoft.Pipeline,DFT Shipment Line,STG ShipmentLine,WWI_Staging_DB,write,STG.SHIPMENTLINE,staging-stg,SQL Server Staging,True,direct
STG_Load_Shipment,04_staging,5,Microsoft.ExecuteSQLTask,Append Incremental Shipment,,,exec,STG.USP_APPENDINCREMENTAL_SHIPMENT,staging-stg,SQL Server Staging,False,direct
STG_Load_Shipment,04_staging,6,Microsoft.ExecuteSQLTask,Register Rejects - stg_Shipment,,,read,ERR.REJECTEDLOOKUPFAILURE,staging-err,SQL Server Staging,True,direct
STG_Load_Shipment,04_staging,6,Microsoft.ExecuteSQLTask,Register Rejects - stg_Shipment,,,write,ERR.REJECTEDLOOKUPFAILURE,staging-err,SQL Server Staging,True,direct
STG_Load_Shipment,04_staging,6,Microsoft.ExecuteSQLTask,Register Rejects - stg_Shipment,,,exec,ETL.USP_LOGREJECTEDRECORD,etl-control,ETL control,False,direct
STG_Load_Shipment,04_staging,7,Microsoft.ExecuteSQLTask,Set Watermark,,,exec,ETL.USP_SETWATERMARK,etl-control,ETL control,False,direct
STG_Load_Shipment,04_staging,8,Microsoft.ExecuteSQLTask,Log Row Counts,,,exec,ETL.USP_LOGROWCOUNT,etl-control,ETL control,False,direct
STG_Load_Shipment,04_staging,9,Microsoft.ExecuteSQLTask,Log Package Success,,,exec,ETL.USP_LOGPACKAGEEND,etl-control,ETL control,False,direct
STG_Load_Shipment,04_staging,10,Microsoft.ExecuteSQLTask,Log Error,,,exec,ETL.USP_LOGERROR,etl-control,ETL control,False,direct
STG_Load_Shipment,04_staging,11,Microsoft.ExecuteSQLTask,Mark Execution Failed,,,exec,ETL.USP_LOGPACKAGEEND,etl-control,ETL control,False,direct
STG_Load_StockItem,04_staging,1,Microsoft.ExecuteSQLTask,Log Package Start,,,exec,ETL.USP_LOGPACKAGESTART,etl-control,ETL control,False,direct
STG_Load_StockItem,04_staging,2,Microsoft.ExecuteSQLTask,Truncate _stg___StockItem_,,,write,STG.STOCKITEM,staging-stg,SQL Server Staging,True,direct
STG_Load_StockItem,04_staging,3,Microsoft.Pipeline,DFT Conform Stock Item,RAW SQL Stock Item,WWI_Staging_DB,read,RAW.SQLSTOCKITEM,staging-raw,SQL Server Staging,True,direct
STG_Load_StockItem,04_staging,3,Microsoft.Pipeline,DFT Conform Stock Item,ERR Stock Item Missing Name,WWI_Staging_DB,write,ERR.REJECTEDCONSTRAINTVIOLATION,staging-err,SQL Server Staging,True,direct
STG_Load_StockItem,04_staging,3,Microsoft.Pipeline,DFT Conform Stock Item,ERR Stock Item Negative Price,WWI_Staging_DB,write,ERR.REJECTEDCONSTRAINTVIOLATION,staging-err,SQL Server Staging,True,direct
STG_Load_StockItem,04_staging,3,Microsoft.Pipeline,DFT Conform Stock Item,STG StockItem,WWI_Staging_DB,write,STG.STOCKITEM,staging-stg,SQL Server Staging,True,direct
STG_Load_StockItem,04_staging,4,Microsoft.ExecuteSQLTask,Clean Stock Item Strings,,,exec,STG.USP_CLEANSTRINGBATCH,staging-stg,SQL Server Staging,False,direct
STG_Load_StockItem,04_staging,5,Microsoft.ExecuteSQLTask,Register Rejects - stg_StockItem,,,read,ERR.REJECTEDCONSTRAINTVIOLATION,staging-err,SQL Server Staging,True,direct
STG_Load_StockItem,04_staging,5,Microsoft.ExecuteSQLTask,Register Rejects - stg_StockItem,,,write,ERR.REJECTEDCONSTRAINTVIOLATION,staging-err,SQL Server Staging,True,direct
STG_Load_StockItem,04_staging,5,Microsoft.ExecuteSQLTask,Register Rejects - stg_StockItem,,,exec,ETL.USP_LOGREJECTEDRECORD,etl-control,ETL control,False,direct
STG_Load_StockItem,04_staging,6,Microsoft.ExecuteSQLTask,Log Row Counts,,,exec,ETL.USP_LOGROWCOUNT,etl-control,ETL control,False,direct
STG_Load_StockItem,04_staging,7,Microsoft.ExecuteSQLTask,Log Package Success,,,exec,ETL.USP_LOGPACKAGEEND,etl-control,ETL control,False,direct
STG_Load_StockItem,04_staging,8,Microsoft.ExecuteSQLTask,Log Error,,,exec,ETL.USP_LOGERROR,etl-control,ETL control,False,direct
STG_Load_StockItem,04_staging,9,Microsoft.ExecuteSQLTask,Mark Execution Failed,,,exec,ETL.USP_LOGPACKAGEEND,etl-control,ETL control,False,direct
STG_Load_StockMovement,04_staging,1,Microsoft.ExecuteSQLTask,Log Package Start,,,exec,ETL.USP_LOGPACKAGESTART,etl-control,ETL control,False,direct
STG_Load_StockMovement,04_staging,2,Microsoft.ExecuteSQLTask,Get Watermark,,,exec,ETL.USP_GETWATERMARK,etl-control,ETL control,False,direct
STG_Load_StockMovement,04_staging,3,Microsoft.Pipeline,DFT Conform Stock Movement,RAW SQL Stock Movement,WWI_Staging_DB,read,RAW.SQLSTOCKMOVEMENT,staging-raw,SQL Server Staging,True,direct
STG_Load_StockMovement,04_staging,3,Microsoft.Pipeline,DFT Conform Stock Movement,Lookup Transaction Type (Full Cache),WWI_Staging_DB,read,REF.TRANSACTIONTYPE,reference,SQL Server DW,False,direct
STG_Load_StockMovement,04_staging,3,Microsoft.Pipeline,DFT Conform Stock Movement,Lookup Transaction Type (Full Cache),WWI_Staging_DB,lookup,REF.TRANSACTIONTYPE,reference,SQL Server DW,False,direct
STG_Load_StockMovement,04_staging,3,Microsoft.Pipeline,DFT Conform Stock Movement,Lookup Movement Uom (Full Cache),WWI_Staging_DB,read,REF.UOMCONVERSION,reference,SQL Server DW,False,direct
STG_Load_StockMovement,04_staging,3,Microsoft.Pipeline,DFT Conform Stock Movement,Lookup Movement Uom (Full Cache),WWI_Staging_DB,lookup,REF.UOMCONVERSION,reference,SQL Server DW,False,direct
STG_Load_StockMovement,04_staging,3,Microsoft.Pipeline,DFT Conform Stock Movement,ERR Movement Unknown Type,WWI_Staging_DB,write,ERR.REJECTEDLOOKUPFAILURE,staging-err,SQL Server Staging,True,direct
STG_Load_StockMovement,04_staging,3,Microsoft.Pipeline,DFT Conform Stock Movement,ERR Movement Zero Quantity,WWI_Staging_DB,write,ERR.REJECTEDCONSTRAINTVIOLATION,staging-err,SQL Server Staging,True,direct
STG_Load_StockMovement,04_staging,3,Microsoft.Pipeline,DFT Conform Stock Movement,STG StockMovement,WWI_Staging_DB,write,STG.STOCKMOVEMENT,staging-stg,SQL Server Staging,True,direct
STG_Load_StockMovement,04_staging,4,Microsoft.ExecuteSQLTask,Append Incremental Stock Movement,,,exec,STG.USP_APPENDINCREMENTAL_STOCKMOVEMENT,staging-stg,SQL Server Staging,False,direct
STG_Load_StockMovement,04_staging,5,Microsoft.ExecuteSQLTask,Register Rejects - stg_StockMovement,,,read,ERR.REJECTEDLOOKUPFAILURE,staging-err,SQL Server Staging,True,direct
STG_Load_StockMovement,04_staging,5,Microsoft.ExecuteSQLTask,Register Rejects - stg_StockMovement,,,write,ERR.REJECTEDLOOKUPFAILURE,staging-err,SQL Server Staging,True,direct
STG_Load_StockMovement,04_staging,5,Microsoft.ExecuteSQLTask,Register Rejects - stg_StockMovement,,,exec,ETL.USP_LOGREJECTEDRECORD,etl-control,ETL control,False,direct
STG_Load_StockMovement,04_staging,6,Microsoft.ExecuteSQLTask,Set Watermark,,,exec,ETL.USP_SETWATERMARK,etl-control,ETL control,False,direct
STG_Load_StockMovement,04_staging,7,Microsoft.ExecuteSQLTask,Log Row Counts,,,exec,ETL.USP_LOGROWCOUNT,etl-control,ETL control,False,direct
STG_Load_StockMovement,04_staging,8,Microsoft.ExecuteSQLTask,Log Package Success,,,exec,ETL.USP_LOGPACKAGEEND,etl-control,ETL control,False,direct
STG_Load_StockMovement,04_staging,9,Microsoft.ExecuteSQLTask,Log Error,,,exec,ETL.USP_LOGERROR,etl-control,ETL control,False,direct
STG_Load_StockMovement,04_staging,10,Microsoft.ExecuteSQLTask,Mark Execution Failed,,,exec,ETL.USP_LOGPACKAGEEND,etl-control,ETL control,False,direct
STG_Load_Supplier,04_staging,1,Microsoft.ExecuteSQLTask,Log Package Start,,,exec,ETL.USP_LOGPACKAGESTART,etl-control,ETL control,False,direct
STG_Load_Supplier,04_staging,2,Microsoft.ExecuteSQLTask,Truncate _stg___Supplier_,,,write,STG.SUPPLIER,staging-stg,SQL Server Staging,True,direct
STG_Load_Supplier,04_staging,3,Microsoft.Pipeline,DFT Conform Supplier,RAW Oracle Supplier Master,WWI_Staging_DB,read,RAW.ORACLESUPPLIERMASTER,staging-raw,SQL Server Staging,True,direct
STG_Load_Supplier,04_staging,3,Microsoft.Pipeline,DFT Conform Supplier,Lookup Payment Terms (Partial Cache),WWI_Staging_DB,read,STG.PAYMENTTERMS,staging-stg,SQL Server Staging,True,direct
STG_Load_Supplier,04_staging,3,Microsoft.Pipeline,DFT Conform Supplier,Lookup Payment Terms (Partial Cache),WWI_Staging_DB,lookup,STG.PAYMENTTERMS,staging-stg,SQL Server Staging,True,direct
STG_Load_Supplier,04_staging,3,Microsoft.Pipeline,DFT Conform Supplier,ERR Supplier Unknown Terms,WWI_Staging_DB,write,ERR.REJECTEDSUPPLIER,staging-err,SQL Server Staging,True,direct
STG_Load_Supplier,04_staging,3,Microsoft.Pipeline,DFT Conform Supplier,ERR Supplier Missing Tax Id,WWI_Staging_DB,write,ERR.REJECTEDSUPPLIER,staging-err,SQL Server Staging,True,direct
STG_Load_Supplier,04_staging,3,Microsoft.Pipeline,DFT Conform Supplier,STG Supplier,WWI_Staging_DB,write,STG.SUPPLIER,staging-stg,SQL Server Staging,True,direct
STG_Load_Supplier,04_staging,4,Microsoft.ExecuteSQLTask,Apply Supplier Survivorship,,,exec,STG.USP_NORMALIZESUPPLIER,staging-stg,SQL Server Staging,False,direct
STG_Load_Supplier,04_staging,5,Microsoft.ExecuteSQLTask,Register Rejects - stg_Supplier,,,read,ERR.REJECTEDSUPPLIER,staging-err,SQL Server Staging,True,direct
STG_Load_Supplier,04_staging,5,Microsoft.ExecuteSQLTask,Register Rejects - stg_Supplier,,,write,ERR.REJECTEDSUPPLIER,staging-err,SQL Server Staging,True,direct
STG_Load_Supplier,04_staging,5,Microsoft.ExecuteSQLTask,Register Rejects - stg_Supplier,,,exec,ETL.USP_LOGREJECTEDRECORD,etl-control,ETL control,False,direct
STG_Load_Supplier,04_staging,6,Microsoft.ExecuteSQLTask,Log Row Counts,,,exec,ETL.USP_LOGROWCOUNT,etl-control,ETL control,False,direct
STG_Load_Supplier,04_staging,7,Microsoft.ExecuteSQLTask,Log Package Success,,,exec,ETL.USP_LOGPACKAGEEND,etl-control,ETL control,False,direct
STG_Load_Supplier,04_staging,8,Microsoft.ExecuteSQLTask,Log Error,,,exec,ETL.USP_LOGERROR,etl-control,ETL control,False,direct
STG_Load_Supplier,04_staging,9,Microsoft.ExecuteSQLTask,Mark Execution Failed,,,exec,ETL.USP_LOGPACKAGEEND,etl-control,ETL control,False,direct
STG_Load_TaxAndTerms,04_staging,1,Microsoft.ExecuteSQLTask,Log Package Start,,,exec,ETL.USP_LOGPACKAGESTART,etl-control,ETL control,False,direct
STG_Load_TaxAndTerms,04_staging,2,Microsoft.ExecuteSQLTask,Truncate _stg___TaxRate_,,,write,STG.TAXRATE,staging-stg,SQL Server Staging,True,direct
STG_Load_TaxAndTerms,04_staging,3,Microsoft.ExecuteSQLTask,Truncate _stg___PaymentTerms_,,,write,STG.PAYMENTTERMS,staging-stg,SQL Server Staging,True,direct
STG_Load_TaxAndTerms,04_staging,4,Microsoft.Pipeline,DFT Conform Tax Rate,RAW Oracle Tax Rate,WWI_Staging_DB,read,RAW.ORACLETAXRATE,staging-raw,SQL Server Staging,True,direct
STG_Load_TaxAndTerms,04_staging,4,Microsoft.Pipeline,DFT Conform Tax Rate,STG TaxRate EU,WWI_Staging_DB,write,STG.TAXRATE,staging-stg,SQL Server Staging,True,direct
STG_Load_TaxAndTerms,04_staging,4,Microsoft.Pipeline,DFT Conform Tax Rate,STG TaxRate APAC,WWI_Staging_DB,write,STG.TAXRATE,staging-stg,SQL Server Staging,True,direct
STG_Load_TaxAndTerms,04_staging,4,Microsoft.Pipeline,DFT Conform Tax Rate,ERR TaxRate Implausible,WWI_Staging_DB,write,ERR.REJECTEDCONSTRAINTVIOLATION,staging-err,SQL Server Staging,True,direct
STG_Load_TaxAndTerms,04_staging,4,Microsoft.Pipeline,DFT Conform Tax Rate,STG TaxRate NA,WWI_Staging_DB,write,STG.TAXRATE,staging-stg,SQL Server Staging,True,direct
STG_Load_TaxAndTerms,04_staging,5,Microsoft.Pipeline,DFT Conform Payment Terms,RAW Oracle Payment Terms,WWI_Staging_DB,read,RAW.ORACLEPAYMENTTERMS,staging-raw,SQL Server Staging,True,direct
STG_Load_TaxAndTerms,04_staging,5,Microsoft.Pipeline,DFT Conform Payment Terms,Lookup Terms Crosswalk (Full Cache),WWI_Staging_DB,read,REF.CODECROSSWALK,reference,SQL Server DW,False,direct
STG_Load_TaxAndTerms,04_staging,5,Microsoft.Pipeline,DFT Conform Payment Terms,Lookup Terms Crosswalk (Full Cache),WWI_Staging_DB,lookup,REF.CODECROSSWALK,reference,SQL Server DW,False,direct
STG_Load_TaxAndTerms,04_staging,5,Microsoft.Pipeline,DFT Conform Payment Terms,STG PaymentTerms,WWI_Staging_DB,write,STG.PAYMENTTERMS,staging-stg,SQL Server Staging,True,direct
STG_Load_TaxAndTerms,04_staging,5,Microsoft.Pipeline,DFT Conform Payment Terms,ERR Terms Unmapped,WWI_Staging_DB,write,ERR.REJECTEDLOOKUPFAILURE,staging-err,SQL Server Staging,True,direct
STG_Load_TaxAndTerms,04_staging,6,Microsoft.ExecuteSQLTask,Translate Legacy Terms Codes,,,exec,STG.USP_TRANSLATESOURCECODES,staging-stg,SQL Server Staging,False,direct
STG_Load_TaxAndTerms,04_staging,7,Microsoft.ExecuteSQLTask,Register Rejects - stg_PaymentTerms,,,read,ERR.REJECTEDLOOKUPFAILURE,staging-err,SQL Server Staging,True,direct
STG_Load_TaxAndTerms,04_staging,7,Microsoft.ExecuteSQLTask,Register Rejects - stg_PaymentTerms,,,write,ERR.REJECTEDLOOKUPFAILURE,staging-err,SQL Server Staging,True,direct
STG_Load_TaxAndTerms,04_staging,7,Microsoft.ExecuteSQLTask,Register Rejects - stg_PaymentTerms,,,exec,ETL.USP_LOGREJECTEDRECORD,etl-control,ETL control,False,direct
STG_Load_TaxAndTerms,04_staging,8,Microsoft.ExecuteSQLTask,Log Row Counts,,,exec,ETL.USP_LOGROWCOUNT,etl-control,ETL control,False,direct
STG_Load_TaxAndTerms,04_staging,9,Microsoft.ExecuteSQLTask,Log Package Success,,,exec,ETL.USP_LOGPACKAGEEND,etl-control,ETL control,False,direct
STG_Load_TaxAndTerms,04_staging,10,Microsoft.ExecuteSQLTask,Log Error,,,exec,ETL.USP_LOGERROR,etl-control,ETL control,False,direct
STG_Load_TaxAndTerms,04_staging,11,Microsoft.ExecuteSQLTask,Mark Execution Failed,,,exec,ETL.USP_LOGPACKAGEEND,etl-control,ETL control,False,direct
STG_Load_VendorContract,04_staging,1,Microsoft.ExecuteSQLTask,Log Package Start,,,exec,ETL.USP_LOGPACKAGESTART,etl-control,ETL control,False,direct
STG_Load_VendorContract,04_staging,2,Microsoft.ExecuteSQLTask,Truncate _stg___VendorContract_,,,write,STG.VENDORCONTRACT,staging-stg,SQL Server Staging,True,direct
STG_Load_VendorContract,04_staging,3,Microsoft.Pipeline,DFT Conform Vendor Contract,RAW Oracle Vendor Contract,WWI_Staging_DB,read,RAW.ORACLEVENDORCONTRACT,staging-raw,SQL Server Staging,True,direct
STG_Load_VendorContract,04_staging,3,Microsoft.Pipeline,DFT Conform Vendor Contract,Lookup Supplier (Full Cache),WWI_Staging_DB,read,STG.SUPPLIER,staging-stg,SQL Server Staging,True,direct
STG_Load_VendorContract,04_staging,3,Microsoft.Pipeline,DFT Conform Vendor Contract,Lookup Supplier (Full Cache),WWI_Staging_DB,lookup,STG.SUPPLIER,staging-stg,SQL Server Staging,True,direct
STG_Load_VendorContract,04_staging,3,Microsoft.Pipeline,DFT Conform Vendor Contract,Lookup Contract FX Rate (Partial Cache),WWI_Staging_DB,read,STG.FXRATE,staging-stg,SQL Server Staging,True,direct
STG_Load_VendorContract,04_staging,3,Microsoft.Pipeline,DFT Conform Vendor Contract,Lookup Contract FX Rate (Partial Cache),WWI_Staging_DB,lookup,STG.FXRATE,staging-stg,SQL Server Staging,True,direct
STG_Load_VendorContract,04_staging,3,Microsoft.Pipeline,DFT Conform Vendor Contract,ERR Contract Unknown Supplier,WWI_Staging_DB,write,ERR.REJECTEDSUPPLIER,staging-err,SQL Server Staging,True,direct
STG_Load_VendorContract,04_staging,3,Microsoft.Pipeline,DFT Conform Vendor Contract,ERR Contract Missing Rate,WWI_Staging_DB,write,ERR.REJECTEDLOOKUPFAILURE,staging-err,SQL Server Staging,True,direct
STG_Load_VendorContract,04_staging,3,Microsoft.Pipeline,DFT Conform Vendor Contract,ERR Contract Inverted Window,WWI_Staging_DB,write,ERR.REJECTEDCONSTRAINTVIOLATION,staging-err,SQL Server Staging,True,direct
STG_Load_VendorContract,04_staging,3,Microsoft.Pipeline,DFT Conform Vendor Contract,STG VendorContract,WWI_Staging_DB,write,STG.VENDORCONTRACT,staging-stg,SQL Server Staging,True,direct
STG_Load_VendorContract,04_staging,4,Microsoft.ExecuteSQLTask,Register Rejects - stg_VendorContract,,,read,ERR.REJECTEDCONSTRAINTVIOLATION,staging-err,SQL Server Staging,True,direct
STG_Load_VendorContract,04_staging,4,Microsoft.ExecuteSQLTask,Register Rejects - stg_VendorContract,,,write,ERR.REJECTEDCONSTRAINTVIOLATION,staging-err,SQL Server Staging,True,direct
STG_Load_VendorContract,04_staging,4,Microsoft.ExecuteSQLTask,Register Rejects - stg_VendorContract,,,exec,ETL.USP_LOGREJECTEDRECORD,etl-control,ETL control,False,direct
STG_Load_VendorContract,04_staging,5,Microsoft.ExecuteSQLTask,Log Row Counts,,,exec,ETL.USP_LOGROWCOUNT,etl-control,ETL control,False,direct
STG_Load_VendorContract,04_staging,6,Microsoft.ExecuteSQLTask,Log Package Success,,,exec,ETL.USP_LOGPACKAGEEND,etl-control,ETL control,False,direct
STG_Load_VendorContract,04_staging,7,Microsoft.ExecuteSQLTask,Log Error,,,exec,ETL.USP_LOGERROR,etl-control,ETL control,False,direct
STG_Load_VendorContract,04_staging,8,Microsoft.ExecuteSQLTask,Mark Execution Failed,,,exec,ETL.USP_LOGPACKAGEEND,etl-control,ETL control,False,direct
STG_Load_WebSession,04_staging,1,Microsoft.ExecuteSQLTask,Log Package Start,,,exec,ETL.USP_LOGPACKAGESTART,etl-control,ETL control,False,direct
STG_Load_WebSession,04_staging,2,Microsoft.ExecuteSQLTask,Get Watermark,,,exec,ETL.USP_GETWATERMARK,etl-control,ETL control,False,direct
STG_Load_WebSession,04_staging,3,Microsoft.Pipeline,DFT Conform Web Session,RAW SQL Web Session,WWI_Staging_DB,read,RAW.SQLWEBSESSION,staging-raw,SQL Server Staging,True,direct
STG_Load_WebSession,04_staging,3,Microsoft.Pipeline,DFT Conform Web Session,Lookup Country Region (Full Cache),WWI_Staging_DB,read,REF.COUNTRY,reference,SQL Server DW,False,direct
STG_Load_WebSession,04_staging,3,Microsoft.Pipeline,DFT Conform Web Session,Lookup Country Region (Full Cache),WWI_Staging_DB,lookup,REF.COUNTRY,reference,SQL Server DW,False,direct
STG_Load_WebSession,04_staging,3,Microsoft.Pipeline,DFT Conform Web Session,ERR Session Duration Outlier,WWI_Staging_DB,write,ERR.REJECTEDCONSTRAINTVIOLATION,staging-err,SQL Server Staging,True,direct
STG_Load_WebSession,04_staging,3,Microsoft.Pipeline,DFT Conform Web Session,ERR Session Malformed Key,WWI_Staging_DB,write,ERR.REJECTEDCONSTRAINTVIOLATION,staging-err,SQL Server Staging,True,direct
STG_Load_WebSession,04_staging,3,Microsoft.Pipeline,DFT Conform Web Session,STG WebSession,WWI_Staging_DB,write,STG.WEBSESSION,staging-stg,SQL Server Staging,True,direct
STG_Load_WebSession,04_staging,4,Microsoft.ExecuteSQLTask,Clean Web Session Strings,,,exec,STG.USP_CLEANSTRINGBATCH,staging-stg,SQL Server Staging,False,direct
STG_Load_WebSession,04_staging,5,Microsoft.ExecuteSQLTask,Register Rejects - stg_WebSession,,,read,ERR.REJECTEDCONSTRAINTVIOLATION,staging-err,SQL Server Staging,True,direct
STG_Load_WebSession,04_staging,5,Microsoft.ExecuteSQLTask,Register Rejects - stg_WebSession,,,write,ERR.REJECTEDCONSTRAINTVIOLATION,staging-err,SQL Server Staging,True,direct
STG_Load_WebSession,04_staging,5,Microsoft.ExecuteSQLTask,Register Rejects - stg_WebSession,,,exec,ETL.USP_LOGREJECTEDRECORD,etl-control,ETL control,False,direct
STG_Load_WebSession,04_staging,6,Microsoft.ExecuteSQLTask,Set Watermark,,,exec,ETL.USP_SETWATERMARK,etl-control,ETL control,False,direct
STG_Load_WebSession,04_staging,7,Microsoft.ExecuteSQLTask,Log Row Counts,,,exec,ETL.USP_LOGROWCOUNT,etl-control,ETL control,False,direct
STG_Load_WebSession,04_staging,8,Microsoft.ExecuteSQLTask,Log Package Success,,,exec,ETL.USP_LOGPACKAGEEND,etl-control,ETL control,False,direct
STG_Load_WebSession,04_staging,9,Microsoft.ExecuteSQLTask,Log Error,,,exec,ETL.USP_LOGERROR,etl-control,ETL control,False,direct
STG_Load_WebSession,04_staging,10,Microsoft.ExecuteSQLTask,Mark Execution Failed,,,exec,ETL.USP_LOGPACKAGEEND,etl-control,ETL control,False,direct
STG_Work_CustomerDedup,04_staging,1,Microsoft.ExecuteSQLTask,Log Package Start,,,exec,ETL.USP_LOGPACKAGESTART,etl-control,ETL control,False,direct
STG_Work_CustomerDedup,04_staging,2,Microsoft.ExecuteSQLTask,Truncate _work___CustomerDedup_,,,write,WORK.CUSTOMERDEDUP,staging-work,SQL Server Staging,True,direct
STG_Work_CustomerDedup,04_staging,3,Microsoft.ExecuteSQLTask,Truncate _work___CustomerAddressStandardized_,,,write,WORK.CUSTOMERADDRESSSTANDARDIZED,staging-work,SQL Server Staging,True,direct
STG_Work_CustomerDedup,04_staging,4,Microsoft.Pipeline,DFT Deduplicate Customer,STG Customer With Address,WWI_Staging_DB,read,STG.CUSTOMER,staging-stg,SQL Server Staging,True,direct
STG_Work_CustomerDedup,04_staging,4,Microsoft.Pipeline,DFT Deduplicate Customer,STG Customer With Address,WWI_Staging_DB,read,STG.CUSTOMERADDRESS,staging-stg,SQL Server Staging,True,direct
STG_Work_CustomerDedup,04_staging,4,Microsoft.Pipeline,DFT Deduplicate Customer,WORK CustomerDedup Duplicates,WWI_Staging_DB,write,WORK.CUSTOMERDEDUP,staging-work,SQL Server Staging,True,direct
STG_Work_CustomerDedup,04_staging,4,Microsoft.Pipeline,DFT Deduplicate Customer,ERR Dedup Unresolved,WWI_Staging_DB,write,ERR.REJECTEDCUSTOMER,staging-err,SQL Server Staging,True,direct
STG_Work_CustomerDedup,04_staging,4,Microsoft.Pipeline,DFT Deduplicate Customer,WORK CustomerDedup,WWI_Staging_DB,write,WORK.CUSTOMERDEDUP,staging-work,SQL Server Staging,True,direct
STG_Work_CustomerDedup,04_staging,5,Microsoft.Pipeline,DFT Standardize Customer Address,STG Customer Address,WWI_Staging_DB,read,STG.CUSTOMERADDRESS,staging-stg,SQL Server Staging,True,direct
STG_Work_CustomerDedup,04_staging,5,Microsoft.Pipeline,DFT Standardize Customer Address,ERR Address Missing Postal,WWI_Staging_DB,write,ERR.REJECTEDCUSTOMER,staging-err,SQL Server Staging,True,direct
STG_Work_CustomerDedup,04_staging,5,Microsoft.Pipeline,DFT Standardize Customer Address,ERR Address Missing Street,WWI_Staging_DB,write,ERR.REJECTEDCUSTOMER,staging-err,SQL Server Staging,True,direct
STG_Work_CustomerDedup,04_staging,5,Microsoft.Pipeline,DFT Standardize Customer Address,WORK CustomerAddressStandardized,WWI_Staging_DB,write,WORK.CUSTOMERADDRESSSTANDARDIZED,staging-work,SQL Server Staging,True,direct
STG_Work_CustomerDedup,04_staging,6,Microsoft.ExecuteSQLTask,Deduplicate Customer,,,exec,STG.USP_DEDUPLICATECUSTOMER,staging-stg,SQL Server Staging,False,direct
STG_Work_CustomerDedup,04_staging,7,Microsoft.ExecuteSQLTask,Register Rejects - work_CustomerDedup,,,read,ERR.REJECTEDCUSTOMER,staging-err,SQL Server Staging,True,direct
STG_Work_CustomerDedup,04_staging,7,Microsoft.ExecuteSQLTask,Register Rejects - work_CustomerDedup,,,write,ERR.REJECTEDCUSTOMER,staging-err,SQL Server Staging,True,direct
STG_Work_CustomerDedup,04_staging,7,Microsoft.ExecuteSQLTask,Register Rejects - work_CustomerDedup,,,exec,ETL.USP_LOGREJECTEDRECORD,etl-control,ETL control,False,direct
STG_Work_CustomerDedup,04_staging,8,Microsoft.ExecuteSQLTask,Log Row Counts,,,exec,ETL.USP_LOGROWCOUNT,etl-control,ETL control,False,direct
STG_Work_CustomerDedup,04_staging,9,Microsoft.ExecuteSQLTask,Log Package Success,,,exec,ETL.USP_LOGPACKAGEEND,etl-control,ETL control,False,direct
STG_Work_CustomerDedup,04_staging,10,Microsoft.ExecuteSQLTask,Log Error,,,exec,ETL.USP_LOGERROR,etl-control,ETL control,False,direct
STG_Work_CustomerDedup,04_staging,11,Microsoft.ExecuteSQLTask,Mark Execution Failed,,,exec,ETL.USP_LOGPACKAGEEND,etl-control,ETL control,False,direct
STG_Work_InventoryPosition,04_staging,1,Microsoft.ExecuteSQLTask,Log Package Start,,,exec,ETL.USP_LOGPACKAGESTART,etl-control,ETL control,False,direct
STG_Work_InventoryPosition,04_staging,2,Microsoft.ExecuteSQLTask,Truncate _work___InventoryPositionDaily_,,,write,WORK.INVENTORYPOSITIONDAILY,staging-work,SQL Server Staging,True,direct
STG_Work_InventoryPosition,04_staging,3,Microsoft.Pipeline,DFT Rebuild Inventory Position,STG Stock Movement,WWI_Staging_DB,read,STG.STOCKMOVEMENT,staging-stg,SQL Server Staging,True,direct
STG_Work_InventoryPosition,04_staging,3,Microsoft.Pipeline,DFT Rebuild Inventory Position,Lookup Stock Item Attributes (Full Cache),WWI_Staging_DB,read,STG.STOCKITEM,staging-stg,SQL Server Staging,True,direct
STG_Work_InventoryPosition,04_staging,3,Microsoft.Pipeline,DFT Rebuild Inventory Position,Lookup Stock Item Attributes (Full Cache),WWI_Staging_DB,lookup,STG.STOCKITEM,staging-stg,SQL Server Staging,True,direct
STG_Work_InventoryPosition,04_staging,3,Microsoft.Pipeline,DFT Rebuild Inventory Position,Lookup Warehouse Site (Full Cache),WWI_Staging_DB,read,REF.WAREHOUSESITE,reference,SQL Server DW,False,direct
STG_Work_InventoryPosition,04_staging,3,Microsoft.Pipeline,DFT Rebuild Inventory Position,Lookup Warehouse Site (Full Cache),WWI_Staging_DB,lookup,REF.WAREHOUSESITE,reference,SQL Server DW,False,direct
STG_Work_InventoryPosition,04_staging,3,Microsoft.Pipeline,DFT Rebuild Inventory Position,ERR Position Unknown Item,WWI_Staging_DB,write,ERR.REJECTEDLOOKUPFAILURE,staging-err,SQL Server Staging,True,direct
STG_Work_InventoryPosition,04_staging,3,Microsoft.Pipeline,DFT Rebuild Inventory Position,ERR Position Unknown Site,WWI_Staging_DB,write,ERR.REJECTEDLOOKUPFAILURE,staging-err,SQL Server Staging,True,direct
STG_Work_InventoryPosition,04_staging,3,Microsoft.Pipeline,DFT Rebuild Inventory Position,ERR Position Outlier,WWI_Staging_DB,write,ERR.REJECTEDCONSTRAINTVIOLATION,staging-err,SQL Server Staging,True,direct
STG_Work_InventoryPosition,04_staging,3,Microsoft.Pipeline,DFT Rebuild Inventory Position,WORK InventoryPositionDaily,WWI_Staging_DB,write,WORK.INVENTORYPOSITIONDAILY,staging-work,SQL Server Staging,True,direct
STG_Work_InventoryPosition,04_staging,4,Microsoft.ExecuteSQLTask,Build Inventory Position Daily,,,exec,WORK.USP_BUILDINVENTORYPOSITIONDAILY,staging-work,SQL Server Staging,False,direct
STG_Work_InventoryPosition,04_staging,5,Microsoft.ExecuteSQLTask,Register Rejects - work_InventoryPositionDaily,,,read,ERR.REJECTEDCONSTRAINTVIOLATION,staging-err,SQL Server Staging,True,direct
STG_Work_InventoryPosition,04_staging,5,Microsoft.ExecuteSQLTask,Register Rejects - work_InventoryPositionDaily,,,write,ERR.REJECTEDCONSTRAINTVIOLATION,staging-err,SQL Server Staging,True,direct
STG_Work_InventoryPosition,04_staging,5,Microsoft.ExecuteSQLTask,Register Rejects - work_InventoryPositionDaily,,,exec,ETL.USP_LOGREJECTEDRECORD,etl-control,ETL control,False,direct
STG_Work_InventoryPosition,04_staging,6,Microsoft.ExecuteSQLTask,Log Row Counts,,,exec,ETL.USP_LOGROWCOUNT,etl-control,ETL control,False,direct
STG_Work_InventoryPosition,04_staging,7,Microsoft.ExecuteSQLTask,Log Package Success,,,exec,ETL.USP_LOGPACKAGEEND,etl-control,ETL control,False,direct
STG_Work_InventoryPosition,04_staging,8,Microsoft.ExecuteSQLTask,Log Error,,,exec,ETL.USP_LOGERROR,etl-control,ETL control,False,direct
STG_Work_InventoryPosition,04_staging,9,Microsoft.ExecuteSQLTask,Mark Execution Failed,,,exec,ETL.USP_LOGPACKAGEEND,etl-control,ETL control,False,direct
STG_Work_PaymentMatch,04_staging,1,Microsoft.ExecuteSQLTask,Log Package Start,,,exec,ETL.USP_LOGPACKAGESTART,etl-control,ETL control,False,direct
STG_Work_PaymentMatch,04_staging,2,Microsoft.ExecuteSQLTask,Truncate _work___PaymentMatched_,,,write,WORK.PAYMENTMATCHED,staging-work,SQL Server Staging,True,direct
STG_Work_PaymentMatch,04_staging,3,Microsoft.Pipeline,DFT Match Payments To Invoices,STG Payment Joined To Invoice,WWI_Staging_DB,read,STG.APINVOICE,staging-stg,SQL Server Staging,True,direct
STG_Work_PaymentMatch,04_staging,3,Microsoft.Pipeline,DFT Match Payments To Invoices,STG Payment Joined To Invoice,WWI_Staging_DB,read,STG.PAYMENT,staging-stg,SQL Server Staging,True,direct
STG_Work_PaymentMatch,04_staging,3,Microsoft.Pipeline,DFT Match Payments To Invoices,WORK PaymentMatched Variance,WWI_Staging_DB,write,WORK.PAYMENTMATCHED,staging-work,SQL Server Staging,True,direct
STG_Work_PaymentMatch,04_staging,3,Microsoft.Pipeline,DFT Match Payments To Invoices,ERR Payment Unmatched,WWI_Staging_DB,write,ERR.REJECTEDPAYMENT,staging-err,SQL Server Staging,True,direct
STG_Work_PaymentMatch,04_staging,3,Microsoft.Pipeline,DFT Match Payments To Invoices,WORK PaymentMatched,WWI_Staging_DB,write,WORK.PAYMENTMATCHED,staging-work,SQL Server Staging,True,direct
STG_Work_PaymentMatch,04_staging,4,Microsoft.ExecuteSQLTask,Match Payments To Invoices,,,exec,WORK.USP_MATCHPAYMENTSTOINVOICES,staging-work,SQL Server Staging,False,direct
STG_Work_PaymentMatch,04_staging,5,Microsoft.ExecuteSQLTask,Register Rejects - work_PaymentMatched,,,read,ERR.REJECTEDPAYMENT,staging-err,SQL Server Staging,True,direct
STG_Work_PaymentMatch,04_staging,5,Microsoft.ExecuteSQLTask,Register Rejects - work_PaymentMatched,,,write,ERR.REJECTEDPAYMENT,staging-err,SQL Server Staging,True,direct
STG_Work_PaymentMatch,04_staging,5,Microsoft.ExecuteSQLTask,Register Rejects - work_PaymentMatched,,,exec,ETL.USP_LOGREJECTEDRECORD,etl-control,ETL control,False,direct
STG_Work_PaymentMatch,04_staging,6,Microsoft.ExecuteSQLTask,Log Row Counts,,,exec,ETL.USP_LOGROWCOUNT,etl-control,ETL control,False,direct
STG_Work_PaymentMatch,04_staging,7,Microsoft.ExecuteSQLTask,Log Package Success,,,exec,ETL.USP_LOGPACKAGEEND,etl-control,ETL control,False,direct
STG_Work_PaymentMatch,04_staging,8,Microsoft.ExecuteSQLTask,Log Error,,,exec,ETL.USP_LOGERROR,etl-control,ETL control,False,direct
STG_Work_PaymentMatch,04_staging,9,Microsoft.ExecuteSQLTask,Mark Execution Failed,,,exec,ETL.USP_LOGPACKAGEEND,etl-control,ETL control,False,direct
STG_Work_ProductCrosswalk,04_staging,1,Microsoft.ExecuteSQLTask,Log Package Start,,,exec,ETL.USP_LOGPACKAGESTART,etl-control,ETL control,False,direct
STG_Work_ProductCrosswalk,04_staging,2,Microsoft.ExecuteSQLTask,Truncate _work___ProductCrosswalk_,,,write,WORK.PRODUCTCROSSWALK,staging-work,SQL Server Staging,True,direct
STG_Work_ProductCrosswalk,04_staging,3,Microsoft.ExecuteSQLTask,Truncate _work___ProductCrosswalkFeed_,,,write,WORK.PRODUCTCROSSWALKFEED,staging-work,SQL Server Staging,False,direct
STG_Work_ProductCrosswalk,04_staging,4,Microsoft.Pipeline,DFT Stock Item Crosswalk Feed,STG StockItem (OLTP),WWI_Staging_DB,read,STG.STOCKITEM,staging-stg,SQL Server Staging,True,direct
STG_Work_ProductCrosswalk,04_staging,4,Microsoft.Pipeline,DFT Stock Item Crosswalk Feed,WORK ProductCrosswalk Staging Feed,WWI_Staging_DB,write,WORK.PRODUCTCROSSWALKFEED,staging-work,SQL Server Staging,False,direct
STG_Work_ProductCrosswalk,04_staging,5,Microsoft.Pipeline,DFT Rebuild Product Crosswalk,STG Product (Oracle),WWI_Staging_DB,read,STG.PRODUCT,staging-stg,SQL Server Staging,True,direct
STG_Work_ProductCrosswalk,04_staging,5,Microsoft.Pipeline,DFT Rebuild Product Crosswalk,WORK ProductCrosswalk Name Matches,WWI_Staging_DB,write,WORK.PRODUCTCROSSWALK,staging-work,SQL Server Staging,True,direct
STG_Work_ProductCrosswalk,04_staging,5,Microsoft.Pipeline,DFT Rebuild Product Crosswalk,ERR Crosswalk Unmatchable,WWI_Staging_DB,write,ERR.REJECTEDLOOKUPFAILURE,staging-err,SQL Server Staging,True,direct
STG_Work_ProductCrosswalk,04_staging,5,Microsoft.Pipeline,DFT Rebuild Product Crosswalk,WORK ProductCrosswalk,WWI_Staging_DB,write,WORK.PRODUCTCROSSWALK,staging-work,SQL Server Staging,True,direct
STG_Work_ProductCrosswalk,04_staging,6,Microsoft.ExecuteSQLTask,Build Product Crosswalk,,,exec,WORK.USP_BUILDPRODUCTCROSSWALK,staging-work,SQL Server Staging,False,direct
STG_Work_ProductCrosswalk,04_staging,7,Microsoft.ExecuteSQLTask,Register Rejects - work_ProductCrosswalk,,,read,ERR.REJECTEDLOOKUPFAILURE,staging-err,SQL Server Staging,True,direct
STG_Work_ProductCrosswalk,04_staging,7,Microsoft.ExecuteSQLTask,Register Rejects - work_ProductCrosswalk,,,write,ERR.REJECTEDLOOKUPFAILURE,staging-err,SQL Server Staging,True,direct
STG_Work_ProductCrosswalk,04_staging,7,Microsoft.ExecuteSQLTask,Register Rejects - work_ProductCrosswalk,,,exec,ETL.USP_LOGREJECTEDRECORD,etl-control,ETL control,False,direct
STG_Work_ProductCrosswalk,04_staging,8,Microsoft.ExecuteSQLTask,Log Row Counts,,,exec,ETL.USP_LOGROWCOUNT,etl-control,ETL control,False,direct
STG_Work_ProductCrosswalk,04_staging,9,Microsoft.ExecuteSQLTask,Log Package Success,,,exec,ETL.USP_LOGPACKAGEEND,etl-control,ETL control,False,direct
STG_Work_ProductCrosswalk,04_staging,10,Microsoft.ExecuteSQLTask,Log Error,,,exec,ETL.USP_LOGERROR,etl-control,ETL control,False,direct
STG_Work_ProductCrosswalk,04_staging,11,Microsoft.ExecuteSQLTask,Mark Execution Failed,,,exec,ETL.USP_LOGPACKAGEEND,etl-control,ETL control,False,direct
