from_object,from_layer,to_object,to_layer,package,via
AGGREGATE.CUSTOMER 360,dw-aggregate,REPORT.PUBLISHSTATE,dw-report,AGG_Publish_ReportingLayer,proc:INTEGRATION.USP_PUBLISHREPORTINGLAYER
AGGREGATE.CUSTOMER AR POSITION,dw-aggregate,AGGREGATE.CUSTOMER 360,dw-aggregate,AGG_Refresh_Customer360,direct
AGGREGATE.CUSTOMER LOYALTY POSITION,dw-aggregate,AGGREGATE.CUSTOMER 360,dw-aggregate,AGG_Refresh_Customer360,direct
AGGREGATE.CUSTOMER RETURN POSITION,dw-aggregate,AGGREGATE.CUSTOMER ROLLING 12 MONTH,dw-aggregate,AGG_Refresh_CustomerRolling12Month,direct
AGGREGATE.CUSTOMER ROLLING 12 MONTH,dw-aggregate,AGGREGATE.CUSTOMER 360,dw-aggregate,AGG_Refresh_Customer360,proc:INTEGRATION.USP_REFRESHAGGREGATECUSTOMER360
AGGREGATE.CUSTOMER ROLLING 12 MONTH,dw-aggregate,AGGREGATE.CUSTOMER 360,dw-aggregate,AGG_Refresh_CustomerRolling12Month,proc:INTEGRATION.USP_REFRESHAGGREGATECUSTOMER360
AGGREGATE.CUSTOMER ROLLING 12 MONTH,dw-aggregate,AGGREGATE.CUSTOMER ROLLING 12 MONTH,dw-aggregate,AGG_Refresh_Customer360,proc:INTEGRATION.USP_REFRESHAGGREGATECUSTOMER360
AGGREGATE.CUSTOMER ROLLING 12 MONTH,dw-aggregate,AGGREGATE.CUSTOMER ROLLING 12 MONTH,dw-aggregate,AGG_Refresh_CustomerRolling12Month,direct
AGGREGATE.CUSTOMER ROLLING 12 MONTH,dw-aggregate,AGGREGATE.CUSTOMER ROLLING 12 MONTH,dw-aggregate,AGG_Refresh_CustomerRolling12Month,proc:INTEGRATION.USP_REFRESHAGGREGATECUSTOMER360
AGGREGATE.CUSTOMER WEB POSITION,dw-aggregate,AGGREGATE.CUSTOMER 360,dw-aggregate,AGG_Refresh_Customer360,direct
AGGREGATE.DAILY INVENTORY HEALTH,dw-aggregate,AGGREGATE.DAILY INVENTORY HEALTH,dw-aggregate,AGG_Refresh_DailyInventoryHealth,direct
AGGREGATE.DAILY INVENTORY HEALTH,dw-aggregate,AGGREGATE.DAILY INVENTORY HEALTH,dw-aggregate,AGG_Refresh_DailyInventoryHealth,proc:INTEGRATION.USP_REFRESHAGGREGATEINVENTORYHEALTH
AGGREGATE.DAILY INVENTORY HEALTH,dw-aggregate,REPORT.PUBLISHSTATE,dw-report,AGG_Publish_ReportingLayer,proc:INTEGRATION.USP_PUBLISHREPORTINGLAYER
AGGREGATE.DAILY SALES SUMMARY,dw-aggregate,AGGREGATE.DAILY SALES SUMMARY,dw-aggregate,AGG_Refresh_DailySalesSummary,direct
AGGREGATE.DAILY SALES SUMMARY,dw-aggregate,AGGREGATE.DAILY SALES SUMMARY,dw-aggregate,AGG_Refresh_DailySalesSummary,proc:INTEGRATION.USP_REFRESHAGGREGATEDAILYSALES
AGGREGATE.DAILY SALES SUMMARY,dw-aggregate,REPORT.PUBLISHSTATE,dw-report,AGG_Publish_ReportingLayer,proc:INTEGRATION.USP_PUBLISHREPORTINGLAYER
AGGREGATE.DELIVERY PERFORMANCE SUMMARY,dw-aggregate,AGGREGATE.DELIVERY PERFORMANCE SUMMARY,dw-aggregate,AGG_Refresh_DeliveryPerformanceSummary,direct
AGGREGATE.DELIVERY PERFORMANCE SUMMARY,dw-aggregate,AGGREGATE.DELIVERY PERFORMANCE SUMMARY,dw-aggregate,AGG_Refresh_DeliveryPerformanceSummary,proc:INTEGRATION.USP_REFRESHAGGREGATEDELIVERYPERFORMANCE
AGGREGATE.FINANCE CLOSE SUMMARY,dw-aggregate,AGGREGATE.FINANCE CLOSE SUMMARY,dw-aggregate,AGG_Refresh_FinanceCloseSummary,direct
AGGREGATE.FINANCE CLOSE SUMMARY,dw-aggregate,AGGREGATE.FINANCE CLOSE SUMMARY,dw-aggregate,AGG_Refresh_FinanceCloseSummary,proc:INTEGRATION.USP_REFRESHAGGREGATEFINANCECLOSE
AGGREGATE.MONTHLY MARGIN ANALYSIS,dw-aggregate,AGGREGATE.MONTHLY MARGIN ANALYSIS,dw-aggregate,AGG_Refresh_MonthlyMarginAnalysis,direct
AGGREGATE.MONTHLY MARGIN ANALYSIS,dw-aggregate,AGGREGATE.MONTHLY MARGIN ANALYSIS,dw-aggregate,AGG_Refresh_MonthlyMarginAnalysis,proc:INTEGRATION.USP_REFRESHAGGREGATEMARGINANALYSIS
AGGREGATE.MONTHLY SALES SUMMARY,dw-aggregate,AGGREGATE.MONTHLY SALES SUMMARY,dw-aggregate,AGG_Refresh_MonthlySalesSummary,direct
AGGREGATE.MONTHLY SALES SUMMARY,dw-aggregate,AGGREGATE.MONTHLY SALES SUMMARY,dw-aggregate,AGG_Refresh_MonthlySalesSummary,proc:INTEGRATION.USP_REFRESHAGGREGATEMONTHLYSALES
AGGREGATE.PERIOD CALENDAR,dw-aggregate,AGGREGATE.CUSTOMER ROLLING 12 MONTH,dw-aggregate,AGG_Refresh_CustomerRolling12Month,direct
AGGREGATE.PRODUCT PERFORMANCE,dw-aggregate,AGGREGATE.PRODUCT PERFORMANCE,dw-aggregate,AGG_Refresh_ProductPerformance,direct
AGGREGATE.PRODUCT PERFORMANCE,dw-aggregate,AGGREGATE.PRODUCT PERFORMANCE,dw-aggregate,AGG_Refresh_ProductPerformance,proc:INTEGRATION.USP_REFRESHAGGREGATEPRODUCTPERFORMANCE
AGGREGATE.PROMOTION BASELINE,dw-aggregate,AGGREGATE.PROMOTION EFFECTIVENESS,dw-aggregate,AGG_Refresh_PromotionEffectiveness,direct
AGGREGATE.PROMOTION EFFECTIVENESS,dw-aggregate,AGGREGATE.PROMOTION EFFECTIVENESS,dw-aggregate,AGG_Refresh_PromotionEffectiveness,direct
AGGREGATE.PROMOTION EFFECTIVENESS,dw-aggregate,AGGREGATE.PROMOTION EFFECTIVENESS,dw-aggregate,AGG_Refresh_PromotionEffectiveness,proc:INTEGRATION.USP_REFRESHAGGREGATEPROMOTIONEFFECTIVENESS
AGGREGATE.PROMOTION EFFECTIVENESS,dw-aggregate,AGGREGATE.PROMOTION EFFECTIVENESS,dw-aggregate,SLS_Load_PromotionRedemption,direct
AGGREGATE.PROMOTION EFFECTIVENESS,dw-aggregate,WORK.PROMOTIONREDEMPTION,staging-work,SLS_Load_PromotionRedemption,direct
AGGREGATE.PROMOTION EFFECTIVENESS,dw-aggregate,WORK.PROMOTIONSPILL,staging-work,SLS_Load_PromotionRedemption,direct
AGGREGATE.PROMOTION ELIGIBILITY,dw-aggregate,AGGREGATE.PROMOTION EFFECTIVENESS,dw-aggregate,AGG_Refresh_PromotionEffectiveness,direct
AGGREGATE.REGIONAL SALES PERFORMANCE,dw-aggregate,AGGREGATE.REGIONAL SALES PERFORMANCE,dw-aggregate,AGG_Refresh_RegionalSalesPerformance,direct
AGGREGATE.REGIONAL SALES PERFORMANCE,dw-aggregate,AGGREGATE.REGIONAL SALES PERFORMANCE,dw-aggregate,AGG_Refresh_RegionalSalesPerformance,proc:INTEGRATION.USP_REFRESHAGGREGATEREGIONALSALES
AGGREGATE.SUB LEDGER CONTROL TOTAL,dw-aggregate,AGGREGATE.FINANCE CLOSE SUMMARY,dw-aggregate,AGG_Refresh_FinanceCloseSummary,direct
AGGREGATE.SUPPLIER PERFORMANCE,dw-aggregate,AGGREGATE.SUPPLIER PERFORMANCE,dw-aggregate,AGG_Refresh_SupplierPerformance,direct
AGGREGATE.SUPPLIER PERFORMANCE,dw-aggregate,AGGREGATE.SUPPLIER PERFORMANCE,dw-aggregate,AGG_Refresh_SupplierPerformance,proc:INTEGRATION.USP_REFRESHAGGREGATESUPPLIERPERFORMANCE
AGGREGATE.SUPPLIER PERFORMANCE,dw-aggregate,AGGREGATE.SUPPLIER PERFORMANCE,dw-aggregate,PRC_Load_ContractCompliance,direct
AGGREGATE.SUPPLIER PERFORMANCE,dw-aggregate,WORK.CONTRACTCOMPLIANCE,staging-work,PRC_Load_ContractCompliance,direct
AGGREGATE.SUPPLIER QUALITY POSITION,dw-aggregate,AGGREGATE.SUPPLIER PERFORMANCE,dw-aggregate,AGG_Refresh_SupplierPerformance,direct
AGGREGATE.TERRITORY QUOTA,dw-aggregate,AGGREGATE.REGIONAL SALES PERFORMANCE,dw-aggregate,AGG_Refresh_RegionalSalesPerformance,direct
APPLICATION.CITIES,oltp,RAW.ORACLEGEOGRAPHY,staging-raw,EXT_SQL_Cities,direct
APPLICATION.COUNTRIES,oltp,RAW.ORACLEGEOGRAPHY,staging-raw,EXT_SQL_Cities,direct
APPLICATION.PAYMENTMETHODS,oltp,RAW.SQLINVOICE,staging-raw,EXT_SQL_CustomerTransactions,direct
APPLICATION.PAYMENTMETHODS,oltp,RAW.SQLINVOICE,staging-raw,EXT_SQL_PaymentMethods,direct
APPLICATION.PEOPLE,oltp,RAW.SQLORDER,staging-raw,EXT_SQL_People,direct
APPLICATION.STATEPROVINCES,oltp,RAW.ORACLEGEOGRAPHY,staging-raw,EXT_SQL_Cities,direct
APPLICATION.TRANSACTIONTYPES,oltp,RAW.SQLINVOICE,staging-raw,EXT_SQL_CustomerTransactions,direct
APPLICATION.TRANSACTIONTYPES,oltp,RAW.SQLINVOICE,staging-raw,EXT_SQL_SupplierTransactions,direct
APPLICATION.TRANSACTIONTYPES,oltp,RAW.SQLINVOICE,staging-raw,EXT_SQL_TransactionTypes,direct
APPLICATION.TRANSACTIONTYPES,oltp,RAW.SQLSTOCKMOVEMENT,staging-raw,EXT_SQL_StockMovements,direct
CUSTOMER360.CUSTOMERCHURNFLAG,customer360,CUSTOMER360.CUSTOMERSEGMENT,customer360,C360_Publish_Segments,direct
CUSTOMER360.CUSTOMERCHURNFLAG,customer360,WORK.CUSTOMERSEGMENT,staging-work,C360_Publish_Segments,direct
CUSTOMER360.CUSTOMERCHURNFLAG,customer360,WORK.CUSTOMERSEGMENTPREVIOUS,staging-work,C360_Publish_Segments,direct
CUSTOMER360.CUSTOMERPROFILE,customer360,CUSTOMER360.CUSTOMERSEGMENT,customer360,C360_Publish_Segments,direct
CUSTOMER360.CUSTOMERPROFILE,customer360,WORK.CUSTOMERSEGMENT,staging-work,C360_Publish_Segments,direct
CUSTOMER360.CUSTOMERPROFILE,customer360,WORK.CUSTOMERSEGMENTPREVIOUS,staging-work,C360_Publish_Segments,direct
CUSTOMER360.CUSTOMERROLLINGMETRIC,customer360,CUSTOMER360.CUSTOMERROLLINGMETRIC,customer360,C360_Build_RollingMetrics,direct
CUSTOMER360.CUSTOMERROLLINGMETRIC,customer360,CUSTOMER360.CUSTOMERSEGMENT,customer360,C360_Publish_Segments,direct
CUSTOMER360.CUSTOMERROLLINGMETRIC,customer360,WORK.CUSTOMERROLLINGMETRIC,staging-work,C360_Build_RollingMetrics,direct
CUSTOMER360.CUSTOMERROLLINGMETRIC,customer360,WORK.CUSTOMERSEGMENT,staging-work,C360_Publish_Segments,direct
CUSTOMER360.CUSTOMERROLLINGMETRIC,customer360,WORK.CUSTOMERSEGMENTPREVIOUS,staging-work,C360_Publish_Segments,direct
CUSTOMER360.LOYALTYOVERLAY,customer360,CUSTOMER360.CUSTOMERSEGMENT,customer360,C360_Publish_Segments,direct
CUSTOMER360.LOYALTYOVERLAY,customer360,WORK.CUSTOMERSEGMENT,staging-work,C360_Publish_Segments,direct
CUSTOMER360.LOYALTYOVERLAY,customer360,WORK.CUSTOMERSEGMENTPREVIOUS,staging-work,C360_Publish_Segments,direct
"DIMENSION.' + REPLACE(@DIMENSIONNAME, N'",dw-dimension,FACT.FACT LOAD HOLD,dw-fact,DIM_Rekey_LateArriving,proc:INTEGRATION.USP_REKEYLATEARRIVINGDIMENSIONS
"DIMENSION.' + REPLACE(@DIMENSIONNAME, N'",dw-dimension,FACT.MOVEMENT,dw-fact,DIM_Rekey_LateArriving,proc:INTEGRATION.USP_REKEYLATEARRIVINGDIMENSIONS
"DIMENSION.' + REPLACE(@DIMENSIONNAME, N'",dw-dimension,FACT.PURCHASE,dw-fact,DIM_Rekey_LateArriving,proc:INTEGRATION.USP_REKEYLATEARRIVINGDIMENSIONS
"DIMENSION.' + REPLACE(@DIMENSIONNAME, N'",dw-dimension,FACT.SALE,dw-fact,DIM_Rekey_LateArriving,proc:INTEGRATION.USP_REKEYLATEARRIVINGDIMENSIONS
DIMENSION.CARRIER,dw-dimension,FACT.SHIPMENT,dw-fact,FACT_Load_Shipment,proc:INTEGRATION.USP_LOADFACTSHIPMENT
DIMENSION.CITY,dw-dimension,DIMENSION.CITY,dw-dimension,DIM_Load_City,direct
DIMENSION.CITY,dw-dimension,DIMENSION.CITY,dw-dimension,DIM_Load_City,proc:INTEGRATION.USP_MIGRATESTAGEDCITYDATA
DIMENSION.CITY,dw-dimension,FACT.SALE,dw-fact,FACT_APAC_Load_Sale,direct
DIMENSION.CITY,dw-dimension,FACT.SALE,dw-fact,FACT_EU_Load_Sale,direct
DIMENSION.CITY,dw-dimension,FACT.SALE,dw-fact,FACT_NA_Load_Sale,direct
DIMENSION.CITY,dw-dimension,FACT.SHIPMENT,dw-fact,FACT_Load_Shipment,proc:INTEGRATION.USP_LOADFACTSHIPMENT
DIMENSION.CITY,dw-dimension,INTEGRATION.DIMENSIONLOADAUDIT,dw-integration,DIM_Load_City,proc:INTEGRATION.USP_MIGRATESTAGEDCITYDATA
DIMENSION.CITY,dw-dimension,WORK.CURRENCYCONVERSIONSCRATCH,staging-work,FACT_APAC_Load_Sale,direct
DIMENSION.CITY,dw-dimension,WORK.CURRENCYCONVERSIONSCRATCH,staging-work,FACT_EU_Load_Sale,direct
DIMENSION.CITY,dw-dimension,WORK.CUSTOMERADDRESSSTANDARDIZED,staging-work,DIM_Load_City,direct
DIMENSION.CITY,dw-dimension,WORK.LATEARRIVINGDIMENSIONQUEUE,staging-work,DIM_Load_City,direct
DIMENSION.CITY,dw-dimension,WORK.LATEARRIVINGDIMENSIONQUEUE,staging-work,FACT_APAC_Load_Sale,direct
DIMENSION.CITY,dw-dimension,WORK.LATEARRIVINGDIMENSIONQUEUE,staging-work,FACT_EU_Load_Sale,direct
DIMENSION.CITY,dw-dimension,WORK.LATEARRIVINGDIMENSIONQUEUE,staging-work,FACT_NA_Load_Sale,direct
DIMENSION.COST CENTER,dw-dimension,FACT.GL POSTING,dw-fact,FACT_Load_GLPosting,proc:INTEGRATION.USP_LOADFACTGLPOSTING
DIMENSION.COST CENTER,dw-dimension,FACT.PAYMENT,dw-fact,FACT_Load_Payment,proc:INTEGRATION.USP_LOADFACTPAYMENT
DIMENSION.COST CENTER,dw-dimension,FACT.PURCHASE,dw-fact,FACT_Load_Purchase,proc:INTEGRATION.USP_LOADFACTPURCHASE
DIMENSION.COST CENTER,dw-dimension,FACT.SUPPLIER PAYMENT,dw-fact,FACT_Load_SupplierPayment,proc:INTEGRATION.USP_LOADFACTSUPPLIERPAYMENT
DIMENSION.COUNTRY,dw-dimension,DIMENSION.CITY,dw-dimension,DIM_Load_City,proc:INTEGRATION.USP_MIGRATESTAGEDCITYDATA
DIMENSION.COUNTRY,dw-dimension,INTEGRATION.DIMENSIONLOADAUDIT,dw-integration,DIM_Load_City,proc:INTEGRATION.USP_MIGRATESTAGEDCITYDATA
DIMENSION.CURRENCY,dw-dimension,FACT.CREDIT NOTE,dw-fact,FACT_Load_CreditNote,proc:INTEGRATION.USP_LOADFACTCREDITNOTE
DIMENSION.CURRENCY,dw-dimension,FACT.GL POSTING,dw-fact,FACT_Load_GLPosting,proc:INTEGRATION.USP_LOADFACTGLPOSTING
DIMENSION.CURRENCY,dw-dimension,FACT.PAYMENT,dw-fact,FACT_Load_Payment,proc:INTEGRATION.USP_LOADFACTPAYMENT
DIMENSION.CURRENCY,dw-dimension,FACT.PURCHASE RECEIPT,dw-fact,FACT_Load_PurchaseReceipt,proc:INTEGRATION.USP_LOADFACTPURCHASERECEIPT
DIMENSION.CURRENCY,dw-dimension,FACT.RETURN,dw-fact,FACT_Load_Return,proc:INTEGRATION.USP_LOADFACTRETURN
DIMENSION.CURRENCY,dw-dimension,FACT.SUPPLIER PAYMENT,dw-fact,FACT_Load_SupplierPayment,proc:INTEGRATION.USP_LOADFACTSUPPLIERPAYMENT
DIMENSION.CUSTOMER,dw-dimension,AGGREGATE.CUSTOMER 360,dw-aggregate,AGG_Refresh_Customer360,direct
DIMENSION.CUSTOMER,dw-dimension,AGGREGATE.CUSTOMER 360,dw-aggregate,AGG_Refresh_Customer360,proc:INTEGRATION.USP_REFRESHAGGREGATECUSTOMER360
DIMENSION.CUSTOMER,dw-dimension,AGGREGATE.CUSTOMER 360,dw-aggregate,AGG_Refresh_CustomerRolling12Month,proc:INTEGRATION.USP_REFRESHAGGREGATECUSTOMER360
DIMENSION.CUSTOMER,dw-dimension,AGGREGATE.CUSTOMER ROLLING 12 MONTH,dw-aggregate,AGG_Refresh_Customer360,proc:INTEGRATION.USP_REFRESHAGGREGATECUSTOMER360
DIMENSION.CUSTOMER,dw-dimension,AGGREGATE.CUSTOMER ROLLING 12 MONTH,dw-aggregate,AGG_Refresh_CustomerRolling12Month,direct
DIMENSION.CUSTOMER,dw-dimension,AGGREGATE.CUSTOMER ROLLING 12 MONTH,dw-aggregate,AGG_Refresh_CustomerRolling12Month,proc:INTEGRATION.USP_REFRESHAGGREGATECUSTOMER360
DIMENSION.CUSTOMER,dw-dimension,AGGREGATE.DAILY SALES SUMMARY,dw-aggregate,AGG_Refresh_DailySalesSummary,direct
DIMENSION.CUSTOMER,dw-dimension,AGGREGATE.MONTHLY SALES SUMMARY,dw-aggregate,AGG_Refresh_MonthlySalesSummary,direct
DIMENSION.CUSTOMER,dw-dimension,AGGREGATE.PROMOTION EFFECTIVENESS,dw-aggregate,AGG_Refresh_PromotionEffectiveness,direct
DIMENSION.CUSTOMER,dw-dimension,AGGREGATE.REGIONAL SALES PERFORMANCE,dw-aggregate,AGG_Refresh_RegionalSalesPerformance,direct
DIMENSION.CUSTOMER,dw-dimension,CUSTOMER360.CUSTOMERROLLINGMETRIC,customer360,C360_Build_RollingMetrics,direct
DIMENSION.CUSTOMER,dw-dimension,DIMENSION.CUSTOMER,dw-dimension,DIM_APAC_Load_Customer,direct
DIMENSION.CUSTOMER,dw-dimension,DIMENSION.CUSTOMER,dw-dimension,DIM_EU_Load_Customer,direct
DIMENSION.CUSTOMER,dw-dimension,DIMENSION.CUSTOMER,dw-dimension,DIM_Load_CustomerSegment,proc:INTEGRATION.USP_MIGRATESTAGEDCUSTOMERSEGMENTDATA
DIMENSION.CUSTOMER,dw-dimension,DIMENSION.CUSTOMER,dw-dimension,DIM_NA_Load_Customer,direct
DIMENSION.CUSTOMER,dw-dimension,DIMENSION.CUSTOMER SEGMENT,dw-dimension,DIM_Load_CustomerSegment,proc:INTEGRATION.USP_MIGRATESTAGEDCUSTOMERSEGMENTDATA
DIMENSION.CUSTOMER,dw-dimension,FACT.CREDIT NOTE,dw-fact,FACT_Load_CreditNote,direct
DIMENSION.CUSTOMER,dw-dimension,FACT.CREDIT NOTE,dw-fact,FACT_Load_CreditNote,proc:INTEGRATION.USP_LOADFACTCREDITNOTE
DIMENSION.CUSTOMER,dw-dimension,FACT.CUSTOMER TRANSACTION,dw-fact,FACT_Load_CustomerTransaction,direct
DIMENSION.CUSTOMER,dw-dimension,FACT.FACT LOAD HOLD,dw-fact,DIM_Rekey_LateArriving,proc:INTEGRATION.USP_REKEYLATEARRIVINGDIMENSIONS
DIMENSION.CUSTOMER,dw-dimension,FACT.GL POSTING,dw-fact,FACT_Load_GLPosting,proc:INTEGRATION.USP_LOADFACTGLPOSTING
DIMENSION.CUSTOMER,dw-dimension,FACT.LOYALTY POINTS,dw-fact,FACT_Load_LoyaltyPoints,direct
DIMENSION.CUSTOMER,dw-dimension,FACT.LOYALTY POINTS,dw-fact,FACT_Load_LoyaltyPoints,proc:INTEGRATION.USP_LOADFACTLOYALTYPOINTS
DIMENSION.CUSTOMER,dw-dimension,FACT.MOVEMENT,dw-fact,DIM_Rekey_LateArriving,proc:INTEGRATION.USP_REKEYLATEARRIVINGDIMENSIONS
DIMENSION.CUSTOMER,dw-dimension,FACT.ORDER,dw-fact,FACT_Load_Order,direct
DIMENSION.CUSTOMER,dw-dimension,FACT.ORDER,dw-fact,FACT_Load_Order,proc:INTEGRATION.USP_LOADFACTORDER
DIMENSION.CUSTOMER,dw-dimension,FACT.ORDER FULFILMENT,dw-fact,FACT_Load_OrderFulfilment,direct
DIMENSION.CUSTOMER,dw-dimension,FACT.PAYMENT,dw-fact,FACT_Load_Payment,direct
DIMENSION.CUSTOMER,dw-dimension,FACT.PAYMENT,dw-fact,FACT_Load_Payment,proc:INTEGRATION.USP_LOADFACTPAYMENT
DIMENSION.CUSTOMER,dw-dimension,FACT.PURCHASE,dw-fact,DIM_Rekey_LateArriving,proc:INTEGRATION.USP_REKEYLATEARRIVINGDIMENSIONS
DIMENSION.CUSTOMER,dw-dimension,FACT.RETURN,dw-fact,FACT_Load_Return,direct
DIMENSION.CUSTOMER,dw-dimension,FACT.RETURN,dw-fact,FACT_Load_Return,proc:INTEGRATION.USP_LOADFACTRETURN
DIMENSION.CUSTOMER,dw-dimension,FACT.SALE,dw-fact,DIM_Rekey_LateArriving,proc:INTEGRATION.USP_REKEYLATEARRIVINGDIMENSIONS
DIMENSION.CUSTOMER,dw-dimension,FACT.SALE,dw-fact,FACT_APAC_Load_Sale,direct
DIMENSION.CUSTOMER,dw-dimension,FACT.SALE,dw-fact,FACT_EU_Load_Sale,direct
DIMENSION.CUSTOMER,dw-dimension,FACT.SALE,dw-fact,FACT_Load_CreditNote,direct
DIMENSION.CUSTOMER,dw-dimension,FACT.SALE,dw-fact,FACT_NA_Load_Sale,direct
DIMENSION.CUSTOMER,dw-dimension,FACT.SHIPMENT,dw-fact,FACT_Load_Shipment,direct
DIMENSION.CUSTOMER,dw-dimension,FACT.SHIPMENT,dw-fact,FACT_Load_Shipment,proc:INTEGRATION.USP_LOADFACTSHIPMENT
DIMENSION.CUSTOMER,dw-dimension,FACT.WEB SESSION,dw-fact,FACT_Load_WebSession,direct
DIMENSION.CUSTOMER,dw-dimension,FACT.WEB SESSION,dw-fact,FACT_Load_WebSession,proc:INTEGRATION.USP_LOADFACTWEBSESSION
DIMENSION.CUSTOMER,dw-dimension,INTEGRATION.DIMENSIONLOADAUDIT,dw-integration,DIM_Load_CustomerSegment,proc:INTEGRATION.USP_MIGRATESTAGEDCUSTOMERSEGMENTDATA
DIMENSION.CUSTOMER,dw-dimension,WORK.COMMISSIONNA,staging-work,SLS_NA_Load_Commission,direct
DIMENSION.CUSTOMER,dw-dimension,WORK.CURRENCYCONVERSIONSCRATCH,staging-work,FACT_APAC_Load_Sale,direct
DIMENSION.CUSTOMER,dw-dimension,WORK.CURRENCYCONVERSIONSCRATCH,staging-work,FACT_EU_Load_Sale,direct
DIMENSION.CUSTOMER,dw-dimension,WORK.CUSTOMERADDRESSSTANDARDISED,staging-work,C360_Build_CustomerProfile,direct
DIMENSION.CUSTOMER,dw-dimension,WORK.CUSTOMERDEDUP,staging-work,DIM_EU_Load_Customer,direct
DIMENSION.CUSTOMER,dw-dimension,WORK.CUSTOMERDEDUP,staging-work,DIM_NA_Load_Customer,direct
DIMENSION.CUSTOMER,dw-dimension,WORK.CUSTOMERIDENTITYGRAPH,staging-work,C360_Build_CustomerProfile,direct
DIMENSION.CUSTOMER,dw-dimension,WORK.CUSTOMERPROFILE,staging-work,C360_Build_CustomerProfile,direct
DIMENSION.CUSTOMER,dw-dimension,WORK.CUSTOMERROLLINGMETRIC,staging-work,C360_Build_RollingMetrics,direct
DIMENSION.CUSTOMER,dw-dimension,WORK.LATEARRIVINGDIMENSIONQUEUE,staging-work,FACT_APAC_Load_Sale,direct
DIMENSION.CUSTOMER,dw-dimension,WORK.LATEARRIVINGDIMENSIONQUEUE,staging-work,FACT_EU_Load_Sale,direct
DIMENSION.CUSTOMER,dw-dimension,WORK.LATEARRIVINGDIMENSIONQUEUE,staging-work,FACT_Load_CustomerTransaction,direct
DIMENSION.CUSTOMER,dw-dimension,WORK.LATEARRIVINGDIMENSIONQUEUE,staging-work,FACT_Load_Order,direct
DIMENSION.CUSTOMER,dw-dimension,WORK.LATEARRIVINGDIMENSIONQUEUE,staging-work,FACT_NA_Load_Sale,direct
DIMENSION.CUSTOMER,dw-dimension,WORK.ORDERLINEENRICHED,staging-work,FACT_Load_Order,direct
DIMENSION.CUSTOMER,dw-dimension,WORK.ORDERLINEENRICHED,staging-work,FACT_Load_OrderFulfilment,direct
DIMENSION.CUSTOMER,dw-dimension,WORK.ORDERLINEENRICHED,staging-work,FACT_Load_Shipment,direct
DIMENSION.CUSTOMER,dw-dimension,WORK.PARTNERFEEDARCHIVE,staging-work,SLS_Export_PartnerFeed,direct
DIMENSION.CUSTOMER,dw-dimension,WORK.PARTNERFEEDROW,staging-work,SLS_Export_PartnerFeed,direct
DIMENSION.CUSTOMER,dw-dimension,WORK.PAYMENTMATCHED,staging-work,FACT_Load_CreditNote,direct
DIMENSION.CUSTOMER,dw-dimension,WORK.PAYMENTMATCHED,staging-work,FACT_Load_Payment,direct
DIMENSION.CUSTOMER CATEGORY,dw-dimension,DIMENSION.CUSTOMER CATEGORY,dw-dimension,DIM_Load_CustomerCategory,direct
DIMENSION.CUSTOMER CATEGORY,dw-dimension,WORK.CUSTOMERDEDUP,staging-work,DIM_Load_CustomerCategory,direct
DIMENSION.CUSTOMER SEGMENT,dw-dimension,DIMENSION.CUSTOMER,dw-dimension,DIM_Load_CustomerSegment,proc:INTEGRATION.USP_MIGRATESTAGEDCUSTOMERSEGMENTDATA
DIMENSION.CUSTOMER SEGMENT,dw-dimension,DIMENSION.CUSTOMER SEGMENT,dw-dimension,DIM_Load_CustomerSegment,direct
DIMENSION.CUSTOMER SEGMENT,dw-dimension,DIMENSION.CUSTOMER SEGMENT,dw-dimension,DIM_Load_CustomerSegment,proc:INTEGRATION.USP_MIGRATESTAGEDCUSTOMERSEGMENTDATA
DIMENSION.CUSTOMER SEGMENT,dw-dimension,FACT.ORDER,dw-fact,FACT_Load_Order,proc:INTEGRATION.USP_LOADFACTORDER
DIMENSION.CUSTOMER SEGMENT,dw-dimension,INTEGRATION.DIMENSIONLOADAUDIT,dw-integration,DIM_Load_CustomerSegment,proc:INTEGRATION.USP_MIGRATESTAGEDCUSTOMERSEGMENTDATA
DIMENSION.DATE,dw-dimension,AGGREGATE.CUSTOMER 360,dw-aggregate,AGG_Refresh_Customer360,direct
DIMENSION.DATE,dw-dimension,AGGREGATE.CUSTOMER ROLLING 12 MONTH,dw-aggregate,AGG_Refresh_CustomerRolling12Month,direct
DIMENSION.DATE,dw-dimension,AGGREGATE.DAILY INVENTORY HEALTH,dw-aggregate,AGG_Refresh_DailyInventoryHealth,direct
DIMENSION.DATE,dw-dimension,AGGREGATE.DAILY SALES SUMMARY,dw-aggregate,AGG_Refresh_DailySalesSummary,direct
DIMENSION.DATE,dw-dimension,AGGREGATE.DAILY SALES SUMMARY,dw-aggregate,AGG_Refresh_DailySalesSummary,proc:INTEGRATION.USP_REFRESHAGGREGATEDAILYSALES
DIMENSION.DATE,dw-dimension,AGGREGATE.DELIVERY PERFORMANCE SUMMARY,dw-aggregate,AGG_Refresh_DeliveryPerformanceSummary,direct
DIMENSION.DATE,dw-dimension,AGGREGATE.MONTHLY MARGIN ANALYSIS,dw-aggregate,AGG_Refresh_MonthlyMarginAnalysis,direct
DIMENSION.DATE,dw-dimension,AGGREGATE.MONTHLY MARGIN ANALYSIS,dw-aggregate,AGG_Refresh_MonthlyMarginAnalysis,proc:INTEGRATION.USP_REFRESHAGGREGATEMARGINANALYSIS
DIMENSION.DATE,dw-dimension,AGGREGATE.MONTHLY SALES SUMMARY,dw-aggregate,AGG_Refresh_MonthlySalesSummary,direct
DIMENSION.DATE,dw-dimension,AGGREGATE.MONTHLY SALES SUMMARY,dw-aggregate,AGG_Refresh_MonthlySalesSummary,proc:INTEGRATION.USP_REFRESHAGGREGATEMONTHLYSALES
DIMENSION.DATE,dw-dimension,AGGREGATE.PRODUCT PERFORMANCE,dw-aggregate,AGG_Refresh_ProductPerformance,direct
DIMENSION.DATE,dw-dimension,AGGREGATE.PROMOTION EFFECTIVENESS,dw-aggregate,AGG_Refresh_PromotionEffectiveness,direct
DIMENSION.DATE,dw-dimension,AGGREGATE.REGIONAL SALES PERFORMANCE,dw-aggregate,AGG_Refresh_RegionalSalesPerformance,direct
DIMENSION.DATE,dw-dimension,AGGREGATE.REGIONAL SALES PERFORMANCE,dw-aggregate,AGG_Refresh_RegionalSalesPerformance,proc:INTEGRATION.USP_REFRESHAGGREGATEREGIONALSALES
DIMENSION.DATE,dw-dimension,AGGREGATE.SUPPLIER PERFORMANCE,dw-aggregate,AGG_Refresh_SupplierPerformance,direct
DIMENSION.DATE,dw-dimension,FACT.CREDIT NOTE,dw-fact,FACT_Load_CreditNote,direct
DIMENSION.DATE,dw-dimension,FACT.CUSTOMER TRANSACTION,dw-fact,FACT_Load_CustomerTransaction,direct
DIMENSION.DATE,dw-dimension,FACT.DAILY INVENTORY SNAPSHOT,dw-fact,FACT_Load_DailyInventorySnapshot,direct
DIMENSION.DATE,dw-dimension,FACT.DAILY SALES SNAPSHOT,dw-fact,FACT_Load_DailySalesSnapshot,direct
DIMENSION.DATE,dw-dimension,FACT.DAILY SALES SNAPSHOT,dw-fact,FACT_Load_DailySalesSnapshot,proc:INTEGRATION.USP_LOADFACTDAILYSALESSNAPSHOT
DIMENSION.DATE,dw-dimension,FACT.GL POSTING,dw-fact,FACT_Load_GLPosting,direct
DIMENSION.DATE,dw-dimension,FACT.LOYALTY POINTS,dw-fact,FACT_Load_LoyaltyPoints,direct
DIMENSION.DATE,dw-dimension,FACT.MOVEMENT,dw-fact,FACT_Load_Movement,direct
DIMENSION.DATE,dw-dimension,FACT.ORDER,dw-fact,FACT_Load_Order,direct
DIMENSION.DATE,dw-dimension,FACT.ORDER FULFILMENT,dw-fact,FACT_Load_OrderFulfilment,direct
DIMENSION.DATE,dw-dimension,FACT.PAYMENT,dw-fact,FACT_Load_Payment,direct
DIMENSION.DATE,dw-dimension,FACT.PURCHASE,dw-fact,FACT_Load_Purchase,direct
DIMENSION.DATE,dw-dimension,FACT.PURCHASE RECEIPT,dw-fact,FACT_Load_PurchaseReceipt,direct
DIMENSION.DATE,dw-dimension,FACT.RETURN,dw-fact,FACT_Load_Return,direct
DIMENSION.DATE,dw-dimension,FACT.SALE,dw-fact,FACT_APAC_Load_Sale,direct
DIMENSION.DATE,dw-dimension,FACT.SALE,dw-fact,FACT_EU_Load_Sale,direct
DIMENSION.DATE,dw-dimension,FACT.SALE,dw-fact,FACT_Load_CreditNote,direct
DIMENSION.DATE,dw-dimension,FACT.SALE,dw-fact,FACT_NA_Load_Sale,direct
DIMENSION.DATE,dw-dimension,FACT.SALE DUPLICATE ARCHIVE,dw-fact,FACT_Dedup_Sale,direct
DIMENSION.DATE,dw-dimension,FACT.SHIPMENT,dw-fact,FACT_Load_Shipment,direct
DIMENSION.DATE,dw-dimension,FACT.STOCK HOLDING,dw-fact,FACT_Load_StockHolding,direct
DIMENSION.DATE,dw-dimension,FACT.SUPPLIER PAYMENT,dw-fact,FACT_Load_SupplierPayment,direct
DIMENSION.DATE,dw-dimension,FACT.SUPPLIER TRANSACTION,dw-fact,FACT_Load_SupplierTransaction,direct
DIMENSION.DATE,dw-dimension,FACT.TRANSACTION,dw-fact,FACT_Load_Transaction,direct
DIMENSION.DATE,dw-dimension,WORK.CURRENCYCONVERSIONSCRATCH,staging-work,FACT_APAC_Load_Sale,direct
DIMENSION.DATE,dw-dimension,WORK.CURRENCYCONVERSIONSCRATCH,staging-work,FACT_EU_Load_Sale,direct
DIMENSION.DATE,dw-dimension,WORK.LATEARRIVINGDIMENSIONQUEUE,staging-work,FACT_APAC_Load_Sale,direct
DIMENSION.DATE,dw-dimension,WORK.LATEARRIVINGDIMENSIONQUEUE,staging-work,FACT_EU_Load_Sale,direct
DIMENSION.DATE,dw-dimension,WORK.LATEARRIVINGDIMENSIONQUEUE,staging-work,FACT_Load_CustomerTransaction,direct
DIMENSION.DATE,dw-dimension,WORK.LATEARRIVINGDIMENSIONQUEUE,staging-work,FACT_Load_Movement,direct
DIMENSION.DATE,dw-dimension,WORK.LATEARRIVINGDIMENSIONQUEUE,staging-work,FACT_Load_Order,direct
DIMENSION.DATE,dw-dimension,WORK.LATEARRIVINGDIMENSIONQUEUE,staging-work,FACT_Load_Purchase,direct
DIMENSION.DATE,dw-dimension,WORK.LATEARRIVINGDIMENSIONQUEUE,staging-work,FACT_NA_Load_Sale,direct
DIMENSION.DATE,dw-dimension,WORK.ORDERLINEENRICHED,staging-work,FACT_Load_Order,direct
DIMENSION.DATE,dw-dimension,WORK.ORDERLINEENRICHED,staging-work,FACT_Load_OrderFulfilment,direct
DIMENSION.DATE,dw-dimension,WORK.ORDERLINEENRICHED,staging-work,FACT_Load_Shipment,direct
DIMENSION.DATE,dw-dimension,WORK.PAYMENTMATCHED,staging-work,FACT_Load_CreditNote,direct
DIMENSION.DATE,dw-dimension,WORK.PAYMENTMATCHED,staging-work,FACT_Load_Payment,direct
DIMENSION.DATE,dw-dimension,WORK.PURCHASELINEENRICHED,staging-work,FACT_Load_Purchase,direct
DIMENSION.DATE,dw-dimension,WORK.PURCHASELINEENRICHED,staging-work,FACT_Load_PurchaseReceipt,direct
DIMENSION.DATE,dw-dimension,WORK.SALELINEENRICHED,staging-work,FACT_Dedup_Sale,direct
DIMENSION.DEVICE TYPE,dw-dimension,FACT.WEB SESSION,dw-fact,FACT_Load_WebSession,proc:INTEGRATION.USP_LOADFACTWEBSESSION
DIMENSION.EMPLOYEE,dw-dimension,DIMENSION.EMPLOYEE,dw-dimension,DIM_Load_Employee,direct
DIMENSION.EMPLOYEE,dw-dimension,FACT.CREDIT NOTE,dw-fact,FACT_Load_CreditNote,proc:INTEGRATION.USP_LOADFACTCREDITNOTE
DIMENSION.EMPLOYEE,dw-dimension,FACT.GL POSTING,dw-fact,FACT_Load_GLPosting,proc:INTEGRATION.USP_LOADFACTGLPOSTING
DIMENSION.EMPLOYEE,dw-dimension,FACT.PURCHASE,dw-fact,FACT_Load_Purchase,proc:INTEGRATION.USP_LOADFACTPURCHASE
DIMENSION.EMPLOYEE,dw-dimension,FACT.PURCHASE RECEIPT,dw-fact,FACT_Load_PurchaseReceipt,proc:INTEGRATION.USP_LOADFACTPURCHASERECEIPT
DIMENSION.EMPLOYEE TERRITORY BRIDGE,dw-dimension,DIMENSION.EMPLOYEE TERRITORY BRIDGE,dw-dimension,DIM_Load_SalesTerritory,proc:INTEGRATION.USP_MIGRATESTAGEDSALESTERRITORYDATA
DIMENSION.EMPLOYEE TERRITORY BRIDGE,dw-dimension,DIMENSION.SALES TERRITORY,dw-dimension,DIM_Load_SalesTerritory,proc:INTEGRATION.USP_MIGRATESTAGEDSALESTERRITORYDATA
DIMENSION.EMPLOYEE TERRITORY BRIDGE,dw-dimension,INTEGRATION.DIMENSIONLOADAUDIT,dw-integration,DIM_Load_SalesTerritory,proc:INTEGRATION.USP_MIGRATESTAGEDSALESTERRITORYDATA
DIMENSION.GEOGRAPHY,dw-dimension,DIMENSION.CITY,dw-dimension,DIM_Load_City,proc:INTEGRATION.USP_MIGRATESTAGEDCITYDATA
DIMENSION.GEOGRAPHY,dw-dimension,FACT.WEB SESSION,dw-fact,FACT_Load_WebSession,proc:INTEGRATION.USP_LOADFACTWEBSESSION
DIMENSION.GEOGRAPHY,dw-dimension,INTEGRATION.DIMENSIONLOADAUDIT,dw-integration,DIM_Load_City,proc:INTEGRATION.USP_MIGRATESTAGEDCITYDATA
DIMENSION.GL ACCOUNT,dw-dimension,AGGREGATE.FINANCE CLOSE SUMMARY,dw-aggregate,AGG_Refresh_FinanceCloseSummary,direct
DIMENSION.GL ACCOUNT,dw-dimension,AGGREGATE.FINANCE CLOSE SUMMARY,dw-aggregate,AGG_Refresh_FinanceCloseSummary,proc:INTEGRATION.USP_REFRESHAGGREGATEFINANCECLOSE
DIMENSION.GL ACCOUNT,dw-dimension,FACT.GL POSTING,dw-fact,FACT_Load_GLPosting,direct
DIMENSION.GL ACCOUNT,dw-dimension,FACT.GL POSTING,dw-fact,FACT_Load_GLPosting,proc:INTEGRATION.USP_LOADFACTGLPOSTING
DIMENSION.LOYALTY SCHEME,dw-dimension,FACT.LOYALTY POINTS,dw-fact,FACT_Load_LoyaltyPoints,proc:INTEGRATION.USP_LOADFACTLOYALTYPOINTS
DIMENSION.LOYALTY TIER,dw-dimension,FACT.LOYALTY POINTS,dw-fact,FACT_Load_LoyaltyPoints,proc:INTEGRATION.USP_LOADFACTLOYALTYPOINTS
DIMENSION.MARKETING CAMPAIGN,dw-dimension,FACT.WEB SESSION,dw-fact,FACT_Load_WebSession,proc:INTEGRATION.USP_LOADFACTWEBSESSION
DIMENSION.PARTNER,dw-dimension,WORK.PARTNERFEEDARCHIVE,staging-work,SLS_Export_PartnerFeed,direct
DIMENSION.PARTNER,dw-dimension,WORK.PARTNERFEEDROW,staging-work,SLS_Export_PartnerFeed,direct
DIMENSION.PAYMENT METHOD,dw-dimension,FACT.PAYMENT,dw-fact,FACT_Load_Payment,proc:INTEGRATION.USP_LOADFACTPAYMENT
DIMENSION.PAYMENT METHOD,dw-dimension,FACT.SUPPLIER PAYMENT,dw-fact,FACT_Load_SupplierPayment,proc:INTEGRATION.USP_LOADFACTSUPPLIERPAYMENT
DIMENSION.PAYMENT TERMS,dw-dimension,FACT.PURCHASE,dw-fact,FACT_Load_Purchase,proc:INTEGRATION.USP_LOADFACTPURCHASE
DIMENSION.PAYMENT TERMS,dw-dimension,FACT.SUPPLIER PAYMENT,dw-fact,FACT_Load_SupplierPayment,proc:INTEGRATION.USP_LOADFACTSUPPLIERPAYMENT
DIMENSION.PRODUCT CATEGORY,dw-dimension,DIMENSION.PRODUCT CATEGORY,dw-dimension,DIM_Load_ProductCategory,direct
DIMENSION.PRODUCT CATEGORY,dw-dimension,DIMENSION.PROMOTION,dw-dimension,DIM_Load_Promotion,proc:INTEGRATION.USP_MIGRATESTAGEDPROMOTIONDATA
DIMENSION.PRODUCT CATEGORY,dw-dimension,DIMENSION.STOCK ITEM,dw-dimension,DIM_Load_StockItem,proc:INTEGRATION.USP_MIGRATESTAGEDSTOCKITEMDATA
DIMENSION.PRODUCT CATEGORY,dw-dimension,DIMENSION.STOCK ITEM CATEGORY BRIDGE,dw-dimension,DIM_Load_ProductCategory,direct
DIMENSION.PRODUCT CATEGORY,dw-dimension,INTEGRATION.DIMENSIONLOADAUDIT,dw-integration,DIM_Load_Promotion,proc:INTEGRATION.USP_MIGRATESTAGEDPROMOTIONDATA
DIMENSION.PRODUCT CATEGORY,dw-dimension,INTEGRATION.DIMENSIONLOADAUDIT,dw-integration,DIM_Load_StockItem,proc:INTEGRATION.USP_MIGRATESTAGEDSTOCKITEMDATA
DIMENSION.PRODUCT CATEGORY,dw-dimension,INTEGRATION.INFERREDMEMBERQUEUE,dw-integration,DIM_Load_Promotion,proc:INTEGRATION.USP_MIGRATESTAGEDPROMOTIONDATA
DIMENSION.PRODUCT HIERARCHY,dw-dimension,DIMENSION.STOCK ITEM,dw-dimension,DIM_Load_StockItem,proc:INTEGRATION.USP_MIGRATESTAGEDSTOCKITEMDATA
DIMENSION.PRODUCT HIERARCHY,dw-dimension,INTEGRATION.DIMENSIONLOADAUDIT,dw-integration,DIM_Load_StockItem,proc:INTEGRATION.USP_MIGRATESTAGEDSTOCKITEMDATA
DIMENSION.PROFIT CENTER,dw-dimension,FACT.GL POSTING,dw-fact,FACT_Load_GLPosting,proc:INTEGRATION.USP_LOADFACTGLPOSTING
DIMENSION.PROMOTION,dw-dimension,AGGREGATE.PROMOTION EFFECTIVENESS,dw-aggregate,AGG_Refresh_PromotionEffectiveness,proc:INTEGRATION.USP_REFRESHAGGREGATEPROMOTIONEFFECTIVENESS
DIMENSION.PROMOTION,dw-dimension,DIMENSION.PROMOTION,dw-dimension,DIM_Load_Promotion,direct
DIMENSION.PROMOTION,dw-dimension,DIMENSION.PROMOTION,dw-dimension,DIM_Load_Promotion,proc:INTEGRATION.USP_MIGRATESTAGEDPROMOTIONDATA
DIMENSION.PROMOTION,dw-dimension,FACT.LOYALTY POINTS,dw-fact,FACT_Load_LoyaltyPoints,proc:INTEGRATION.USP_LOADFACTLOYALTYPOINTS
DIMENSION.PROMOTION,dw-dimension,FACT.ORDER,dw-fact,FACT_Load_Order,proc:INTEGRATION.USP_LOADFACTORDER
DIMENSION.PROMOTION,dw-dimension,INTEGRATION.DIMENSIONLOADAUDIT,dw-integration,DIM_Load_Promotion,proc:INTEGRATION.USP_MIGRATESTAGEDPROMOTIONDATA
DIMENSION.PROMOTION,dw-dimension,INTEGRATION.INFERREDMEMBERQUEUE,dw-integration,DIM_Load_Promotion,proc:INTEGRATION.USP_MIGRATESTAGEDPROMOTIONDATA
DIMENSION.REGION,dw-dimension,DIMENSION.CITY,dw-dimension,DIM_Load_City,proc:INTEGRATION.USP_MIGRATESTAGEDCITYDATA
DIMENSION.REGION,dw-dimension,DIMENSION.EMPLOYEE TERRITORY BRIDGE,dw-dimension,DIM_Load_SalesTerritory,proc:INTEGRATION.USP_MIGRATESTAGEDSALESTERRITORYDATA
DIMENSION.REGION,dw-dimension,DIMENSION.SALES TERRITORY,dw-dimension,DIM_Load_SalesTerritory,proc:INTEGRATION.USP_MIGRATESTAGEDSALESTERRITORYDATA
DIMENSION.REGION,dw-dimension,INTEGRATION.DIMENSIONLOADAUDIT,dw-integration,DIM_Load_City,proc:INTEGRATION.USP_MIGRATESTAGEDCITYDATA
DIMENSION.REGION,dw-dimension,INTEGRATION.DIMENSIONLOADAUDIT,dw-integration,DIM_Load_SalesTerritory,proc:INTEGRATION.USP_MIGRATESTAGEDSALESTERRITORYDATA
DIMENSION.RETURN REASON,dw-dimension,FACT.RETURN,dw-fact,FACT_Load_Return,proc:INTEGRATION.USP_LOADFACTRETURN
DIMENSION.SALES CHANNEL,dw-dimension,DIMENSION.PROMOTION,dw-dimension,DIM_Load_Promotion,proc:INTEGRATION.USP_MIGRATESTAGEDPROMOTIONDATA
DIMENSION.SALES CHANNEL,dw-dimension,FACT.LOYALTY POINTS,dw-fact,FACT_Load_LoyaltyPoints,proc:INTEGRATION.USP_LOADFACTLOYALTYPOINTS
DIMENSION.SALES CHANNEL,dw-dimension,FACT.ORDER,dw-fact,FACT_Load_Order,proc:INTEGRATION.USP_LOADFACTORDER
DIMENSION.SALES CHANNEL,dw-dimension,FACT.WEB SESSION,dw-fact,FACT_Load_WebSession,proc:INTEGRATION.USP_LOADFACTWEBSESSION
DIMENSION.SALES CHANNEL,dw-dimension,INTEGRATION.DIMENSIONLOADAUDIT,dw-integration,DIM_Load_Promotion,proc:INTEGRATION.USP_MIGRATESTAGEDPROMOTIONDATA
DIMENSION.SALES CHANNEL,dw-dimension,INTEGRATION.INFERREDMEMBERQUEUE,dw-integration,DIM_Load_Promotion,proc:INTEGRATION.USP_MIGRATESTAGEDPROMOTIONDATA
DIMENSION.SALES TERRITORY,dw-dimension,AGGREGATE.REGIONAL SALES PERFORMANCE,dw-aggregate,AGG_Refresh_RegionalSalesPerformance,direct
DIMENSION.SALES TERRITORY,dw-dimension,DIMENSION.CITY,dw-dimension,DIM_Load_City,proc:INTEGRATION.USP_MIGRATESTAGEDCITYDATA
DIMENSION.SALES TERRITORY,dw-dimension,DIMENSION.EMPLOYEE TERRITORY BRIDGE,dw-dimension,DIM_Load_SalesTerritory,proc:INTEGRATION.USP_MIGRATESTAGEDSALESTERRITORYDATA
DIMENSION.SALES TERRITORY,dw-dimension,DIMENSION.SALES TERRITORY,dw-dimension,DIM_Load_SalesTerritory,direct
DIMENSION.SALES TERRITORY,dw-dimension,DIMENSION.SALES TERRITORY,dw-dimension,DIM_Load_SalesTerritory,proc:INTEGRATION.USP_MIGRATESTAGEDSALESTERRITORYDATA
DIMENSION.SALES TERRITORY,dw-dimension,DIMENSION.SALESPERSON,dw-dimension,DIM_Load_Salesperson,direct
DIMENSION.SALES TERRITORY,dw-dimension,DIMENSION.SALESPERSON TERRITORY BRIDGE,dw-dimension,DIM_Load_Salesperson,direct
DIMENSION.SALES TERRITORY,dw-dimension,FACT.CREDIT NOTE,dw-fact,FACT_Load_CreditNote,proc:INTEGRATION.USP_LOADFACTCREDITNOTE
DIMENSION.SALES TERRITORY,dw-dimension,FACT.PAYMENT,dw-fact,FACT_Load_Payment,proc:INTEGRATION.USP_LOADFACTPAYMENT
DIMENSION.SALES TERRITORY,dw-dimension,FACT.RETURN,dw-fact,FACT_Load_Return,proc:INTEGRATION.USP_LOADFACTRETURN
DIMENSION.SALES TERRITORY,dw-dimension,FACT.SHIPMENT,dw-fact,FACT_Load_Shipment,proc:INTEGRATION.USP_LOADFACTSHIPMENT
DIMENSION.SALES TERRITORY,dw-dimension,INTEGRATION.DIMENSIONLOADAUDIT,dw-integration,DIM_Load_City,proc:INTEGRATION.USP_MIGRATESTAGEDCITYDATA
DIMENSION.SALES TERRITORY,dw-dimension,INTEGRATION.DIMENSIONLOADAUDIT,dw-integration,DIM_Load_SalesTerritory,proc:INTEGRATION.USP_MIGRATESTAGEDSALESTERRITORYDATA
DIMENSION.SALES TERRITORY,dw-dimension,WORK.PRODUCTCROSSWALK,staging-work,DIM_Load_SalesTerritory,direct
DIMENSION.SALESPERSON,dw-dimension,DIMENSION.SALESPERSON,dw-dimension,DIM_Load_Salesperson,direct
DIMENSION.SALESPERSON,dw-dimension,DIMENSION.SALESPERSON TERRITORY BRIDGE,dw-dimension,DIM_Load_Salesperson,direct
DIMENSION.SALESPERSON,dw-dimension,FACT.CREDIT NOTE,dw-fact,FACT_Load_CreditNote,proc:INTEGRATION.USP_LOADFACTCREDITNOTE
DIMENSION.SALESPERSON,dw-dimension,FACT.ORDER,dw-fact,FACT_Load_Order,proc:INTEGRATION.USP_LOADFACTORDER
DIMENSION.SALESPERSON,dw-dimension,FACT.RETURN,dw-fact,FACT_Load_Return,proc:INTEGRATION.USP_LOADFACTRETURN
DIMENSION.SALESPERSON,dw-dimension,FACT.SALE,dw-fact,FACT_NA_Load_Sale,direct
DIMENSION.SALESPERSON,dw-dimension,WORK.LATEARRIVINGDIMENSIONQUEUE,staging-work,FACT_NA_Load_Sale,direct
DIMENSION.SALESPERSON TERRITORY BRIDGE,dw-dimension,DIMENSION.SALESPERSON,dw-dimension,DIM_Load_Salesperson,direct
DIMENSION.SALESPERSON TERRITORY BRIDGE,dw-dimension,DIMENSION.SALESPERSON TERRITORY BRIDGE,dw-dimension,DIM_Load_Salesperson,direct
DIMENSION.STOCK ITEM,dw-dimension,AGGREGATE.DAILY INVENTORY HEALTH,dw-aggregate,AGG_Refresh_DailyInventoryHealth,direct
DIMENSION.STOCK ITEM,dw-dimension,AGGREGATE.DAILY INVENTORY HEALTH,dw-aggregate,AGG_Refresh_DailyInventoryHealth,proc:INTEGRATION.USP_REFRESHAGGREGATEINVENTORYHEALTH
DIMENSION.STOCK ITEM,dw-dimension,AGGREGATE.DAILY SALES SUMMARY,dw-aggregate,AGG_Refresh_DailySalesSummary,proc:INTEGRATION.USP_REFRESHAGGREGATEDAILYSALES
DIMENSION.STOCK ITEM,dw-dimension,AGGREGATE.MONTHLY MARGIN ANALYSIS,dw-aggregate,AGG_Refresh_MonthlyMarginAnalysis,direct
DIMENSION.STOCK ITEM,dw-dimension,AGGREGATE.PRODUCT PERFORMANCE,dw-aggregate,AGG_Refresh_ProductPerformance,direct
DIMENSION.STOCK ITEM,dw-dimension,AGGREGATE.PRODUCT PERFORMANCE,dw-aggregate,AGG_Refresh_ProductPerformance,proc:INTEGRATION.USP_REFRESHAGGREGATEPRODUCTPERFORMANCE
DIMENSION.STOCK ITEM,dw-dimension,AGGREGATE.PROMOTION EFFECTIVENESS,dw-aggregate,AGG_Refresh_PromotionEffectiveness,proc:INTEGRATION.USP_REFRESHAGGREGATEPROMOTIONEFFECTIVENESS
DIMENSION.STOCK ITEM,dw-dimension,AGGREGATE.SUPPLIER PERFORMANCE,dw-aggregate,AGG_Refresh_SupplierPerformance,proc:INTEGRATION.USP_REFRESHAGGREGATESUPPLIERPERFORMANCE
DIMENSION.STOCK ITEM,dw-dimension,DIMENSION.PRODUCT CATEGORY,dw-dimension,DIM_Load_ProductCategory,direct
DIMENSION.STOCK ITEM,dw-dimension,DIMENSION.STOCK ITEM,dw-dimension,DIM_Load_StockItem,direct
DIMENSION.STOCK ITEM,dw-dimension,DIMENSION.STOCK ITEM,dw-dimension,DIM_Load_StockItem,proc:INTEGRATION.USP_MIGRATESTAGEDSTOCKITEMDATA
DIMENSION.STOCK ITEM,dw-dimension,DIMENSION.STOCK ITEM CATEGORY BRIDGE,dw-dimension,DIM_Load_ProductCategory,direct
DIMENSION.STOCK ITEM,dw-dimension,FACT.CREDIT NOTE,dw-fact,FACT_Load_CreditNote,proc:INTEGRATION.USP_LOADFACTCREDITNOTE
DIMENSION.STOCK ITEM,dw-dimension,FACT.DAILY INVENTORY SNAPSHOT,dw-fact,FACT_Load_DailyInventorySnapshot,direct
DIMENSION.STOCK ITEM,dw-dimension,FACT.DAILY INVENTORY SNAPSHOT,dw-fact,INV_Load_DailySnapshot,direct
DIMENSION.STOCK ITEM,dw-dimension,FACT.FACT LOAD HOLD,dw-fact,DIM_Rekey_LateArriving,proc:INTEGRATION.USP_REKEYLATEARRIVINGDIMENSIONS
DIMENSION.STOCK ITEM,dw-dimension,FACT.MOVEMENT,dw-fact,DIM_Rekey_LateArriving,proc:INTEGRATION.USP_REKEYLATEARRIVINGDIMENSIONS
DIMENSION.STOCK ITEM,dw-dimension,FACT.MOVEMENT,dw-fact,FACT_Load_Movement,direct
DIMENSION.STOCK ITEM,dw-dimension,FACT.ORDER,dw-fact,FACT_Load_Order,direct
DIMENSION.STOCK ITEM,dw-dimension,FACT.ORDER,dw-fact,FACT_Load_Order,proc:INTEGRATION.USP_LOADFACTORDER
DIMENSION.STOCK ITEM,dw-dimension,FACT.PURCHASE,dw-fact,DIM_Rekey_LateArriving,proc:INTEGRATION.USP_REKEYLATEARRIVINGDIMENSIONS
DIMENSION.STOCK ITEM,dw-dimension,FACT.PURCHASE,dw-fact,FACT_Load_Purchase,direct
DIMENSION.STOCK ITEM,dw-dimension,FACT.PURCHASE,dw-fact,FACT_Load_Purchase,proc:INTEGRATION.USP_LOADFACTPURCHASE
DIMENSION.STOCK ITEM,dw-dimension,FACT.PURCHASE RECEIPT,dw-fact,FACT_Load_PurchaseReceipt,direct
DIMENSION.STOCK ITEM,dw-dimension,FACT.PURCHASE RECEIPT,dw-fact,FACT_Load_PurchaseReceipt,proc:INTEGRATION.USP_LOADFACTPURCHASERECEIPT
DIMENSION.STOCK ITEM,dw-dimension,FACT.RETURN,dw-fact,FACT_Load_Return,direct
DIMENSION.STOCK ITEM,dw-dimension,FACT.RETURN,dw-fact,FACT_Load_Return,proc:INTEGRATION.USP_LOADFACTRETURN
DIMENSION.STOCK ITEM,dw-dimension,FACT.SALE,dw-fact,DIM_Rekey_LateArriving,proc:INTEGRATION.USP_REKEYLATEARRIVINGDIMENSIONS
DIMENSION.STOCK ITEM,dw-dimension,FACT.SALE,dw-fact,FACT_APAC_Load_Sale,direct
DIMENSION.STOCK ITEM,dw-dimension,FACT.SALE,dw-fact,FACT_EU_Load_Sale,direct
DIMENSION.STOCK ITEM,dw-dimension,FACT.SALE,dw-fact,FACT_NA_Load_Sale,direct
DIMENSION.STOCK ITEM,dw-dimension,FACT.STOCK HOLDING,dw-fact,FACT_Load_StockHolding,direct
DIMENSION.STOCK ITEM,dw-dimension,FACT.STOCK HOLDING,dw-fact,FACT_Load_StockHolding,proc:INTEGRATION.USP_LOADFACTSTOCKHOLDING
DIMENSION.STOCK ITEM,dw-dimension,FACT.STOCK HOLDING SWITCH,dw-fact,FACT_Load_StockHolding,proc:INTEGRATION.USP_LOADFACTSTOCKHOLDING
DIMENSION.STOCK ITEM,dw-dimension,INTEGRATION.DIMENSIONLOADAUDIT,dw-integration,DIM_Load_StockItem,proc:INTEGRATION.USP_MIGRATESTAGEDSTOCKITEMDATA
DIMENSION.STOCK ITEM,dw-dimension,WORK.CURRENCYCONVERSIONSCRATCH,staging-work,FACT_APAC_Load_Sale,direct
DIMENSION.STOCK ITEM,dw-dimension,WORK.CURRENCYCONVERSIONSCRATCH,staging-work,FACT_EU_Load_Sale,direct
DIMENSION.STOCK ITEM,dw-dimension,WORK.LATEARRIVINGDIMENSIONQUEUE,staging-work,DIM_Load_StockItem,direct
DIMENSION.STOCK ITEM,dw-dimension,WORK.LATEARRIVINGDIMENSIONQUEUE,staging-work,FACT_APAC_Load_Sale,direct
DIMENSION.STOCK ITEM,dw-dimension,WORK.LATEARRIVINGDIMENSIONQUEUE,staging-work,FACT_EU_Load_Sale,direct
DIMENSION.STOCK ITEM,dw-dimension,WORK.LATEARRIVINGDIMENSIONQUEUE,staging-work,FACT_Load_Movement,direct
DIMENSION.STOCK ITEM,dw-dimension,WORK.LATEARRIVINGDIMENSIONQUEUE,staging-work,FACT_Load_Order,direct
DIMENSION.STOCK ITEM,dw-dimension,WORK.LATEARRIVINGDIMENSIONQUEUE,staging-work,FACT_Load_Purchase,direct
DIMENSION.STOCK ITEM,dw-dimension,WORK.LATEARRIVINGDIMENSIONQUEUE,staging-work,FACT_NA_Load_Sale,direct
DIMENSION.STOCK ITEM,dw-dimension,WORK.ORDERLINEENRICHED,staging-work,FACT_Load_Order,direct
DIMENSION.STOCK ITEM,dw-dimension,WORK.PARTNERFEEDARCHIVE,staging-work,SLS_Export_PartnerFeed,direct
DIMENSION.STOCK ITEM,dw-dimension,WORK.PARTNERFEEDROW,staging-work,SLS_Export_PartnerFeed,direct
DIMENSION.STOCK ITEM,dw-dimension,WORK.PRODUCTCROSSWALK,staging-work,DIM_Load_StockItem,direct
DIMENSION.STOCK ITEM,dw-dimension,WORK.PURCHASELINEENRICHED,staging-work,FACT_Load_Purchase,direct
DIMENSION.STOCK ITEM,dw-dimension,WORK.PURCHASELINEENRICHED,staging-work,FACT_Load_PurchaseReceipt,direct
DIMENSION.STOCK ITEM CATEGORY BRIDGE,dw-dimension,DIMENSION.PRODUCT CATEGORY,dw-dimension,DIM_Load_ProductCategory,direct
DIMENSION.STOCK ITEM CATEGORY BRIDGE,dw-dimension,DIMENSION.STOCK ITEM CATEGORY BRIDGE,dw-dimension,DIM_Load_ProductCategory,direct
DIMENSION.SUPPLIER,dw-dimension,AGGREGATE.SUPPLIER PERFORMANCE,dw-aggregate,AGG_Refresh_SupplierPerformance,direct
DIMENSION.SUPPLIER,dw-dimension,DIMENSION.STOCK ITEM,dw-dimension,DIM_Load_StockItem,proc:INTEGRATION.USP_MIGRATESTAGEDSTOCKITEMDATA
DIMENSION.SUPPLIER,dw-dimension,DIMENSION.SUPPLIER,dw-dimension,DIM_Load_Supplier,direct
DIMENSION.SUPPLIER,dw-dimension,DIMENSION.SUPPLIER,dw-dimension,DIM_Load_Supplier,proc:INTEGRATION.USP_MIGRATESTAGEDSUPPLIERDATAV2
DIMENSION.SUPPLIER,dw-dimension,DIMENSION.VENDOR CONTRACT,dw-dimension,DIM_Load_VendorContract,direct
DIMENSION.SUPPLIER,dw-dimension,DIMENSION.VENDOR CONTRACT,dw-dimension,DIM_Load_VendorContract,proc:INTEGRATION.USP_MIGRATESTAGEDVENDORCONTRACTDATA
DIMENSION.SUPPLIER,dw-dimension,FACT.FACT LOAD HOLD,dw-fact,DIM_Rekey_LateArriving,proc:INTEGRATION.USP_REKEYLATEARRIVINGDIMENSIONS
DIMENSION.SUPPLIER,dw-dimension,FACT.GL POSTING,dw-fact,FACT_Load_GLPosting,proc:INTEGRATION.USP_LOADFACTGLPOSTING
DIMENSION.SUPPLIER,dw-dimension,FACT.MOVEMENT,dw-fact,DIM_Rekey_LateArriving,proc:INTEGRATION.USP_REKEYLATEARRIVINGDIMENSIONS
DIMENSION.SUPPLIER,dw-dimension,FACT.PURCHASE,dw-fact,DIM_Rekey_LateArriving,proc:INTEGRATION.USP_REKEYLATEARRIVINGDIMENSIONS
DIMENSION.SUPPLIER,dw-dimension,FACT.PURCHASE,dw-fact,FACT_Load_Purchase,direct
DIMENSION.SUPPLIER,dw-dimension,FACT.PURCHASE,dw-fact,FACT_Load_Purchase,proc:INTEGRATION.USP_LOADFACTPURCHASE
DIMENSION.SUPPLIER,dw-dimension,FACT.PURCHASE RECEIPT,dw-fact,FACT_Load_PurchaseReceipt,direct
DIMENSION.SUPPLIER,dw-dimension,FACT.PURCHASE RECEIPT,dw-fact,FACT_Load_PurchaseReceipt,proc:INTEGRATION.USP_LOADFACTPURCHASERECEIPT
DIMENSION.SUPPLIER,dw-dimension,FACT.PURCHASE RECEIPT,dw-fact,PRC_Load_ReceiptMatching,direct
DIMENSION.SUPPLIER,dw-dimension,FACT.SALE,dw-fact,DIM_Rekey_LateArriving,proc:INTEGRATION.USP_REKEYLATEARRIVINGDIMENSIONS
DIMENSION.SUPPLIER,dw-dimension,FACT.SUPPLIER PAYMENT,dw-fact,FACT_Load_SupplierPayment,direct
DIMENSION.SUPPLIER,dw-dimension,FACT.SUPPLIER PAYMENT,dw-fact,FACT_Load_SupplierPayment,proc:INTEGRATION.USP_LOADFACTSUPPLIERPAYMENT
DIMENSION.SUPPLIER,dw-dimension,FACT.SUPPLIER TRANSACTION,dw-fact,FACT_Load_SupplierTransaction,direct
DIMENSION.SUPPLIER,dw-dimension,INTEGRATION.DIMENSIONLOADAUDIT,dw-integration,DIM_Load_StockItem,proc:INTEGRATION.USP_MIGRATESTAGEDSTOCKITEMDATA
DIMENSION.SUPPLIER,dw-dimension,INTEGRATION.DIMENSIONLOADAUDIT,dw-integration,DIM_Load_Supplier,proc:INTEGRATION.USP_MIGRATESTAGEDSUPPLIERDATAV2
DIMENSION.SUPPLIER,dw-dimension,INTEGRATION.DIMENSIONLOADAUDIT,dw-integration,DIM_Load_VendorContract,proc:INTEGRATION.USP_MIGRATESTAGEDVENDORCONTRACTDATA
DIMENSION.SUPPLIER,dw-dimension,WORK.APAGINGSTAGING,staging-work,FIN_Load_ApAging,direct
DIMENSION.SUPPLIER,dw-dimension,WORK.LATEARRIVINGDIMENSIONQUEUE,staging-work,FACT_Load_Purchase,direct
DIMENSION.SUPPLIER,dw-dimension,WORK.PURCHASELINEENRICHED,staging-work,FACT_Load_Purchase,direct
DIMENSION.SUPPLIER,dw-dimension,WORK.PURCHASELINEENRICHED,staging-work,FACT_Load_PurchaseReceipt,direct
DIMENSION.SUPPLIER,dw-dimension,WORK.PURCHASESPENDLINE,staging-work,PRC_Load_PurchaseSpend,direct
DIMENSION.SUPPLIER,dw-dimension,WORK.RECEIPTGRNI,staging-work,PRC_Load_ReceiptMatching,direct
DIMENSION.SUPPLIER,dw-dimension,WORK.RECEIPTMATCH,staging-work,PRC_Load_ReceiptMatching,direct
DIMENSION.SUPPLIER,dw-dimension,WORK.RECEIPTMATCHEXCEPTION,staging-work,PRC_Load_ReceiptMatching,direct
DIMENSION.SUPPLIER,dw-dimension,WORK.SUPPLIERDEDUP,staging-work,DIM_Load_Supplier,direct
DIMENSION.SUPPLIER,dw-dimension,WORK.SUPPLIERSTATEMENTARCHIVE,staging-work,PRC_Export_SupplierStatement,direct
DIMENSION.SUPPLIER,dw-dimension,WORK.SUPPLIERSTATEMENTLINE,staging-work,PRC_Export_SupplierStatement,direct
DIMENSION.SUPPLIER CATEGORY,dw-dimension,DIMENSION.SUPPLIER,dw-dimension,DIM_Load_Supplier,proc:INTEGRATION.USP_MIGRATESTAGEDSUPPLIERDATAV2
DIMENSION.SUPPLIER CATEGORY,dw-dimension,INTEGRATION.DIMENSIONLOADAUDIT,dw-integration,DIM_Load_Supplier,proc:INTEGRATION.USP_MIGRATESTAGEDSUPPLIERDATAV2
DIMENSION.TAX JURISDICTION,dw-dimension,DIMENSION.CITY,dw-dimension,DIM_Load_City,proc:INTEGRATION.USP_MIGRATESTAGEDCITYDATA
DIMENSION.TAX JURISDICTION,dw-dimension,INTEGRATION.DIMENSIONLOADAUDIT,dw-integration,DIM_Load_City,proc:INTEGRATION.USP_MIGRATESTAGEDCITYDATA
DIMENSION.TRANSACTION TYPE,dw-dimension,FACT.TRANSACTION,dw-fact,FACT_Load_Transaction,direct
DIMENSION.VENDOR CONTRACT,dw-dimension,DIMENSION.VENDOR CONTRACT,dw-dimension,DIM_Load_VendorContract,direct
DIMENSION.VENDOR CONTRACT,dw-dimension,DIMENSION.VENDOR CONTRACT,dw-dimension,DIM_Load_VendorContract,proc:INTEGRATION.USP_MIGRATESTAGEDVENDORCONTRACTDATA
DIMENSION.VENDOR CONTRACT,dw-dimension,FACT.PURCHASE,dw-fact,FACT_Load_Purchase,proc:INTEGRATION.USP_LOADFACTPURCHASE
DIMENSION.VENDOR CONTRACT,dw-dimension,FACT.PURCHASE RECEIPT,dw-fact,FACT_Load_PurchaseReceipt,proc:INTEGRATION.USP_LOADFACTPURCHASERECEIPT
DIMENSION.VENDOR CONTRACT,dw-dimension,FACT.SUPPLIER PAYMENT,dw-fact,FACT_Load_SupplierPayment,proc:INTEGRATION.USP_LOADFACTSUPPLIERPAYMENT
DIMENSION.VENDOR CONTRACT,dw-dimension,INTEGRATION.DIMENSIONLOADAUDIT,dw-integration,DIM_Load_VendorContract,proc:INTEGRATION.USP_MIGRATESTAGEDVENDORCONTRACTDATA
DIMENSION.WAREHOUSE SITE,dw-dimension,FACT.PURCHASE,dw-fact,FACT_Load_Purchase,proc:INTEGRATION.USP_LOADFACTPURCHASE
DIMENSION.WAREHOUSE SITE,dw-dimension,FACT.PURCHASE RECEIPT,dw-fact,FACT_Load_PurchaseReceipt,proc:INTEGRATION.USP_LOADFACTPURCHASERECEIPT
DIMENSION.WAREHOUSE SITE,dw-dimension,FACT.RETURN,dw-fact,FACT_Load_Return,proc:INTEGRATION.USP_LOADFACTRETURN
DIMENSION.WAREHOUSE SITE,dw-dimension,FACT.SHIPMENT,dw-fact,FACT_Load_Shipment,proc:INTEGRATION.USP_LOADFACTSHIPMENT
DIMENSION.WAREHOUSE SITE,dw-dimension,FACT.STOCK HOLDING,dw-fact,FACT_Load_StockHolding,proc:INTEGRATION.USP_LOADFACTSTOCKHOLDING
DIMENSION.WAREHOUSE SITE,dw-dimension,FACT.STOCK HOLDING SWITCH,dw-fact,FACT_Load_StockHolding,proc:INTEGRATION.USP_LOADFACTSTOCKHOLDING
ECOMMERCE.CARTHEADERS,unknown,RAW.SQLWEBSESSION,staging-raw,EXT_SQL_WebSessions,direct
ECOMMERCE.WEBSESSIONS,unknown,RAW.SQLWEBSESSION,staging-raw,EXT_SQL_WebSessions,direct
FACT.CREDIT NOTE,dw-fact,AGGREGATE.MONTHLY SALES SUMMARY,dw-aggregate,AGG_Refresh_MonthlySalesSummary,proc:INTEGRATION.USP_REFRESHAGGREGATEMONTHLYSALES
FACT.CREDIT NOTE,dw-fact,FACT.CREDIT NOTE,dw-fact,FACT_Load_CreditNote,direct
FACT.CREDIT NOTE,dw-fact,FACT.CREDIT NOTE,dw-fact,FACT_Load_CreditNote,proc:INTEGRATION.USP_LOADFACTCREDITNOTE
FACT.CREDIT NOTE,dw-fact,FACT.DAILY SALES SNAPSHOT,dw-fact,FACT_Load_DailySalesSnapshot,proc:INTEGRATION.USP_LOADFACTDAILYSALESSNAPSHOT
FACT.CREDIT NOTE,dw-fact,FACT.SALE,dw-fact,FACT_Load_CreditNote,direct
FACT.CREDIT NOTE,dw-fact,WORK.PAYMENTMATCHED,staging-work,FACT_Load_CreditNote,direct
FACT.DAILY INVENTORY SNAPSHOT,dw-fact,AGGREGATE.DAILY INVENTORY HEALTH,dw-aggregate,AGG_Refresh_DailyInventoryHealth,direct
FACT.DAILY INVENTORY SNAPSHOT,dw-fact,AGGREGATE.DAILY INVENTORY HEALTH,dw-aggregate,AGG_Refresh_DailyInventoryHealth,proc:INTEGRATION.USP_REFRESHAGGREGATEINVENTORYHEALTH
FACT.DAILY INVENTORY SNAPSHOT,dw-fact,AGGREGATE.PRODUCT PERFORMANCE,dw-aggregate,AGG_Refresh_ProductPerformance,direct
FACT.DAILY INVENTORY SNAPSHOT,dw-fact,AGGREGATE.PRODUCT PERFORMANCE,dw-aggregate,AGG_Refresh_ProductPerformance,proc:INTEGRATION.USP_REFRESHAGGREGATEPRODUCTPERFORMANCE
FACT.DAILY INVENTORY SNAPSHOT,dw-fact,FACT.DAILY INVENTORY SNAPSHOT,dw-fact,FACT_Load_DailyInventorySnapshot,direct
FACT.DAILY INVENTORY SNAPSHOT,dw-fact,FACT.DAILY INVENTORY SNAPSHOT,dw-fact,INV_Load_DailySnapshot,direct
FACT.DAILY SALES SNAPSHOT,dw-fact,FACT.DAILY SALES SNAPSHOT,dw-fact,FACT_Load_DailySalesSnapshot,direct
FACT.DAILY SALES SNAPSHOT,dw-fact,FACT.DAILY SALES SNAPSHOT,dw-fact,FACT_Load_DailySalesSnapshot,proc:INTEGRATION.USP_LOADFACTDAILYSALESSNAPSHOT
FACT.FACT LOAD HOLD,dw-fact,FACT.FACT LOAD HOLD,dw-fact,DIM_Rekey_LateArriving,proc:INTEGRATION.USP_REKEYLATEARRIVINGDIMENSIONS
FACT.FACT LOAD HOLD,dw-fact,FACT.MOVEMENT,dw-fact,DIM_Rekey_LateArriving,proc:INTEGRATION.USP_REKEYLATEARRIVINGDIMENSIONS
FACT.FACT LOAD HOLD,dw-fact,FACT.PURCHASE,dw-fact,DIM_Rekey_LateArriving,proc:INTEGRATION.USP_REKEYLATEARRIVINGDIMENSIONS
FACT.FACT LOAD HOLD,dw-fact,FACT.SALE,dw-fact,DIM_Rekey_LateArriving,proc:INTEGRATION.USP_REKEYLATEARRIVINGDIMENSIONS
FACT.GL POSTING,dw-fact,AGGREGATE.FINANCE CLOSE SUMMARY,dw-aggregate,AGG_Refresh_FinanceCloseSummary,direct
FACT.GL POSTING,dw-fact,AGGREGATE.FINANCE CLOSE SUMMARY,dw-aggregate,AGG_Refresh_FinanceCloseSummary,proc:INTEGRATION.USP_REFRESHAGGREGATEFINANCECLOSE
FACT.GL POSTING,dw-fact,FACT.GL POSTING,dw-fact,FACT_Load_GLPosting,proc:INTEGRATION.USP_LOADFACTGLPOSTING
FACT.LOYALTY POINTS,dw-fact,AGGREGATE.CUSTOMER 360,dw-aggregate,AGG_Refresh_Customer360,proc:INTEGRATION.USP_REFRESHAGGREGATECUSTOMER360
FACT.LOYALTY POINTS,dw-fact,AGGREGATE.CUSTOMER 360,dw-aggregate,AGG_Refresh_CustomerRolling12Month,proc:INTEGRATION.USP_REFRESHAGGREGATECUSTOMER360
FACT.LOYALTY POINTS,dw-fact,AGGREGATE.CUSTOMER ROLLING 12 MONTH,dw-aggregate,AGG_Refresh_Customer360,proc:INTEGRATION.USP_REFRESHAGGREGATECUSTOMER360
FACT.LOYALTY POINTS,dw-fact,AGGREGATE.CUSTOMER ROLLING 12 MONTH,dw-aggregate,AGG_Refresh_CustomerRolling12Month,proc:INTEGRATION.USP_REFRESHAGGREGATECUSTOMER360
FACT.LOYALTY POINTS,dw-fact,AGGREGATE.PROMOTION EFFECTIVENESS,dw-aggregate,AGG_Refresh_PromotionEffectiveness,proc:INTEGRATION.USP_REFRESHAGGREGATEPROMOTIONEFFECTIVENESS
FACT.LOYALTY POINTS,dw-fact,FACT.LOYALTY POINTS,dw-fact,FACT_Load_LoyaltyPoints,proc:INTEGRATION.USP_LOADFACTLOYALTYPOINTS
FACT.MONTHLY AP AGING,dw-fact,AGGREGATE.FINANCE CLOSE SUMMARY,dw-aggregate,AGG_Refresh_FinanceCloseSummary,proc:INTEGRATION.USP_REFRESHAGGREGATEFINANCECLOSE
FACT.MONTHLY AR AGING,dw-fact,AGGREGATE.FINANCE CLOSE SUMMARY,dw-aggregate,AGG_Refresh_FinanceCloseSummary,proc:INTEGRATION.USP_REFRESHAGGREGATEFINANCECLOSE
FACT.MONTHLY CUSTOMER BALANCE,dw-fact,AGGREGATE.CUSTOMER 360,dw-aggregate,AGG_Refresh_Customer360,proc:INTEGRATION.USP_REFRESHAGGREGATECUSTOMER360
FACT.MONTHLY CUSTOMER BALANCE,dw-fact,AGGREGATE.CUSTOMER 360,dw-aggregate,AGG_Refresh_CustomerRolling12Month,proc:INTEGRATION.USP_REFRESHAGGREGATECUSTOMER360
FACT.MONTHLY CUSTOMER BALANCE,dw-fact,AGGREGATE.CUSTOMER ROLLING 12 MONTH,dw-aggregate,AGG_Refresh_Customer360,proc:INTEGRATION.USP_REFRESHAGGREGATECUSTOMER360
FACT.MONTHLY CUSTOMER BALANCE,dw-fact,AGGREGATE.CUSTOMER ROLLING 12 MONTH,dw-aggregate,AGG_Refresh_CustomerRolling12Month,proc:INTEGRATION.USP_REFRESHAGGREGATECUSTOMER360
FACT.MOVEMENT,dw-fact,AGGREGATE.DAILY INVENTORY HEALTH,dw-aggregate,AGG_Refresh_DailyInventoryHealth,proc:INTEGRATION.USP_REFRESHAGGREGATEINVENTORYHEALTH
FACT.MOVEMENT,dw-fact,FACT.FACT LOAD HOLD,dw-fact,DIM_Rekey_LateArriving,proc:INTEGRATION.USP_REKEYLATEARRIVINGDIMENSIONS
FACT.MOVEMENT,dw-fact,FACT.MOVEMENT,dw-fact,DIM_Rekey_LateArriving,proc:INTEGRATION.USP_REKEYLATEARRIVINGDIMENSIONS
FACT.MOVEMENT,dw-fact,FACT.MOVEMENT,dw-fact,FACT_Load_Movement,direct
FACT.MOVEMENT,dw-fact,FACT.PURCHASE,dw-fact,DIM_Rekey_LateArriving,proc:INTEGRATION.USP_REKEYLATEARRIVINGDIMENSIONS
FACT.MOVEMENT,dw-fact,FACT.SALE,dw-fact,DIM_Rekey_LateArriving,proc:INTEGRATION.USP_REKEYLATEARRIVINGDIMENSIONS
FACT.MOVEMENT,dw-fact,WORK.LATEARRIVINGDIMENSIONQUEUE,staging-work,FACT_Load_Movement,direct
FACT.ORDER,dw-fact,FACT.ORDER,dw-fact,FACT_Apply_Corrections,direct
FACT.ORDER,dw-fact,FACT.ORDER,dw-fact,FACT_Load_Order,proc:INTEGRATION.USP_LOADFACTORDER
FACT.ORDER,dw-fact,FACT.ORDER FULFILMENT,dw-fact,FACT_Load_OrderFulfilment,proc:INTEGRATION.USP_LOADFACTORDERFULFILMENT
FACT.ORDER,dw-fact,FACT.PAYMENT,dw-fact,FACT_Apply_Corrections,direct
FACT.ORDER,dw-fact,FACT.SALE,dw-fact,FACT_Apply_Corrections,direct
FACT.ORDER,dw-fact,WORK.FACTREKEYQUEUE,staging-work,FACT_Apply_Corrections,direct
FACT.ORDER,dw-fact,WORK.ORDERLINEENRICHED,staging-work,FACT_Apply_Corrections,direct
FACT.ORDER,dw-fact,WORK.PAYMENTMATCHED,staging-work,FACT_Apply_Corrections,direct
FACT.ORDER,dw-fact,WORK.SALELINEENRICHED,staging-work,FACT_Apply_Corrections,direct
FACT.ORDER FULFILMENT,dw-fact,FACT.ORDER FULFILMENT,dw-fact,FACT_Load_OrderFulfilment,direct
FACT.ORDER FULFILMENT,dw-fact,FACT.ORDER FULFILMENT,dw-fact,FACT_Load_OrderFulfilment,proc:INTEGRATION.USP_LOADFACTORDERFULFILMENT
FACT.ORDER FULFILMENT,dw-fact,WORK.ORDERLINEENRICHED,staging-work,FACT_Load_OrderFulfilment,direct
FACT.PAYMENT,dw-fact,AGGREGATE.CUSTOMER 360,dw-aggregate,AGG_Refresh_Customer360,proc:INTEGRATION.USP_REFRESHAGGREGATECUSTOMER360
FACT.PAYMENT,dw-fact,AGGREGATE.CUSTOMER 360,dw-aggregate,AGG_Refresh_CustomerRolling12Month,proc:INTEGRATION.USP_REFRESHAGGREGATECUSTOMER360
FACT.PAYMENT,dw-fact,AGGREGATE.CUSTOMER ROLLING 12 MONTH,dw-aggregate,AGG_Refresh_Customer360,proc:INTEGRATION.USP_REFRESHAGGREGATECUSTOMER360
FACT.PAYMENT,dw-fact,AGGREGATE.CUSTOMER ROLLING 12 MONTH,dw-aggregate,AGG_Refresh_CustomerRolling12Month,proc:INTEGRATION.USP_REFRESHAGGREGATECUSTOMER360
FACT.PAYMENT,dw-fact,FACT.ORDER,dw-fact,FACT_Apply_Corrections,direct
FACT.PAYMENT,dw-fact,FACT.ORDER FULFILMENT,dw-fact,FACT_Load_OrderFulfilment,proc:INTEGRATION.USP_LOADFACTORDERFULFILMENT
FACT.PAYMENT,dw-fact,FACT.PAYMENT,dw-fact,FACT_Apply_Corrections,direct
FACT.PAYMENT,dw-fact,FACT.PAYMENT,dw-fact,FACT_Load_Payment,direct
FACT.PAYMENT,dw-fact,FACT.PAYMENT,dw-fact,FACT_Load_Payment,proc:INTEGRATION.USP_LOADFACTPAYMENT
FACT.PAYMENT,dw-fact,FACT.PAYMENT,dw-fact,FIN_Currency_Revaluation,direct
FACT.PAYMENT,dw-fact,FACT.SALE,dw-fact,FACT_Apply_Corrections,direct
FACT.PAYMENT,dw-fact,WORK.FACTREKEYQUEUE,staging-work,FACT_Apply_Corrections,direct
FACT.PAYMENT,dw-fact,WORK.FXREVALUATIONRATE,staging-work,FIN_Currency_Revaluation,direct
FACT.PAYMENT,dw-fact,WORK.ORDERLINEENRICHED,staging-work,FACT_Apply_Corrections,direct
FACT.PAYMENT,dw-fact,WORK.PAYMENTMATCHED,staging-work,FACT_Apply_Corrections,direct
FACT.PAYMENT,dw-fact,WORK.PAYMENTMATCHED,staging-work,FACT_Load_Payment,direct
FACT.PAYMENT,dw-fact,WORK.SALELINEENRICHED,staging-work,FACT_Apply_Corrections,direct
FACT.PROMOTION ELIGIBILITY,dw-fact,AGGREGATE.PROMOTION EFFECTIVENESS,dw-aggregate,AGG_Refresh_PromotionEffectiveness,proc:INTEGRATION.USP_REFRESHAGGREGATEPROMOTIONEFFECTIVENESS
FACT.PURCHASE,dw-fact,AGGREGATE.SUPPLIER PERFORMANCE,dw-aggregate,AGG_Refresh_SupplierPerformance,proc:INTEGRATION.USP_REFRESHAGGREGATESUPPLIERPERFORMANCE
FACT.PURCHASE,dw-fact,FACT.FACT LOAD HOLD,dw-fact,DIM_Rekey_LateArriving,proc:INTEGRATION.USP_REKEYLATEARRIVINGDIMENSIONS
FACT.PURCHASE,dw-fact,FACT.MOVEMENT,dw-fact,DIM_Rekey_LateArriving,proc:INTEGRATION.USP_REKEYLATEARRIVINGDIMENSIONS
FACT.PURCHASE,dw-fact,FACT.PURCHASE,dw-fact,DIM_Rekey_LateArriving,proc:INTEGRATION.USP_REKEYLATEARRIVINGDIMENSIONS
FACT.PURCHASE,dw-fact,FACT.PURCHASE,dw-fact,FACT_Load_Purchase,proc:INTEGRATION.USP_LOADFACTPURCHASE
FACT.PURCHASE,dw-fact,FACT.SALE,dw-fact,DIM_Rekey_LateArriving,proc:INTEGRATION.USP_REKEYLATEARRIVINGDIMENSIONS
FACT.PURCHASE RECEIPT,dw-fact,AGGREGATE.SUPPLIER PERFORMANCE,dw-aggregate,AGG_Refresh_SupplierPerformance,direct
FACT.PURCHASE RECEIPT,dw-fact,AGGREGATE.SUPPLIER PERFORMANCE,dw-aggregate,AGG_Refresh_SupplierPerformance,proc:INTEGRATION.USP_REFRESHAGGREGATESUPPLIERPERFORMANCE
FACT.PURCHASE RECEIPT,dw-fact,FACT.PURCHASE RECEIPT,dw-fact,FACT_Load_PurchaseReceipt,direct
FACT.PURCHASE RECEIPT,dw-fact,FACT.PURCHASE RECEIPT,dw-fact,FACT_Load_PurchaseReceipt,proc:INTEGRATION.USP_LOADFACTPURCHASERECEIPT
FACT.PURCHASE RECEIPT,dw-fact,WORK.PURCHASELINEENRICHED,staging-work,FACT_Load_PurchaseReceipt,direct
FACT.RETURN,dw-fact,AGGREGATE.CUSTOMER 360,dw-aggregate,AGG_Refresh_Customer360,proc:INTEGRATION.USP_REFRESHAGGREGATECUSTOMER360
FACT.RETURN,dw-fact,AGGREGATE.CUSTOMER 360,dw-aggregate,AGG_Refresh_CustomerRolling12Month,proc:INTEGRATION.USP_REFRESHAGGREGATECUSTOMER360
FACT.RETURN,dw-fact,AGGREGATE.CUSTOMER ROLLING 12 MONTH,dw-aggregate,AGG_Refresh_Customer360,proc:INTEGRATION.USP_REFRESHAGGREGATECUSTOMER360
FACT.RETURN,dw-fact,AGGREGATE.CUSTOMER ROLLING 12 MONTH,dw-aggregate,AGG_Refresh_CustomerRolling12Month,proc:INTEGRATION.USP_REFRESHAGGREGATECUSTOMER360
FACT.RETURN,dw-fact,AGGREGATE.DAILY SALES SUMMARY,dw-aggregate,AGG_Refresh_DailySalesSummary,proc:INTEGRATION.USP_REFRESHAGGREGATEDAILYSALES
FACT.RETURN,dw-fact,AGGREGATE.MONTHLY SALES SUMMARY,dw-aggregate,AGG_Refresh_MonthlySalesSummary,proc:INTEGRATION.USP_REFRESHAGGREGATEMONTHLYSALES
FACT.RETURN,dw-fact,AGGREGATE.PRODUCT PERFORMANCE,dw-aggregate,AGG_Refresh_ProductPerformance,direct
FACT.RETURN,dw-fact,AGGREGATE.PRODUCT PERFORMANCE,dw-aggregate,AGG_Refresh_ProductPerformance,proc:INTEGRATION.USP_REFRESHAGGREGATEPRODUCTPERFORMANCE
FACT.RETURN,dw-fact,FACT.CREDIT NOTE,dw-fact,FACT_Load_CreditNote,proc:INTEGRATION.USP_LOADFACTCREDITNOTE
FACT.RETURN,dw-fact,FACT.DAILY SALES SNAPSHOT,dw-fact,FACT_Load_DailySalesSnapshot,proc:INTEGRATION.USP_LOADFACTDAILYSALESSNAPSHOT
FACT.RETURN,dw-fact,FACT.RETURN,dw-fact,FACT_Load_Return,proc:INTEGRATION.USP_LOADFACTRETURN
FACT.SALE,dw-fact,AGGREGATE.CUSTOMER 360,dw-aggregate,AGG_Refresh_Customer360,direct
FACT.SALE,dw-fact,AGGREGATE.CUSTOMER 360,dw-aggregate,AGG_Refresh_Customer360,proc:INTEGRATION.USP_REFRESHAGGREGATECUSTOMER360
FACT.SALE,dw-fact,AGGREGATE.CUSTOMER 360,dw-aggregate,AGG_Refresh_CustomerRolling12Month,proc:INTEGRATION.USP_REFRESHAGGREGATECUSTOMER360
FACT.SALE,dw-fact,AGGREGATE.CUSTOMER ROLLING 12 MONTH,dw-aggregate,AGG_Refresh_Customer360,proc:INTEGRATION.USP_REFRESHAGGREGATECUSTOMER360
FACT.SALE,dw-fact,AGGREGATE.CUSTOMER ROLLING 12 MONTH,dw-aggregate,AGG_Refresh_CustomerRolling12Month,direct
FACT.SALE,dw-fact,AGGREGATE.CUSTOMER ROLLING 12 MONTH,dw-aggregate,AGG_Refresh_CustomerRolling12Month,proc:INTEGRATION.USP_REFRESHAGGREGATECUSTOMER360
FACT.SALE,dw-fact,AGGREGATE.DAILY SALES SUMMARY,dw-aggregate,AGG_Refresh_DailySalesSummary,direct
FACT.SALE,dw-fact,AGGREGATE.DAILY SALES SUMMARY,dw-aggregate,AGG_Refresh_DailySalesSummary,proc:INTEGRATION.USP_REFRESHAGGREGATEDAILYSALES
FACT.SALE,dw-fact,AGGREGATE.MONTHLY MARGIN ANALYSIS,dw-aggregate,AGG_Refresh_MonthlyMarginAnalysis,direct
FACT.SALE,dw-fact,AGGREGATE.MONTHLY SALES SUMMARY,dw-aggregate,AGG_Refresh_MonthlySalesSummary,direct
FACT.SALE,dw-fact,AGGREGATE.MONTHLY SALES SUMMARY,dw-aggregate,AGG_Refresh_MonthlySalesSummary,proc:INTEGRATION.USP_REFRESHAGGREGATEMONTHLYSALES
FACT.SALE,dw-fact,AGGREGATE.PRODUCT PERFORMANCE,dw-aggregate,AGG_Refresh_ProductPerformance,direct
FACT.SALE,dw-fact,AGGREGATE.PRODUCT PERFORMANCE,dw-aggregate,AGG_Refresh_ProductPerformance,proc:INTEGRATION.USP_REFRESHAGGREGATEPRODUCTPERFORMANCE
FACT.SALE,dw-fact,AGGREGATE.PROMOTION EFFECTIVENESS,dw-aggregate,AGG_Refresh_PromotionEffectiveness,direct
FACT.SALE,dw-fact,AGGREGATE.PROMOTION EFFECTIVENESS,dw-aggregate,AGG_Refresh_PromotionEffectiveness,proc:INTEGRATION.USP_REFRESHAGGREGATEPROMOTIONEFFECTIVENESS
FACT.SALE,dw-fact,AGGREGATE.REGIONAL SALES PERFORMANCE,dw-aggregate,AGG_Refresh_RegionalSalesPerformance,direct
FACT.SALE,dw-fact,AGGREGATE.REGIONAL SALES PERFORMANCE,dw-aggregate,AGG_Refresh_RegionalSalesPerformance,proc:INTEGRATION.USP_REFRESHAGGREGATEREGIONALSALES
FACT.SALE,dw-fact,CUSTOMER360.CUSTOMERROLLINGMETRIC,customer360,C360_Build_RollingMetrics,direct
FACT.SALE,dw-fact,FACT.CREDIT NOTE,dw-fact,FACT_Load_CreditNote,direct
FACT.SALE,dw-fact,FACT.DAILY SALES SNAPSHOT,dw-fact,FACT_Load_DailySalesSnapshot,proc:INTEGRATION.USP_LOADFACTDAILYSALESSNAPSHOT
FACT.SALE,dw-fact,FACT.FACT LOAD HOLD,dw-fact,DIM_Rekey_LateArriving,proc:INTEGRATION.USP_REKEYLATEARRIVINGDIMENSIONS
FACT.SALE,dw-fact,FACT.MOVEMENT,dw-fact,DIM_Rekey_LateArriving,proc:INTEGRATION.USP_REKEYLATEARRIVINGDIMENSIONS
FACT.SALE,dw-fact,FACT.ORDER,dw-fact,FACT_Apply_Corrections,direct
FACT.SALE,dw-fact,FACT.ORDER,dw-fact,FACT_Apply_Corrections,proc:INTEGRATION.USP_APPLYFACTCORRECTIONS
FACT.SALE,dw-fact,FACT.ORDER FULFILMENT,dw-fact,FACT_Load_OrderFulfilment,proc:INTEGRATION.USP_LOADFACTORDERFULFILMENT
FACT.SALE,dw-fact,FACT.PAYMENT,dw-fact,FACT_Apply_Corrections,direct
FACT.SALE,dw-fact,FACT.PAYMENT,dw-fact,FACT_Apply_Corrections,proc:INTEGRATION.USP_APPLYFACTCORRECTIONS
FACT.SALE,dw-fact,FACT.PURCHASE,dw-fact,DIM_Rekey_LateArriving,proc:INTEGRATION.USP_REKEYLATEARRIVINGDIMENSIONS
FACT.SALE,dw-fact,FACT.RETURN,dw-fact,FACT_Load_Return,direct
FACT.SALE,dw-fact,FACT.RETURN,dw-fact,FACT_Load_Return,proc:INTEGRATION.USP_LOADFACTRETURN
FACT.SALE,dw-fact,FACT.SALE,dw-fact,DIM_Rekey_LateArriving,proc:INTEGRATION.USP_REKEYLATEARRIVINGDIMENSIONS
FACT.SALE,dw-fact,FACT.SALE,dw-fact,FACT_Apply_Corrections,direct
FACT.SALE,dw-fact,FACT.SALE,dw-fact,FACT_Apply_Corrections,proc:INTEGRATION.USP_APPLYFACTCORRECTIONS
FACT.SALE,dw-fact,FACT.SALE,dw-fact,FACT_Dedup_Sale,proc:INTEGRATION.USP_DEDUPLICATEFACTSALE
FACT.SALE,dw-fact,FACT.SALE,dw-fact,FACT_Load_CreditNote,direct
FACT.SALE,dw-fact,FACT.SALE DUPLICATE ARCHIVE,dw-fact,FACT_Dedup_Sale,direct
FACT.SALE,dw-fact,FACT.SALE DUPLICATE ARCHIVE,dw-fact,FACT_Dedup_Sale,proc:INTEGRATION.USP_DEDUPLICATEFACTSALE
FACT.SALE,dw-fact,STG.FACTCORRECTIONREQUEST,staging-stg,FACT_Apply_Corrections,proc:INTEGRATION.USP_APPLYFACTCORRECTIONS
FACT.SALE,dw-fact,WORK.CUSTOMERROLLINGMETRIC,staging-work,C360_Build_RollingMetrics,direct
FACT.SALE,dw-fact,WORK.FACTREKEYQUEUE,staging-work,DIM_Rekey_LateArriving,direct
FACT.SALE,dw-fact,WORK.FACTREKEYQUEUE,staging-work,FACT_Apply_Corrections,direct
FACT.SALE,dw-fact,WORK.LATEARRIVINGDIMENSIONQUEUE,staging-work,DIM_Rekey_LateArriving,direct
FACT.SALE,dw-fact,WORK.ORDERLINEENRICHED,staging-work,FACT_Apply_Corrections,direct
FACT.SALE,dw-fact,WORK.PARTNERFEEDARCHIVE,staging-work,SLS_Export_PartnerFeed,direct
FACT.SALE,dw-fact,WORK.PARTNERFEEDROW,staging-work,SLS_Export_PartnerFeed,direct
FACT.SALE,dw-fact,WORK.PAYMENTMATCHED,staging-work,FACT_Apply_Corrections,direct
FACT.SALE,dw-fact,WORK.PAYMENTMATCHED,staging-work,FACT_Load_CreditNote,direct
FACT.SALE,dw-fact,WORK.SALELINEENRICHED,staging-work,FACT_Apply_Corrections,direct
FACT.SALE,dw-fact,WORK.SALELINEENRICHED,staging-work,FACT_Dedup_Sale,direct
FACT.SALES MARGIN,dw-fact,AGGREGATE.MONTHLY MARGIN ANALYSIS,dw-aggregate,AGG_Refresh_MonthlyMarginAnalysis,proc:INTEGRATION.USP_REFRESHAGGREGATEMARGINANALYSIS
FACT.SHIPMENT,dw-fact,AGGREGATE.DELIVERY PERFORMANCE SUMMARY,dw-aggregate,AGG_Refresh_DeliveryPerformanceSummary,direct
FACT.SHIPMENT,dw-fact,AGGREGATE.DELIVERY PERFORMANCE SUMMARY,dw-aggregate,AGG_Refresh_DeliveryPerformanceSummary,proc:INTEGRATION.USP_REFRESHAGGREGATEDELIVERYPERFORMANCE
FACT.SHIPMENT,dw-fact,FACT.ORDER FULFILMENT,dw-fact,FACT_Load_OrderFulfilment,proc:INTEGRATION.USP_LOADFACTORDERFULFILMENT
FACT.SHIPMENT,dw-fact,FACT.SHIPMENT,dw-fact,FACT_Load_Shipment,direct
FACT.SHIPMENT,dw-fact,FACT.SHIPMENT,dw-fact,FACT_Load_Shipment,proc:INTEGRATION.USP_LOADFACTSHIPMENT
FACT.SHIPMENT,dw-fact,WORK.ORDERLINEENRICHED,staging-work,FACT_Load_Shipment,direct
FACT.STOCK HOLDING,dw-fact,FACT.STOCK HOLDING,dw-fact,FACT_Load_StockHolding,direct
FACT.STOCK HOLDING,dw-fact,FACT.STOCK HOLDING,dw-fact,FACT_Load_StockHolding,proc:INTEGRATION.USP_LOADFACTSTOCKHOLDING
FACT.STOCK HOLDING,dw-fact,FACT.STOCK HOLDING SWITCH,dw-fact,FACT_Load_StockHolding,proc:INTEGRATION.USP_LOADFACTSTOCKHOLDING
FACT.STOCK HOLDING SWITCH,dw-fact,FACT.STOCK HOLDING,dw-fact,FACT_Load_StockHolding,proc:INTEGRATION.USP_LOADFACTSTOCKHOLDING
FACT.STOCK HOLDING SWITCH,dw-fact,FACT.STOCK HOLDING SWITCH,dw-fact,FACT_Load_StockHolding,proc:INTEGRATION.USP_LOADFACTSTOCKHOLDING
FACT.SUPPLIER PAYMENT,dw-fact,AGGREGATE.SUPPLIER PERFORMANCE,dw-aggregate,AGG_Refresh_SupplierPerformance,direct
FACT.SUPPLIER PAYMENT,dw-fact,AGGREGATE.SUPPLIER PERFORMANCE,dw-aggregate,AGG_Refresh_SupplierPerformance,proc:INTEGRATION.USP_REFRESHAGGREGATESUPPLIERPERFORMANCE
FACT.SUPPLIER PAYMENT,dw-fact,FACT.SUPPLIER PAYMENT,dw-fact,FACT_Load_SupplierPayment,proc:INTEGRATION.USP_LOADFACTSUPPLIERPAYMENT
FACT.SUPPLIER TRANSACTION,dw-fact,FACT.SUPPLIER TRANSACTION,dw-fact,FACT_Load_SupplierTransaction,direct
FACT.SUPPLIER TRANSACTION,dw-fact,WORK.SUPPLIERSTATEMENTARCHIVE,staging-work,PRC_Export_SupplierStatement,direct
FACT.SUPPLIER TRANSACTION,dw-fact,WORK.SUPPLIERSTATEMENTLINE,staging-work,PRC_Export_SupplierStatement,direct
FACT.WEB SESSION,dw-fact,AGGREGATE.CUSTOMER 360,dw-aggregate,AGG_Refresh_Customer360,proc:INTEGRATION.USP_REFRESHAGGREGATECUSTOMER360
FACT.WEB SESSION,dw-fact,AGGREGATE.CUSTOMER 360,dw-aggregate,AGG_Refresh_CustomerRolling12Month,proc:INTEGRATION.USP_REFRESHAGGREGATECUSTOMER360
FACT.WEB SESSION,dw-fact,AGGREGATE.CUSTOMER ROLLING 12 MONTH,dw-aggregate,AGG_Refresh_Customer360,proc:INTEGRATION.USP_REFRESHAGGREGATECUSTOMER360
FACT.WEB SESSION,dw-fact,AGGREGATE.CUSTOMER ROLLING 12 MONTH,dw-aggregate,AGG_Refresh_CustomerRolling12Month,proc:INTEGRATION.USP_REFRESHAGGREGATECUSTOMER360
FACT.WEB SESSION,dw-fact,FACT.WEB SESSION,dw-fact,FACT_Load_WebSession,proc:INTEGRATION.USP_LOADFACTWEBSESSION
INTEGRATION.CHANGETRACKINGWATERMARK,dw-integration,RAW.SQLORDER,staging-raw,EXT_SQL_Orders,direct
INTEGRATION.INFERREDMEMBERQUEUE,dw-integration,DIMENSION.PROMOTION,dw-dimension,DIM_Load_Promotion,proc:INTEGRATION.USP_MIGRATESTAGEDPROMOTIONDATA
INTEGRATION.INFERREDMEMBERQUEUE,dw-integration,INTEGRATION.DIMENSIONLOADAUDIT,dw-integration,DIM_Load_Promotion,proc:INTEGRATION.USP_MIGRATESTAGEDPROMOTIONDATA
INTEGRATION.INFERREDMEMBERQUEUE,dw-integration,INTEGRATION.INFERREDMEMBERQUEUE,dw-integration,DIM_Load_Promotion,proc:INTEGRATION.USP_MIGRATESTAGEDPROMOTIONDATA
INTEGRATION.LATEARRIVINGMEMBERQUEUE,dw-integration,DIMENSION.STOCK ITEM,dw-dimension,DIM_Load_StockItem,direct
INTEGRATION.LATEARRIVINGMEMBERQUEUE,dw-integration,WORK.LATEARRIVINGDIMENSIONQUEUE,staging-work,DIM_Load_StockItem,direct
INTEGRATION.LATEARRIVINGMEMBERQUEUE,dw-integration,WORK.PRODUCTCROSSWALK,staging-work,DIM_Load_StockItem,direct
INTEGRATION.REPORTINGPUBLICATION,dw-integration,INTEGRATION.REPORTINGPUBLICATION,dw-integration,AGG_Publish_ReportingLayer,direct
LOYALTY.LOYALTYMEMBERS,unknown,RAW.SQLLOYALTYLEDGER,staging-raw,EXT_SQL_LoyaltyLedger,direct
LOYALTY.LOYALTYPOINTSLEDGER,unknown,RAW.SQLLOYALTYLEDGER,staging-raw,EXT_SQL_LoyaltyLedger,direct
LOYALTY.LOYALTYPROGRAMS,unknown,RAW.SQLLOYALTYLEDGER,staging-raw,EXT_SQL_LoyaltyLedger,direct
PURCHASING.SUPPLIERS,oltp,RAW.SQLINVOICE,staging-raw,EXT_SQL_SupplierTransactions,direct
PURCHASING.SUPPLIERTRANSACTIONS,oltp,RAW.SQLINVOICE,staging-raw,EXT_SQL_SupplierTransactions,direct
RAW.FILECARRIERSCAN,staging-raw,RAW.FILECARRIERSCAN,staging-raw,ING_FILE_CarrierScan,direct
RAW.FILECARRIERSCAN,staging-raw,STG.SHIPMENT,staging-stg,STG_Load_Shipment,proc:STG.USP_APPENDINCREMENTAL_SHIPMENT
RAW.FILECARRIERSCAN,staging-raw,STG.SHIPMENTLINE,staging-stg,STG_Load_Shipment,proc:STG.USP_APPENDINCREMENTAL_SHIPMENT
RAW.FILEFXOVERRIDE,staging-raw,RAW.FILEFXOVERRIDE,staging-raw,ING_FILE_FxOverride,direct
RAW.FILEFXOVERRIDE,staging-raw,STG.CURRENCY,staging-stg,STG_Load_Currency,direct
RAW.FILEFXOVERRIDE,staging-raw,STG.FXRATE,staging-stg,STG_Load_Currency,direct
RAW.FILEPARTNERSALES,staging-raw,RAW.FILEPARTNERSALES,staging-raw,ING_FILE_PartnerSales_APAC,direct
RAW.FILEPARTNERSALES,staging-raw,RAW.FILEPARTNERSALES,staging-raw,ING_FILE_PartnerSales_EU,direct
RAW.FILEPARTNERSALES,staging-raw,RAW.FILEPARTNERSALES,staging-raw,ING_FILE_PartnerSales_NA,direct
RAW.FILEPARTNERSALES,staging-raw,STG.PARTNERSALE,staging-stg,STG_Load_PartnerSale,direct
RAW.FILESUPPLIERCATALOG,staging-raw,RAW.FILESUPPLIERCATALOG,staging-raw,ING_FILE_SupplierCatalog,direct
RAW.FILESUPPLIERCATALOG,staging-raw,WORK.PRODUCTCROSSWALK,staging-work,STG_Load_PurchaseOrder,proc:WORK.USP_BUILDPRODUCTCROSSWALK
RAW.FILESUPPLIERCATALOG,staging-raw,WORK.PRODUCTCROSSWALK,staging-work,STG_Work_ProductCrosswalk,proc:WORK.USP_BUILDPRODUCTCROSSWALK
RAW.ORACLEAPINVOICEHDR,staging-raw,RAW.ORACLEAPINVOICEHDR,staging-raw,EXT_ORA_ApAging,direct
RAW.ORACLEAPINVOICEHDR,staging-raw,STG.APINVOICE,staging-stg,STG_Load_ApInvoice,direct
RAW.ORACLEAPINVOICEHDR,staging-raw,STG.APINVOICELINE,staging-stg,STG_Load_ApInvoice,direct
RAW.ORACLEAPINVOICELINE,staging-raw,STG.APINVOICE,staging-stg,STG_Load_ApInvoice,direct
RAW.ORACLEAPINVOICELINE,staging-raw,STG.APINVOICELINE,staging-stg,STG_Load_ApInvoice,direct
RAW.ORACLEAPPAYMENT,staging-raw,STG.PAYMENT,staging-stg,STG_Load_Payment,direct
RAW.ORACLEAPPAYMENT,staging-raw,STG.PAYMENT,staging-stg,STG_Load_Payment,proc:STG.USP_APPENDINCREMENTAL_PAYMENT
RAW.ORACLECOSTCENTER,staging-raw,RAW.ORACLEAPINVOICELINE,staging-raw,EXT_ORA_ApInvoiceLine,direct
RAW.ORACLECOSTCENTER,staging-raw,RAW.ORACLECOSTCENTER,staging-raw,EXT_ORA_CostCenter,direct
RAW.ORACLECOSTCENTER,staging-raw,STG.COSTCENTER,staging-stg,STG_Load_CostCenter,direct
RAW.ORACLECURRENCY,staging-raw,REF.CURRENCY,reference,REF_Load_Currency,proc:REF.USP_LOADCURRENCY
RAW.ORACLECURRENCY,staging-raw,STG.CURRENCY,staging-stg,STG_Load_Currency,direct
RAW.ORACLECURRENCY,staging-raw,STG.FXRATE,staging-stg,STG_Load_Currency,direct
RAW.ORACLECUSTOMERADDRESS,staging-raw,STG.CUSTOMERADDRESS,staging-stg,STG_Load_CustomerAddress,direct
RAW.ORACLECUSTOMERMASTER,staging-raw,RAW.ORACLECUSTOMERMASTER,staging-raw,EXT_ORA_CodeTranslation,direct
RAW.ORACLECUSTOMERMASTER,staging-raw,RAW.ORACLECUSTOMERMASTER,staging-raw,EXT_ORA_CustomerMaster,direct
RAW.ORACLECUSTOMERMASTER,staging-raw,STG.CUSTOMER,staging-stg,STG_Load_Customer,direct
RAW.ORACLEFXRATE,staging-raw,RAW.FILEFXOVERRIDE,staging-raw,ING_FILE_FxOverride,direct
RAW.ORACLEFXRATE,staging-raw,RAW.ORACLEFXRATE,staging-raw,EXT_ORA_FxRateDaily,direct
RAW.ORACLEFXRATE,staging-raw,REF.FXRATEDAILY,reference,REF_Load_Currency,proc:REF.USP_LOADFXRATEDAILY
RAW.ORACLEFXRATE,staging-raw,STG.CURRENCY,staging-stg,STG_Load_Currency,direct
RAW.ORACLEFXRATE,staging-raw,STG.FXRATE,staging-stg,STG_Load_Currency,direct
RAW.ORACLEGEOGRAPHY,staging-raw,RAW.ORACLECUSTOMERADDRESS,staging-raw,EXT_ORA_CustomerAddress,direct
RAW.ORACLEGEOGRAPHY,staging-raw,RAW.ORACLEGEOGRAPHY,staging-raw,EXT_SQL_Cities,direct
RAW.ORACLEGEOGRAPHY,staging-raw,REF.COUNTRY,reference,REF_Load_Geography,proc:REF.USP_LOADCOUNTRY
RAW.ORACLEGEOGRAPHY,staging-raw,REF.POSTALFORMATRULE,reference,REF_Load_Geography,proc:REF.USP_LOADPOSTALFORMATRULE
RAW.ORACLEGEOGRAPHY,staging-raw,REF.POSTALFORMATRULE,reference,REF_Load_WarehouseSite,proc:REF.USP_LOADPOSTALFORMATRULE
RAW.ORACLEGEOGRAPHY,staging-raw,REF.REGION,reference,REF_Load_DateDimension,proc:REF.USP_LOADREGION
RAW.ORACLEGEOGRAPHY,staging-raw,REF.REGION,reference,REF_Load_Geography,proc:REF.USP_LOADREGION
RAW.ORACLEGEOGRAPHY,staging-raw,REF.REGION,reference,REF_Load_WarehouseSite,proc:REF.USP_LOADREGION
RAW.ORACLEGEOGRAPHY,staging-raw,REF.SOURCEKEYCROSSWALK,reference,REF_Load_UnknownMembers,proc:REF.USP_LOADSOURCEKEYCROSSWALK
RAW.ORACLEGEOGRAPHY,staging-raw,REF.TAXJURISDICTION,reference,REF_Load_Geography,proc:REF.USP_LOADTAXJURISDICTION
RAW.ORACLEGEOGRAPHY,staging-raw,STG.GEOGRAPHY,staging-stg,STG_Load_Geography,direct
RAW.ORACLEGEOGRAPHY,staging-raw,STG.GEOGRAPHY,staging-stg,STG_Load_Geography,proc:STG.USP_TRUNCATEANDRELOAD_GEOGRAPHY
RAW.ORACLEGLJOURNALLINE,staging-raw,RAW.ORACLEGLJOURNALLINE,staging-raw,EXT_ORA_GlJournalLine,direct
RAW.ORACLEGLJOURNALLINE,staging-raw,STG.GLJOURNALLINE,staging-stg,STG_Load_GlJournal,direct
RAW.ORACLEPAYMENTTERMS,staging-raw,STG.PAYMENTTERMS,staging-stg,STG_Load_TaxAndTerms,direct
RAW.ORACLEPAYMENTTERMS,staging-raw,STG.TAXRATE,staging-stg,STG_Load_TaxAndTerms,direct
RAW.ORACLEPRODUCTMASTER,staging-raw,RAW.ORACLEPRODUCTMASTER,staging-raw,EXT_ORA_ProductHierarchy,direct
RAW.ORACLEPRODUCTMASTER,staging-raw,REF.SOURCEKEYCROSSWALK,reference,REF_Load_UnknownMembers,proc:REF.USP_LOADSOURCEKEYCROSSWALK
RAW.ORACLEPRODUCTMASTER,staging-raw,REF.UNITOFMEASURE,reference,REF_Load_TransactionType,proc:REF.USP_LOADUNITOFMEASURE
RAW.ORACLEPRODUCTMASTER,staging-raw,REF.UOMCONVERSION,reference,REF_Load_TransactionType,proc:REF.USP_LOADUOMCONVERSION
RAW.ORACLEPRODUCTMASTER,staging-raw,STG.PRODUCT,staging-stg,STG_Load_Product,direct
RAW.ORACLEPRODUCTMASTER,staging-raw,WORK.PRODUCTCROSSWALK,staging-work,STG_Load_PurchaseOrder,proc:WORK.USP_BUILDPRODUCTCROSSWALK
RAW.ORACLEPRODUCTMASTER,staging-raw,WORK.PRODUCTCROSSWALK,staging-work,STG_Work_ProductCrosswalk,proc:WORK.USP_BUILDPRODUCTCROSSWALK
RAW.ORACLEPURCHASEORDERHDR,staging-raw,STG.PURCHASEORDER,staging-stg,STG_Load_PurchaseOrder,direct
RAW.ORACLEPURCHASEORDERHDR,staging-raw,STG.PURCHASEORDERLINE,staging-stg,STG_Load_PurchaseOrder,direct
RAW.ORACLEPURCHASEORDERLINE,staging-raw,STG.PURCHASEORDER,staging-stg,STG_Load_PurchaseOrder,direct
RAW.ORACLEPURCHASEORDERLINE,staging-raw,STG.PURCHASEORDERLINE,staging-stg,STG_Load_PurchaseOrder,direct
RAW.ORACLESUPPLIERMASTER,staging-raw,STG.SUPPLIER,staging-stg,STG_Load_Supplier,direct
RAW.ORACLETAXRATE,staging-raw,REF.TAXJURISDICTION,reference,REF_Load_Geography,proc:REF.USP_LOADTAXJURISDICTION
RAW.ORACLETAXRATE,staging-raw,STG.PAYMENTTERMS,staging-stg,STG_Load_TaxAndTerms,direct
RAW.ORACLETAXRATE,staging-raw,STG.TAXRATE,staging-stg,STG_Load_TaxAndTerms,direct
RAW.ORACLEVENDORCONTRACT,staging-raw,STG.VENDORCONTRACT,staging-stg,STG_Load_VendorContract,direct
RAW.SQLCREDITNOTE,staging-raw,STG.CREDITNOTE,staging-stg,STG_Load_ReturnAndCredit,direct
RAW.SQLCREDITNOTE,staging-raw,STG.RETURN,staging-stg,STG_Load_ReturnAndCredit,direct
RAW.SQLINVOICE,staging-raw,RAW.SQLINVOICE,staging-raw,EXT_SQL_PaymentMethods,direct
RAW.SQLINVOICE,staging-raw,RAW.SQLINVOICE,staging-raw,EXT_SQL_TransactionTypes,direct
RAW.SQLINVOICE,staging-raw,STG.SALE,staging-stg,STG_Load_Sale,direct
RAW.SQLINVOICE,staging-raw,STG.SALELINE,staging-stg,STG_Load_Sale,direct
RAW.SQLINVOICELINE,staging-raw,STG.SALE,staging-stg,STG_Load_Sale,direct
RAW.SQLINVOICELINE,staging-raw,STG.SALELINE,staging-stg,STG_Load_Sale,direct
RAW.SQLINVOICELINE,staging-raw,STG.SALELINE,staging-stg,STG_Load_Sale,proc:STG.USP_APPENDINCREMENTAL_SALELINE
RAW.SQLLOYALTYLEDGER,staging-raw,RAW.SQLLOYALTYLEDGER,staging-raw,EXT_SQL_LoyaltyLedger,direct
RAW.SQLLOYALTYLEDGER,staging-raw,STG.LOYALTYLEDGER,staging-stg,STG_Load_LoyaltyLedger,direct
RAW.SQLORDER,staging-raw,RAW.SQLORDER,staging-raw,EXT_SQL_CustomerSegments,direct
RAW.SQLORDER,staging-raw,RAW.SQLORDER,staging-raw,EXT_SQL_People,direct
RAW.SQLORDER,staging-raw,RAW.SQLORDER,staging-raw,EXT_SQL_Promotions,direct
RAW.SQLORDER,staging-raw,RAW.SQLORDER,staging-raw,EXT_SQL_SalesTerritories,direct
RAW.SQLORDER,staging-raw,STG.EMPLOYEE,staging-stg,STG_Load_Employee,direct
RAW.SQLORDER,staging-raw,STG.ORDER,staging-stg,STG_Load_Order,direct
RAW.SQLORDER,staging-raw,STG.ORDERLINE,staging-stg,STG_Load_Order,direct
RAW.SQLORDER,staging-raw,STG.PROMOTION,staging-stg,STG_Load_PromotionAndTerritory,direct
RAW.SQLORDER,staging-raw,STG.SALESPERSON,staging-stg,STG_Load_Employee,direct
RAW.SQLORDER,staging-raw,STG.SALESTERRITORY,staging-stg,STG_Load_PromotionAndTerritory,direct
RAW.SQLORDERLINE,staging-raw,STG.ORDER,staging-stg,STG_Load_Order,direct
RAW.SQLORDERLINE,staging-raw,STG.ORDERLINE,staging-stg,STG_Load_Order,direct
RAW.SQLORDERLINE,staging-raw,STG.ORDERLINE,staging-stg,STG_Load_Order,proc:STG.USP_APPENDINCREMENTAL_ORDERLINE
RAW.SQLORDERLINE,staging-raw,WORK.LATEARRIVINGDIMENSIONQUEUE,staging-work,STG_Load_Order,proc:STG.USP_APPENDINCREMENTAL_ORDERLINE
RAW.SQLPERSON,staging-raw,STG.EMPLOYEE,staging-stg,STG_Load_Employee,direct
RAW.SQLPERSON,staging-raw,STG.SALESPERSON,staging-stg,STG_Load_Employee,direct
RAW.SQLPROMOTION,staging-raw,STG.PROMOTION,staging-stg,STG_Load_PromotionAndTerritory,direct
RAW.SQLPROMOTION,staging-raw,STG.SALESTERRITORY,staging-stg,STG_Load_PromotionAndTerritory,direct
RAW.SQLRETURNLINE,staging-raw,REF.REASONCODE,reference,REF_Load_CodeTranslation,proc:REF.USP_LOADREASONCODE
RAW.SQLRETURNLINE,staging-raw,REF.REASONCODE,reference,REF_Load_ReturnReason,proc:REF.USP_LOADREASONCODE
RAW.SQLRETURNLINE,staging-raw,REF.REASONCODE,reference,REF_Load_UnknownMembers,proc:REF.USP_LOADREASONCODE
RAW.SQLRETURNLINE,staging-raw,STG.CREDITNOTE,staging-stg,STG_Load_ReturnAndCredit,direct
RAW.SQLRETURNLINE,staging-raw,STG.RETURN,staging-stg,STG_Load_ReturnAndCredit,direct
RAW.SQLSALESPERSONQUOTA,staging-raw,STG.EMPLOYEE,staging-stg,STG_Load_Employee,direct
RAW.SQLSALESPERSONQUOTA,staging-raw,STG.SALESPERSON,staging-stg,STG_Load_Employee,direct
RAW.SQLSALESTERRITORY,staging-raw,STG.PROMOTION,staging-stg,STG_Load_PromotionAndTerritory,direct
RAW.SQLSALESTERRITORY,staging-raw,STG.SALESTERRITORY,staging-stg,STG_Load_PromotionAndTerritory,direct
RAW.SQLSHIPMENT,staging-raw,STG.SHIPMENT,staging-stg,STG_Load_Shipment,direct
RAW.SQLSHIPMENT,staging-raw,STG.SHIPMENT,staging-stg,STG_Load_Shipment,proc:STG.USP_APPENDINCREMENTAL_SHIPMENT
RAW.SQLSHIPMENT,staging-raw,STG.SHIPMENTLINE,staging-stg,STG_Load_Shipment,direct
RAW.SQLSHIPMENT,staging-raw,STG.SHIPMENTLINE,staging-stg,STG_Load_Shipment,proc:STG.USP_APPENDINCREMENTAL_SHIPMENT
RAW.SQLSHIPMENTLINE,staging-raw,STG.SHIPMENT,staging-stg,STG_Load_Shipment,direct
RAW.SQLSHIPMENTLINE,staging-raw,STG.SHIPMENT,staging-stg,STG_Load_Shipment,proc:STG.USP_APPENDINCREMENTAL_SHIPMENT
RAW.SQLSHIPMENTLINE,staging-raw,STG.SHIPMENTLINE,staging-stg,STG_Load_Shipment,direct
RAW.SQLSHIPMENTLINE,staging-raw,STG.SHIPMENTLINE,staging-stg,STG_Load_Shipment,proc:STG.USP_APPENDINCREMENTAL_SHIPMENT
RAW.SQLSTOCKITEM,staging-raw,STG.STOCKITEM,staging-stg,STG_Load_StockItem,direct
RAW.SQLSTOCKITEM,staging-raw,WORK.PRODUCTCROSSWALK,staging-work,STG_Load_PurchaseOrder,proc:WORK.USP_BUILDPRODUCTCROSSWALK
RAW.SQLSTOCKITEM,staging-raw,WORK.PRODUCTCROSSWALK,staging-work,STG_Work_ProductCrosswalk,proc:WORK.USP_BUILDPRODUCTCROSSWALK
RAW.SQLSTOCKMOVEMENT,staging-raw,STG.STOCKMOVEMENT,staging-stg,STG_Load_StockMovement,direct
RAW.SQLSTOCKMOVEMENT,staging-raw,STG.STOCKMOVEMENT,staging-stg,STG_Load_StockMovement,proc:STG.USP_APPENDINCREMENTAL_STOCKMOVEMENT
RAW.SQLWEBSESSION,staging-raw,RAW.SQLWEBSESSION,staging-raw,EXT_SQL_WebSessions,direct
RAW.SQLWEBSESSION,staging-raw,STG.WEBSESSION,staging-stg,STG_Load_WebSession,direct
REF.CARRIER,reference,STG.SHIPMENT,staging-stg,STG_Load_Shipment,direct
REF.CARRIER,reference,STG.SHIPMENTLINE,staging-stg,STG_Load_Shipment,direct
REF.CODECROSSWALK,reference,DIMENSION.CARRIER,dw-dimension,REF_Load_Carrier,direct
REF.CODECROSSWALK,reference,DIMENSION.COST CENTER,dw-dimension,REF_Load_CostCenter,direct
REF.CODECROSSWALK,reference,DIMENSION.LOYALTY TIER,dw-dimension,REF_Load_LoyaltyTier,direct
REF.CODECROSSWALK,reference,DIMENSION.PAYMENT METHOD,dw-dimension,REF_Load_PaymentMethod,direct
REF.CODECROSSWALK,reference,DIMENSION.PAYMENT TERMS,dw-dimension,REF_Load_PaymentTerms,direct
REF.CODECROSSWALK,reference,DIMENSION.RETURN REASON,dw-dimension,REF_Load_ReturnReason,direct
REF.CODECROSSWALK,reference,DIMENSION.SALES CHANNEL,dw-dimension,REF_Load_SalesChannel,direct
REF.CODECROSSWALK,reference,DIMENSION.TRANSACTION TYPE,dw-dimension,REF_Load_TransactionType,direct
REF.CODECROSSWALK,reference,REF.CODECROSSWALK,reference,REF_Load_Carrier,proc:REF.USP_LOADCODECROSSWALK
REF.CODECROSSWALK,reference,REF.CODECROSSWALK,reference,REF_Load_CodeTranslation,proc:REF.USP_LOADCODECROSSWALK
REF.CODECROSSWALK,reference,REF.CODECROSSWALK,reference,REF_Load_CostCenter,proc:REF.USP_LOADCODECROSSWALK
REF.CODECROSSWALK,reference,REF.CODECROSSWALK,reference,REF_Load_LoyaltyTier,proc:REF.USP_LOADCODECROSSWALK
REF.CODECROSSWALK,reference,REF.CODECROSSWALK,reference,REF_Load_PaymentMethod,proc:REF.USP_LOADCODECROSSWALK
REF.CODECROSSWALK,reference,REF.CODECROSSWALK,reference,REF_Load_PaymentTerms,proc:REF.USP_LOADCODECROSSWALK
REF.CODECROSSWALK,reference,REF.CODECROSSWALK,reference,REF_Load_ReturnReason,proc:REF.USP_LOADCODECROSSWALK
REF.CODECROSSWALK,reference,REF.CODECROSSWALK,reference,REF_Load_SalesChannel,proc:REF.USP_LOADCODECROSSWALK
REF.CODECROSSWALK,reference,REF.CODECROSSWALK,reference,REF_Load_TransactionType,proc:REF.USP_LOADCODECROSSWALK
REF.CODECROSSWALK,reference,REF.COUNTRY,reference,REF_Load_Geography,proc:REF.USP_LOADCOUNTRY
REF.CODECROSSWALK,reference,REF.REASONCODE,reference,REF_Load_CodeTranslation,proc:REF.USP_LOADREASONCODE
REF.CODECROSSWALK,reference,REF.REASONCODE,reference,REF_Load_ReturnReason,proc:REF.USP_LOADREASONCODE
REF.CODECROSSWALK,reference,REF.REASONCODE,reference,REF_Load_UnknownMembers,proc:REF.USP_LOADREASONCODE
REF.CODECROSSWALK,reference,REF.REGION,reference,REF_Load_DateDimension,proc:REF.USP_LOADREGION
REF.CODECROSSWALK,reference,REF.REGION,reference,REF_Load_Geography,proc:REF.USP_LOADREGION
REF.CODECROSSWALK,reference,REF.REGION,reference,REF_Load_WarehouseSite,proc:REF.USP_LOADREGION
REF.CODECROSSWALK,reference,REF.UNITOFMEASURE,reference,REF_Load_TransactionType,proc:REF.USP_LOADUNITOFMEASURE
REF.CODECROSSWALK,reference,STG.CREDITNOTE,staging-stg,STG_Load_ReturnAndCredit,direct
REF.CODECROSSWALK,reference,STG.ORDERLINE,staging-stg,STG_Load_Order,proc:STG.USP_APPENDINCREMENTAL_ORDERLINE
REF.CODECROSSWALK,reference,STG.PARTNERSALE,staging-stg,STG_Load_PartnerSale,direct
REF.CODECROSSWALK,reference,STG.PAYMENT,staging-stg,STG_Load_Payment,direct
REF.CODECROSSWALK,reference,STG.PAYMENT,staging-stg,STG_Load_Payment,proc:STG.USP_APPENDINCREMENTAL_PAYMENT
REF.CODECROSSWALK,reference,STG.PAYMENTTERMS,staging-stg,STG_Load_TaxAndTerms,direct
REF.CODECROSSWALK,reference,STG.RETURN,staging-stg,STG_Load_ReturnAndCredit,direct
REF.CODECROSSWALK,reference,STG.TAXRATE,staging-stg,STG_Load_TaxAndTerms,direct
REF.CODECROSSWALK,reference,WORK.LATEARRIVINGDIMENSIONQUEUE,staging-work,STG_Load_Order,proc:STG.USP_APPENDINCREMENTAL_ORDERLINE
REF.COUNTRY,reference,DIMENSION.GEOGRAPHY,dw-dimension,REF_Load_Geography,direct
REF.COUNTRY,reference,DIMENSION.WAREHOUSE SITE,dw-dimension,REF_Load_WarehouseSite,direct
REF.COUNTRY,reference,REF.POSTALFORMATRULE,reference,REF_Load_Geography,proc:REF.USP_LOADPOSTALFORMATRULE
REF.COUNTRY,reference,REF.POSTALFORMATRULE,reference,REF_Load_WarehouseSite,proc:REF.USP_LOADPOSTALFORMATRULE
REF.COUNTRY,reference,REF.SOURCEKEYCROSSWALK,reference,REF_Load_UnknownMembers,proc:REF.USP_LOADSOURCEKEYCROSSWALK
REF.COUNTRY,reference,REF.TAXJURISDICTION,reference,REF_Load_Geography,proc:REF.USP_LOADTAXJURISDICTION
REF.COUNTRY,reference,STG.CUSTOMER,staging-stg,STG_Load_Customer,direct
REF.COUNTRY,reference,STG.CUSTOMERADDRESS,staging-stg,STG_Load_CustomerAddress,proc:STG.USP_NORMALIZEADDRESS
REF.COUNTRY,reference,STG.GEOGRAPHY,staging-stg,STG_Load_Geography,proc:STG.USP_TRUNCATEANDRELOAD_GEOGRAPHY
REF.COUNTRY,reference,STG.PARTNERSALE,staging-stg,STG_Load_PartnerSale,direct
REF.COUNTRY,reference,STG.PROMOTION,staging-stg,STG_Load_PromotionAndTerritory,direct
REF.COUNTRY,reference,STG.SALESTERRITORY,staging-stg,STG_Load_PromotionAndTerritory,direct
REF.COUNTRY,reference,STG.SHIPMENT,staging-stg,STG_Load_Shipment,proc:STG.USP_APPENDINCREMENTAL_SHIPMENT
REF.COUNTRY,reference,STG.SHIPMENTLINE,staging-stg,STG_Load_Shipment,proc:STG.USP_APPENDINCREMENTAL_SHIPMENT
REF.COUNTRY,reference,STG.SUPPLIER,staging-stg,STG_Load_Supplier,proc:STG.USP_NORMALIZESUPPLIER
REF.COUNTRY,reference,STG.WEBSESSION,staging-stg,STG_Load_WebSession,direct
REF.COUNTRY,reference,WORK.CUSTOMERADDRESSSTANDARDIZED,staging-work,STG_Load_CustomerAddress,proc:STG.USP_NORMALIZEADDRESS
REF.CURRENCY,reference,DIMENSION.CURRENCY,dw-dimension,REF_Load_Currency,direct
REF.CURRENCY,reference,DIMENSION.GEOGRAPHY,dw-dimension,REF_Load_Geography,direct
REF.CURRENCY,reference,REF.FXRATEDAILY,reference,REF_Load_Currency,proc:REF.USP_LOADFXRATEDAILY
REF.CURRENCY,reference,WORK.CURRENCYCONVERSIONSCRATCH,staging-work,STG_Load_ApInvoice,proc:STG.USP_CONVERTCURRENCYAMOUNTS
REF.CURRENCY,reference,WORK.CURRENCYCONVERSIONSCRATCH,staging-work,STG_Load_Currency,proc:STG.USP_CONVERTCURRENCYAMOUNTS
REF.CURRENCY,reference,WORK.CURRENCYCONVERSIONSCRATCH,staging-work,STG_Load_GlJournal,proc:STG.USP_CONVERTCURRENCYAMOUNTS
REF.CUSTOMERCLASSIFICATION,reference,DIMENSION.CUSTOMER CATEGORY,dw-dimension,DIM_Load_CustomerCategory,proc:INTEGRATION.USP_MIGRATESTAGEDCUSTOMERCATEGORYDATA
REF.CUSTOMERCLASSIFICATION,reference,INTEGRATION.DIMENSIONLOADAUDIT,dw-integration,DIM_Load_CustomerCategory,proc:INTEGRATION.USP_MIGRATESTAGEDCUSTOMERCATEGORYDATA
REF.FXRATEDAILY,reference,DIMENSION.CURRENCY,dw-dimension,REF_Load_Currency,direct
REF.FXRATEDAILY,reference,REF.FXRATEDAILY,reference,REF_Load_Currency,proc:REF.USP_LOADFXRATEDAILY
REF.FXRATEDAILY,reference,STG.ORDERLINE,staging-stg,STG_Load_Order,proc:STG.USP_APPENDINCREMENTAL_ORDERLINE
REF.FXRATEDAILY,reference,STG.PAYMENT,staging-stg,STG_Load_Payment,proc:STG.USP_APPENDINCREMENTAL_PAYMENT
REF.FXRATEDAILY,reference,STG.SALELINE,staging-stg,STG_Load_Sale,proc:STG.USP_APPENDINCREMENTAL_SALELINE
REF.FXRATEDAILY,reference,STG.SHIPMENT,staging-stg,STG_Load_Shipment,proc:STG.USP_APPENDINCREMENTAL_SHIPMENT
REF.FXRATEDAILY,reference,STG.SHIPMENTLINE,staging-stg,STG_Load_Shipment,proc:STG.USP_APPENDINCREMENTAL_SHIPMENT
REF.FXRATEDAILY,reference,WORK.CURRENCYCONVERSIONSCRATCH,staging-work,STG_Load_ApInvoice,proc:STG.USP_CONVERTCURRENCYAMOUNTS
REF.FXRATEDAILY,reference,WORK.CURRENCYCONVERSIONSCRATCH,staging-work,STG_Load_Currency,proc:STG.USP_CONVERTCURRENCYAMOUNTS
REF.FXRATEDAILY,reference,WORK.CURRENCYCONVERSIONSCRATCH,staging-work,STG_Load_GlJournal,proc:STG.USP_CONVERTCURRENCYAMOUNTS
REF.FXRATEDAILY,reference,WORK.LATEARRIVINGDIMENSIONQUEUE,staging-work,STG_Load_Order,proc:STG.USP_APPENDINCREMENTAL_ORDERLINE
REF.GLACCOUNT,reference,STG.GLJOURNALLINE,staging-stg,STG_Load_GlJournal,direct
REF.LOYALTYTIER,reference,STG.LOYALTYLEDGER,staging-stg,STG_Load_LoyaltyLedger,direct
REF.PAYMENTTERMS,reference,STG.APINVOICE,staging-stg,STG_Load_ApInvoice,direct
REF.PAYMENTTERMS,reference,STG.APINVOICELINE,staging-stg,STG_Load_ApInvoice,direct
REF.POSTALFORMAT,reference,DIMENSION.CITY,dw-dimension,DIM_Load_City,proc:INTEGRATION.USP_MIGRATESTAGEDCITYDATA
REF.POSTALFORMAT,reference,INTEGRATION.DIMENSIONLOADAUDIT,dw-integration,DIM_Load_City,proc:INTEGRATION.USP_MIGRATESTAGEDCITYDATA
REF.POSTALFORMATRULE,reference,DIMENSION.WAREHOUSE SITE,dw-dimension,REF_Load_WarehouseSite,direct
REF.POSTALFORMATRULE,reference,REF.POSTALFORMATRULE,reference,REF_Load_Geography,proc:REF.USP_LOADPOSTALFORMATRULE
REF.POSTALFORMATRULE,reference,REF.POSTALFORMATRULE,reference,REF_Load_WarehouseSite,proc:REF.USP_LOADPOSTALFORMATRULE
REF.POSTALFORMATRULE,reference,STG.CUSTOMERADDRESS,staging-stg,STG_Load_CustomerAddress,proc:STG.USP_NORMALIZEADDRESS
REF.POSTALFORMATRULE,reference,WORK.CUSTOMERADDRESSSTANDARDIZED,staging-work,STG_Load_CustomerAddress,proc:STG.USP_NORMALIZEADDRESS
REF.PRODUCTREGIONALLISTING,reference,DIMENSION.STOCK ITEM,dw-dimension,DIM_Load_StockItem,proc:INTEGRATION.USP_MIGRATESTAGEDSTOCKITEMDATA
REF.PRODUCTREGIONALLISTING,reference,INTEGRATION.DIMENSIONLOADAUDIT,dw-integration,DIM_Load_StockItem,proc:INTEGRATION.USP_MIGRATESTAGEDSTOCKITEMDATA
REF.REASONCODE,reference,DIMENSION.RETURN REASON,dw-dimension,REF_Load_ReturnReason,direct
REF.REASONCODE,reference,DIMENSION.UNKNOWN MEMBER,dw-dimension,REF_Load_UnknownMembers,direct
REF.REASONCODE,reference,REF.CODECROSSWALK,reference,REF_Load_Carrier,proc:REF.USP_LOADCODECROSSWALK
REF.REASONCODE,reference,REF.CODECROSSWALK,reference,REF_Load_CodeTranslation,proc:REF.USP_LOADCODECROSSWALK
REF.REASONCODE,reference,REF.CODECROSSWALK,reference,REF_Load_CostCenter,proc:REF.USP_LOADCODECROSSWALK
REF.REASONCODE,reference,REF.CODECROSSWALK,reference,REF_Load_LoyaltyTier,proc:REF.USP_LOADCODECROSSWALK
REF.REASONCODE,reference,REF.CODECROSSWALK,reference,REF_Load_PaymentMethod,proc:REF.USP_LOADCODECROSSWALK
REF.REASONCODE,reference,REF.CODECROSSWALK,reference,REF_Load_PaymentTerms,proc:REF.USP_LOADCODECROSSWALK
REF.REASONCODE,reference,REF.CODECROSSWALK,reference,REF_Load_ReturnReason,proc:REF.USP_LOADCODECROSSWALK
REF.REASONCODE,reference,REF.CODECROSSWALK,reference,REF_Load_SalesChannel,proc:REF.USP_LOADCODECROSSWALK
REF.REASONCODE,reference,REF.CODECROSSWALK,reference,REF_Load_TransactionType,proc:REF.USP_LOADCODECROSSWALK
REF.REASONCODE,reference,STG.SHIPMENT,staging-stg,STG_Load_Shipment,proc:STG.USP_APPENDINCREMENTAL_SHIPMENT
REF.REASONCODE,reference,STG.SHIPMENTLINE,staging-stg,STG_Load_Shipment,proc:STG.USP_APPENDINCREMENTAL_SHIPMENT
REF.REASONCODE,reference,STG.STOCKMOVEMENT,staging-stg,STG_Load_StockMovement,proc:STG.USP_APPENDINCREMENTAL_STOCKMOVEMENT
REF.REGION,reference,DIMENSION.DATE,dw-dimension,REF_Load_DateDimension,direct
REF.REGION,reference,DIMENSION.GEOGRAPHY,dw-dimension,REF_Load_Geography,direct
REF.REGION,reference,DIMENSION.WAREHOUSE SITE,dw-dimension,REF_Load_WarehouseSite,direct
REF.REGION,reference,REF.COUNTRY,reference,REF_Load_Geography,proc:REF.USP_LOADCOUNTRY
REF.REGION,reference,REF.POSTALFORMATRULE,reference,REF_Load_Geography,proc:REF.USP_LOADPOSTALFORMATRULE
REF.REGION,reference,REF.POSTALFORMATRULE,reference,REF_Load_WarehouseSite,proc:REF.USP_LOADPOSTALFORMATRULE
REF.REGION,reference,REF.REGION,reference,REF_Load_DateDimension,proc:REF.USP_LOADREGION
REF.REGION,reference,REF.REGION,reference,REF_Load_Geography,proc:REF.USP_LOADREGION
REF.REGION,reference,REF.REGION,reference,REF_Load_WarehouseSite,proc:REF.USP_LOADREGION
REF.REGION,reference,REF.TAXJURISDICTION,reference,REF_Load_Geography,proc:REF.USP_LOADTAXJURISDICTION
REF.REGION,reference,STG.CUSTOMER,staging-stg,STG_Load_Customer,proc:STG.USP_NORMALIZECUSTOMER
REF.REGION,reference,STG.CUSTOMER,staging-stg,STG_Load_Employee,proc:STG.USP_NORMALIZECUSTOMER
REF.REGION,reference,STG.CUSTOMER,staging-stg,STG_Load_PartnerSale,proc:STG.USP_NORMALIZECUSTOMER
REF.REGION,reference,STG.CUSTOMERADDRESS,staging-stg,STG_Load_CustomerAddress,proc:STG.USP_NORMALIZEADDRESS
REF.REGION,reference,STG.GEOGRAPHY,staging-stg,STG_Load_Geography,proc:STG.USP_TRUNCATEANDRELOAD_GEOGRAPHY
REF.REGION,reference,STG.ORDERLINE,staging-stg,STG_Load_Order,proc:STG.USP_APPENDINCREMENTAL_ORDERLINE
REF.REGION,reference,STG.PAYMENT,staging-stg,STG_Load_Payment,proc:STG.USP_APPENDINCREMENTAL_PAYMENT
REF.REGION,reference,STG.SALELINE,staging-stg,STG_Load_Sale,proc:STG.USP_APPENDINCREMENTAL_SALELINE
REF.REGION,reference,STG.SUPPLIER,staging-stg,STG_Load_Supplier,proc:STG.USP_NORMALIZESUPPLIER
REF.REGION,reference,WORK.CUSTOMERADDRESSSTANDARDIZED,staging-work,STG_Load_CustomerAddress,proc:STG.USP_NORMALIZEADDRESS
REF.REGION,reference,WORK.LATEARRIVINGDIMENSIONQUEUE,staging-work,STG_Load_Order,proc:STG.USP_APPENDINCREMENTAL_ORDERLINE
REF.SOURCEKEYCROSSWALK,reference,REF.SOURCEKEYCROSSWALK,reference,REF_Load_UnknownMembers,proc:REF.USP_LOADSOURCEKEYCROSSWALK
REF.SOURCEKEYCROSSWALK,reference,WORK.PRODUCTCROSSWALK,staging-work,STG_Load_PurchaseOrder,proc:WORK.USP_BUILDPRODUCTCROSSWALK
REF.SOURCEKEYCROSSWALK,reference,WORK.PRODUCTCROSSWALK,staging-work,STG_Work_ProductCrosswalk,proc:WORK.USP_BUILDPRODUCTCROSSWALK
REF.STATUSCODE,reference,DIMENSION.UNKNOWN MEMBER,dw-dimension,REF_Load_UnknownMembers,direct
REF.STATUSCODE,reference,REF.CODECROSSWALK,reference,REF_Load_Carrier,proc:REF.USP_LOADCODECROSSWALK
REF.STATUSCODE,reference,REF.CODECROSSWALK,reference,REF_Load_CodeTranslation,proc:REF.USP_LOADCODECROSSWALK
REF.STATUSCODE,reference,REF.CODECROSSWALK,reference,REF_Load_CostCenter,proc:REF.USP_LOADCODECROSSWALK
REF.STATUSCODE,reference,REF.CODECROSSWALK,reference,REF_Load_LoyaltyTier,proc:REF.USP_LOADCODECROSSWALK
REF.STATUSCODE,reference,REF.CODECROSSWALK,reference,REF_Load_PaymentMethod,proc:REF.USP_LOADCODECROSSWALK
REF.STATUSCODE,reference,REF.CODECROSSWALK,reference,REF_Load_PaymentTerms,proc:REF.USP_LOADCODECROSSWALK
REF.STATUSCODE,reference,REF.CODECROSSWALK,reference,REF_Load_ReturnReason,proc:REF.USP_LOADCODECROSSWALK
REF.STATUSCODE,reference,REF.CODECROSSWALK,reference,REF_Load_SalesChannel,proc:REF.USP_LOADCODECROSSWALK
REF.STATUSCODE,reference,REF.CODECROSSWALK,reference,REF_Load_TransactionType,proc:REF.USP_LOADCODECROSSWALK
REF.STATUSCODE,reference,REF.STATUSCODE,reference,REF_Load_CodeTranslation,proc:REF.USP_LOADSTATUSCODE
REF.STATUSCODE,reference,REF.STATUSCODE,reference,REF_Load_UnknownMembers,proc:REF.USP_LOADSTATUSCODE
REF.TAXJURISDICTION,reference,DIMENSION.GEOGRAPHY,dw-dimension,REF_Load_Geography,direct
REF.TAXJURISDICTION,reference,REF.TAXJURISDICTION,reference,REF_Load_Geography,proc:REF.USP_LOADTAXJURISDICTION
REF.TAXJURISDICTION,reference,STG.GEOGRAPHY,staging-stg,STG_Load_Geography,proc:STG.USP_TRUNCATEANDRELOAD_GEOGRAPHY
REF.TAXJURISDICTION,reference,STG.ORDERLINE,staging-stg,STG_Load_Order,proc:STG.USP_APPENDINCREMENTAL_ORDERLINE
REF.TAXJURISDICTION,reference,WORK.LATEARRIVINGDIMENSIONQUEUE,staging-work,STG_Load_Order,proc:STG.USP_APPENDINCREMENTAL_ORDERLINE
REF.TRANSACTIONTYPE,reference,STG.STOCKMOVEMENT,staging-stg,STG_Load_StockMovement,direct
REF.UNITOFMEASURE,reference,DIMENSION.TRANSACTION TYPE,dw-dimension,REF_Load_TransactionType,direct
REF.UNITOFMEASURE,reference,REF.UNITOFMEASURE,reference,REF_Load_TransactionType,proc:REF.USP_LOADUNITOFMEASURE
REF.UNITOFMEASURE,reference,REF.UOMCONVERSION,reference,REF_Load_TransactionType,proc:REF.USP_LOADUOMCONVERSION
REF.UOMCONVERSION,reference,DIMENSION.TRANSACTION TYPE,dw-dimension,REF_Load_TransactionType,direct
REF.UOMCONVERSION,reference,REF.UOMCONVERSION,reference,REF_Load_TransactionType,proc:REF.USP_LOADUOMCONVERSION
REF.UOMCONVERSION,reference,STG.PRODUCT,staging-stg,STG_Load_Product,direct
REF.UOMCONVERSION,reference,STG.PURCHASEORDER,staging-stg,STG_Load_PurchaseOrder,direct
REF.UOMCONVERSION,reference,STG.PURCHASEORDERLINE,staging-stg,STG_Load_PurchaseOrder,direct
REF.UOMCONVERSION,reference,STG.SALELINE,staging-stg,STG_Load_Sale,proc:STG.USP_APPENDINCREMENTAL_SALELINE
REF.UOMCONVERSION,reference,STG.STOCKMOVEMENT,staging-stg,STG_Load_StockMovement,direct
REF.WAREHOUSESITE,reference,WORK.INVENTORYPOSITIONDAILY,staging-work,STG_Work_InventoryPosition,direct
RETURNS.CREDITNOTES,unknown,RAW.SQLCREDITNOTE,staging-raw,EXT_SQL_CreditNotes,direct
RETURNS.RETURNAUTHORIZATIONS,unknown,RAW.SQLRETURNLINE,staging-raw,EXT_SQL_Returns,direct
RETURNS.RETURNINSPECTIONS,unknown,RAW.SQLRETURNLINE,staging-raw,EXT_SQL_Returns,direct
RETURNS.RETURNREASONS,unknown,RAW.SQLRETURNLINE,staging-raw,EXT_SQL_Returns,direct
RETURNS.VW_CREDITNOTEEXTRACT,unknown,RAW.SQLCREDITNOTE,staging-raw,EXT_SQL_CreditNotes,direct
RETURNS.VW_RETURNEXTRACT,unknown,RAW.SQLRETURNLINE,staging-raw,EXT_SQL_Returns,direct
SALES.COMMISSIONPLANS,oltp,RAW.SQLORDER,staging-raw,EXT_SQL_SalesTerritories,direct
SALES.CUSTOMERSEGMENTS,oltp,RAW.SQLORDER,staging-raw,EXT_SQL_CustomerSegments,direct
SALES.CUSTOMERTRANSACTIONS,oltp,RAW.SQLINVOICE,staging-raw,EXT_SQL_CustomerTransactions,direct
SALES.INVOICELINES,oltp,RAW.SQLINVOICELINE,staging-raw,EXT_SQL_InvoiceLines,direct
SALES.INVOICES,oltp,RAW.SQLINVOICE,staging-raw,EXT_SQL_Invoices,direct
SALES.ORDERDISCOUNTS,oltp,RAW.SQLORDERLINE,staging-raw,EXT_SQL_OrderLines,direct
SALES.ORDERLINES,oltp,RAW.SQLORDERLINE,staging-raw,EXT_SQL_OrderLines,direct
SALES.ORDERS,oltp,RAW.SQLORDER,staging-raw,EXT_SQL_Orders,direct
SALES.PROMOTIONLINES,oltp,RAW.SQLORDER,staging-raw,EXT_SQL_Promotions,direct
SALES.PROMOTIONREDEMPTIONS,oltp,RAW.SQLORDER,staging-raw,EXT_SQL_Promotions,direct
SALES.PROMOTIONS,oltp,RAW.SQLORDER,staging-raw,EXT_SQL_Promotions,direct
SALES.SALESCHANNELS,oltp,RAW.SQLORDER,staging-raw,EXT_SQL_Orders,direct
SALES.SALESQUOTAS,oltp,RAW.SQLORDER,staging-raw,EXT_SQL_SalesTerritories,direct
SALES.SALESTERRITORIES,oltp,RAW.SQLORDER,staging-raw,EXT_SQL_Orders,direct
SALES.SALESTERRITORIES,oltp,RAW.SQLORDER,staging-raw,EXT_SQL_SalesTerritories,direct
SALES.VW_CUSTOMERSEGMENTCURRENT,oltp,RAW.SQLORDER,staging-raw,EXT_SQL_CustomerSegments,direct
SALES.VW_INVOICEEXTRACT,oltp,RAW.SQLINVOICE,staging-raw,EXT_SQL_Invoices,direct
SALES.VW_ORDERLINEEXTRACT,oltp,RAW.SQLORDERLINE,staging-raw,EXT_SQL_OrderLines,direct
SHIPPING.CARRIERS,unknown,RAW.SQLSHIPMENT,staging-raw,EXT_SQL_Shipments,direct
SHIPPING.CUSTOMSDECLARATIONS,unknown,RAW.SQLSHIPMENT,staging-raw,EXT_SQL_Shipments,direct
SHIPPING.DELIVERYROUTES,unknown,RAW.SQLSHIPMENT,staging-raw,EXT_SQL_Shipments,direct
SHIPPING.FREIGHTRATES,unknown,RAW.SQLSHIPMENT,staging-raw,EXT_SQL_Shipments,direct
SHIPPING.PACKAGINGTYPES,unknown,RAW.SQLSHIPMENTLINE,staging-raw,EXT_SQL_ShipmentLines,direct
SHIPPING.SHIPMENTEVENTS,unknown,RAW.SQLSHIPMENTLINE,staging-raw,EXT_SQL_ShipmentLines,direct
SHIPPING.SHIPMENTHEADERS,unknown,RAW.SQLSHIPMENT,staging-raw,EXT_SQL_Shipments,direct
SHIPPING.SHIPMENTLINES,unknown,RAW.SQLSHIPMENTLINE,staging-raw,EXT_SQL_ShipmentLines,direct
SHIPPING.VW_SHIPMENTEXTRACT,unknown,RAW.SQLSHIPMENT,staging-raw,EXT_SQL_Shipments,direct
STG.APINVOICE,staging-stg,FACT.PAYMENT,dw-fact,FIN_Currency_Revaluation,direct
STG.APINVOICE,staging-stg,STG.PAYMENT,staging-stg,STG_Work_PaymentMatch,proc:WORK.USP_MATCHPAYMENTSTOINVOICES
STG.APINVOICE,staging-stg,WORK.APAGINGSTAGING,staging-work,FIN_Load_ApAging,direct
STG.APINVOICE,staging-stg,WORK.FXREVALUATIONRATE,staging-work,FIN_Currency_Revaluation,direct
STG.APINVOICE,staging-stg,WORK.PAYMENTMATCHED,staging-work,STG_Work_PaymentMatch,direct
STG.APINVOICE,staging-stg,WORK.PAYMENTMATCHED,staging-work,STG_Work_PaymentMatch,proc:WORK.USP_MATCHPAYMENTSTOINVOICES
STG.APINVOICEHEADER,staging-stg,FACT.SUPPLIER PAYMENT,dw-fact,FACT_Load_SupplierPayment,proc:INTEGRATION.USP_LOADFACTSUPPLIERPAYMENT
STG.APINVOICELINE,staging-stg,AGGREGATE.SUPPLIER PERFORMANCE,dw-aggregate,PRC_Load_SupplierScorecard,direct
STG.APINVOICELINE,staging-stg,FACT.PURCHASE RECEIPT,dw-fact,PRC_Load_ReceiptMatching,direct
STG.APINVOICELINE,staging-stg,WORK.RECEIPTGRNI,staging-work,PRC_Load_ReceiptMatching,direct
STG.APINVOICELINE,staging-stg,WORK.RECEIPTMATCH,staging-work,PRC_Load_ReceiptMatching,direct
STG.APINVOICELINE,staging-stg,WORK.RECEIPTMATCHEXCEPTION,staging-work,PRC_Load_ReceiptMatching,direct
STG.APINVOICELINE,staging-stg,WORK.SUPPLIERSCORECARD,staging-work,PRC_Load_SupplierScorecard,direct
STG.APINVOICELINE,staging-stg,WORK.WITHHOLDINGCERTIFICATEQUEUE,staging-work,FIN_Load_WithholdingTax,direct
STG.APINVOICELINE,staging-stg,WORK.WITHHOLDINGTAXLINE,staging-work,FIN_Load_WithholdingTax,direct
STG.APPAYMENTALLOCATION,staging-stg,FACT.SUPPLIER PAYMENT,dw-fact,FACT_Load_SupplierPayment,proc:INTEGRATION.USP_LOADFACTSUPPLIERPAYMENT
STG.APPAYMENTRUN,staging-stg,FACT.SUPPLIER PAYMENT,dw-fact,FACT_Load_SupplierPayment,proc:INTEGRATION.USP_LOADFACTSUPPLIERPAYMENT
STG.CARRIERTRACKINGEVENT,staging-stg,FACT.SHIPMENT,dw-fact,FACT_Load_Shipment,proc:INTEGRATION.USP_LOADFACTSHIPMENT
STG.CASHALLOCATION,staging-stg,FACT.PAYMENT,dw-fact,FACT_Load_Payment,proc:INTEGRATION.USP_LOADFACTPAYMENT
STG.CASHRECEIPT,staging-stg,FACT.PAYMENT,dw-fact,FACT_Load_Payment,proc:INTEGRATION.USP_LOADFACTPAYMENT
STG.CITY,staging-stg,DIMENSION.CITY,dw-dimension,DIM_Load_City,proc:INTEGRATION.USP_MIGRATESTAGEDCITYDATA
STG.CITY,staging-stg,INTEGRATION.DIMENSIONLOADAUDIT,dw-integration,DIM_Load_City,proc:INTEGRATION.USP_MIGRATESTAGEDCITYDATA
STG.COMMISSIONPLAN,staging-stg,WORK.COMMISSIONAPAC,staging-work,SLS_APAC_Load_Commission,direct
STG.COMMISSIONPLAN,staging-stg,WORK.COMMISSIONEU,staging-work,SLS_EU_Load_Commission,direct
STG.COMMISSIONPLAN,staging-stg,WORK.COMMISSIONEUHELD,staging-work,SLS_EU_Load_Commission,direct
STG.COMMISSIONPLAN,staging-stg,WORK.COMMISSIONNA,staging-work,SLS_NA_Load_Commission,direct
STG.CONSIGNMENT,staging-stg,FACT.SHIPMENT,dw-fact,FACT_Load_Shipment,proc:INTEGRATION.USP_LOADFACTSHIPMENT
STG.COOKIECONSENT,staging-stg,FACT.WEB SESSION,dw-fact,FACT_Load_WebSession,proc:INTEGRATION.USP_LOADFACTWEBSESSION
STG.COSTALLOCATIONRULE,staging-stg,AGGREGATE.FINANCE CLOSE SUMMARY,dw-aggregate,FIN_Load_CostAllocation,direct
STG.COSTALLOCATIONRULE,staging-stg,WORK.COSTALLOCATIONRESULT,staging-work,FIN_Load_CostAllocation,direct
STG.COSTALLOCATIONTARGET,staging-stg,AGGREGATE.FINANCE CLOSE SUMMARY,dw-aggregate,FIN_Load_CostAllocation,direct
STG.COSTALLOCATIONTARGET,staging-stg,WORK.COSTALLOCATIONRESULT,staging-work,FIN_Load_CostAllocation,direct
STG.COSTCENTER,staging-stg,STG.APINVOICE,staging-stg,STG_Load_ApInvoice,direct
STG.COSTCENTER,staging-stg,STG.APINVOICELINE,staging-stg,STG_Load_ApInvoice,direct
STG.COSTCENTER,staging-stg,STG.COSTCENTER,staging-stg,STG_Load_CostCenter,direct
STG.COSTCENTRE,staging-stg,AGGREGATE.FINANCE CLOSE SUMMARY,dw-aggregate,FIN_Load_CostAllocation,direct
STG.COSTCENTRE,staging-stg,WORK.COSTALLOCATIONRESULT,staging-work,FIN_Load_CostAllocation,direct
STG.COSTCENTREBALANCE,staging-stg,AGGREGATE.FINANCE CLOSE SUMMARY,dw-aggregate,FIN_Load_CostAllocation,direct
STG.COSTCENTREBALANCE,staging-stg,WORK.COSTALLOCATIONRESULT,staging-work,FIN_Load_CostAllocation,direct
STG.CREDITNOTE,staging-stg,AGGREGATE.REGIONAL SALES PERFORMANCE,dw-aggregate,SLS_Load_QuotaAttainment,direct
STG.CREDITNOTE,staging-stg,FACT.CREDIT NOTE,dw-fact,FACT_Load_CreditNote,direct
STG.CREDITNOTE,staging-stg,FACT.SALE,dw-fact,FACT_Load_CreditNote,direct
STG.CREDITNOTE,staging-stg,WORK.PAYMENTMATCHED,staging-work,FACT_Load_CreditNote,direct
STG.CREDITNOTE,staging-stg,WORK.QUOTAATTAINMENT,staging-work,SLS_Load_QuotaAttainment,direct
STG.CREDITNOTEHEADER,staging-stg,FACT.CREDIT NOTE,dw-fact,FACT_Load_CreditNote,proc:INTEGRATION.USP_LOADFACTCREDITNOTE
STG.CREDITNOTELINE,staging-stg,FACT.CREDIT NOTE,dw-fact,FACT_Load_CreditNote,proc:INTEGRATION.USP_LOADFACTCREDITNOTE
STG.CURRENCYRATE,staging-stg,FACT.GL POSTING,dw-fact,FACT_Load_GLPosting,direct
STG.CURRENCYRATE,staging-stg,FACT.PAYMENT,dw-fact,FACT_Load_Payment,direct
STG.CURRENCYRATE,staging-stg,FACT.PURCHASE,dw-fact,FACT_Load_Purchase,direct
STG.CURRENCYRATE,staging-stg,FACT.SALE,dw-fact,FACT_APAC_Load_Sale,direct
STG.CURRENCYRATE,staging-stg,FACT.SALE,dw-fact,FACT_EU_Load_Sale,direct
STG.CURRENCYRATE,staging-stg,FACT.SUPPLIER PAYMENT,dw-fact,FACT_Load_SupplierPayment,direct
STG.CURRENCYRATE,staging-stg,WORK.CURRENCYCONVERSIONSCRATCH,staging-work,FACT_APAC_Load_Sale,direct
STG.CURRENCYRATE,staging-stg,WORK.CURRENCYCONVERSIONSCRATCH,staging-work,FACT_EU_Load_Sale,direct
STG.CURRENCYRATE,staging-stg,WORK.LATEARRIVINGDIMENSIONQUEUE,staging-work,FACT_APAC_Load_Sale,direct
STG.CURRENCYRATE,staging-stg,WORK.LATEARRIVINGDIMENSIONQUEUE,staging-work,FACT_EU_Load_Sale,direct
STG.CURRENCYRATE,staging-stg,WORK.LATEARRIVINGDIMENSIONQUEUE,staging-work,FACT_Load_Purchase,direct
STG.CURRENCYRATE,staging-stg,WORK.PAYMENTMATCHED,staging-work,FACT_Load_Payment,direct
STG.CURRENCYRATE,staging-stg,WORK.PURCHASELINEENRICHED,staging-work,FACT_Load_Purchase,direct
STG.CUSTOMER,staging-stg,DIMENSION.CUSTOMER,dw-dimension,DIM_APAC_Load_Customer,direct
STG.CUSTOMER,staging-stg,DIMENSION.CUSTOMER,dw-dimension,DIM_EU_Load_Customer,direct
STG.CUSTOMER,staging-stg,DIMENSION.CUSTOMER,dw-dimension,DIM_NA_Load_Customer,direct
STG.CUSTOMER,staging-stg,FACT.SALE,dw-fact,FACT_EU_Load_Sale,direct
STG.CUSTOMER,staging-stg,REF.SOURCEKEYCROSSWALK,reference,STG_Work_CustomerDedup,proc:STG.USP_DEDUPLICATECUSTOMER
STG.CUSTOMER,staging-stg,STG.CUSTOMER,staging-stg,STG_Load_Customer,proc:STG.USP_NORMALIZECUSTOMER
STG.CUSTOMER,staging-stg,STG.CUSTOMER,staging-stg,STG_Load_Employee,proc:STG.USP_NORMALIZECUSTOMER
STG.CUSTOMER,staging-stg,STG.CUSTOMER,staging-stg,STG_Load_PartnerSale,proc:STG.USP_NORMALIZECUSTOMER
STG.CUSTOMER,staging-stg,STG.CUSTOMER,staging-stg,STG_Work_CustomerDedup,proc:STG.USP_DEDUPLICATECUSTOMER
STG.CUSTOMER,staging-stg,STG.ORDER,staging-stg,STG_Load_Order,direct
STG.CUSTOMER,staging-stg,STG.ORDERLINE,staging-stg,STG_Load_Order,direct
STG.CUSTOMER,staging-stg,WORK.CURRENCYCONVERSIONSCRATCH,staging-work,FACT_EU_Load_Sale,direct
STG.CUSTOMER,staging-stg,WORK.CUSTOMERADDRESSSTANDARDIZED,staging-work,STG_Work_CustomerDedup,direct
STG.CUSTOMER,staging-stg,WORK.CUSTOMERDEDUP,staging-work,DIM_EU_Load_Customer,direct
STG.CUSTOMER,staging-stg,WORK.CUSTOMERDEDUP,staging-work,DIM_NA_Load_Customer,direct
STG.CUSTOMER,staging-stg,WORK.CUSTOMERDEDUP,staging-work,STG_Work_CustomerDedup,direct
STG.CUSTOMER,staging-stg,WORK.CUSTOMERDEDUP,staging-work,STG_Work_CustomerDedup,proc:STG.USP_DEDUPLICATECUSTOMER
STG.CUSTOMER,staging-stg,WORK.LATEARRIVINGDIMENSIONQUEUE,staging-work,FACT_EU_Load_Sale,direct
STG.CUSTOMERADDRESS,staging-stg,REF.SOURCEKEYCROSSWALK,reference,STG_Work_CustomerDedup,proc:STG.USP_DEDUPLICATECUSTOMER
STG.CUSTOMERADDRESS,staging-stg,STG.CUSTOMER,staging-stg,STG_Work_CustomerDedup,proc:STG.USP_DEDUPLICATECUSTOMER
STG.CUSTOMERADDRESS,staging-stg,STG.CUSTOMERADDRESS,staging-stg,STG_Load_CustomerAddress,proc:STG.USP_NORMALIZEADDRESS
STG.CUSTOMERADDRESS,staging-stg,STG.ORDERLINE,staging-stg,STG_Load_Order,proc:STG.USP_APPENDINCREMENTAL_ORDERLINE
STG.CUSTOMERADDRESS,staging-stg,WORK.CUSTOMERADDRESSSTANDARDIZED,staging-work,STG_Load_CustomerAddress,proc:STG.USP_NORMALIZEADDRESS
STG.CUSTOMERADDRESS,staging-stg,WORK.CUSTOMERADDRESSSTANDARDIZED,staging-work,STG_Work_CustomerDedup,direct
STG.CUSTOMERADDRESS,staging-stg,WORK.CUSTOMERDEDUP,staging-work,STG_Work_CustomerDedup,direct
STG.CUSTOMERADDRESS,staging-stg,WORK.CUSTOMERDEDUP,staging-work,STG_Work_CustomerDedup,proc:STG.USP_DEDUPLICATECUSTOMER
STG.CUSTOMERADDRESS,staging-stg,WORK.LATEARRIVINGDIMENSIONQUEUE,staging-work,STG_Load_Order,proc:STG.USP_APPENDINCREMENTAL_ORDERLINE
STG.CUSTOMERCATEGORY,staging-stg,DIMENSION.CUSTOMER CATEGORY,dw-dimension,DIM_Load_CustomerCategory,direct
STG.CUSTOMERCATEGORY,staging-stg,WORK.CUSTOMERDEDUP,staging-work,DIM_Load_CustomerCategory,direct
STG.CUSTOMERPAYMENT,staging-stg,WORK.COMMISSIONEU,staging-work,SLS_EU_Load_Commission,direct
STG.CUSTOMERPAYMENT,staging-stg,WORK.COMMISSIONEUHELD,staging-work,SLS_EU_Load_Commission,direct
STG.CUSTOMERSEGMENT,staging-stg,DIMENSION.CUSTOMER,dw-dimension,DIM_Load_CustomerSegment,proc:INTEGRATION.USP_MIGRATESTAGEDCUSTOMERSEGMENTDATA
STG.CUSTOMERSEGMENT,staging-stg,DIMENSION.CUSTOMER SEGMENT,dw-dimension,DIM_Load_CustomerSegment,direct
STG.CUSTOMERSEGMENT,staging-stg,DIMENSION.CUSTOMER SEGMENT,dw-dimension,DIM_Load_CustomerSegment,proc:INTEGRATION.USP_MIGRATESTAGEDCUSTOMERSEGMENTDATA
STG.CUSTOMERSEGMENT,staging-stg,INTEGRATION.DIMENSIONLOADAUDIT,dw-integration,DIM_Load_CustomerSegment,proc:INTEGRATION.USP_MIGRATESTAGEDCUSTOMERSEGMENTDATA
STG.CUSTOMERSEGMENTASSIGNMENT,staging-stg,DIMENSION.CUSTOMER,dw-dimension,DIM_Load_CustomerSegment,proc:INTEGRATION.USP_MIGRATESTAGEDCUSTOMERSEGMENTDATA
STG.CUSTOMERSEGMENTASSIGNMENT,staging-stg,DIMENSION.CUSTOMER SEGMENT,dw-dimension,DIM_Load_CustomerSegment,proc:INTEGRATION.USP_MIGRATESTAGEDCUSTOMERSEGMENTDATA
STG.CUSTOMERSEGMENTASSIGNMENT,staging-stg,INTEGRATION.DIMENSIONLOADAUDIT,dw-integration,DIM_Load_CustomerSegment,proc:INTEGRATION.USP_MIGRATESTAGEDCUSTOMERSEGMENTDATA
STG.CUSTOMERTRANSACTION,staging-stg,FACT.CUSTOMER TRANSACTION,dw-fact,FACT_Load_CustomerTransaction,direct
STG.CUSTOMERTRANSACTION,staging-stg,WORK.LATEARRIVINGDIMENSIONQUEUE,staging-work,FACT_Load_CustomerTransaction,direct
STG.CUSTOMSCLEARANCE,staging-stg,FACT.SHIPMENT,dw-fact,FACT_Load_Shipment,proc:INTEGRATION.USP_LOADFACTSHIPMENT
STG.CYCLECOUNT,staging-stg,WORK.CYCLECOUNTVARIANCE,staging-work,INV_Load_CycleCountVariance,direct
STG.DAILYINVENTORYSNAPSHOT,staging-stg,FACT.DAILY INVENTORY SNAPSHOT,dw-fact,FACT_Load_DailyInventorySnapshot,direct
STG.DAILYSALESSNAPSHOT,staging-stg,FACT.DAILY SALES SNAPSHOT,dw-fact,FACT_Load_DailySalesSnapshot,direct
STG.EMPLOYEE,staging-stg,DIMENSION.EMPLOYEE,dw-dimension,DIM_Load_Employee,direct
STG.EXCHANGERATEDAILY,staging-stg,FACT.PURCHASE,dw-fact,FACT_Load_Purchase,proc:INTEGRATION.USP_LOADFACTPURCHASE
STG.FACTCORRECTIONREQUEST,staging-stg,FACT.ORDER,dw-fact,FACT_Apply_Corrections,proc:INTEGRATION.USP_APPLYFACTCORRECTIONS
STG.FACTCORRECTIONREQUEST,staging-stg,FACT.PAYMENT,dw-fact,FACT_Apply_Corrections,proc:INTEGRATION.USP_APPLYFACTCORRECTIONS
STG.FACTCORRECTIONREQUEST,staging-stg,FACT.SALE,dw-fact,FACT_Apply_Corrections,proc:INTEGRATION.USP_APPLYFACTCORRECTIONS
STG.FACTCORRECTIONREQUEST,staging-stg,STG.FACTCORRECTIONREQUEST,staging-stg,FACT_Apply_Corrections,proc:INTEGRATION.USP_APPLYFACTCORRECTIONS
STG.FISCALCALENDAR445,staging-stg,AGGREGATE.REGIONAL SALES PERFORMANCE,dw-aggregate,SLS_Load_QuotaAttainment,direct
STG.FISCALCALENDAR445,staging-stg,WORK.COMMISSIONAPAC,staging-work,SLS_APAC_Load_Commission,direct
STG.FISCALCALENDAR445,staging-stg,WORK.QUOTAATTAINMENT,staging-work,SLS_Load_QuotaAttainment,direct
STG.FISCALCALENDAR445PERIOD,staging-stg,CUSTOMER360.CUSTOMERROLLINGMETRIC,customer360,C360_Build_RollingMetrics,direct
STG.FISCALCALENDAR445PERIOD,staging-stg,WORK.CUSTOMERROLLINGMETRIC,staging-work,C360_Build_RollingMetrics,direct
STG.FXRATE,staging-stg,FACT.PAYMENT,dw-fact,FIN_Currency_Revaluation,direct
STG.FXRATE,staging-stg,STG.APINVOICE,staging-stg,STG_Load_ApInvoice,direct
STG.FXRATE,staging-stg,STG.APINVOICELINE,staging-stg,STG_Load_ApInvoice,direct
STG.FXRATE,staging-stg,STG.CURRENCY,staging-stg,STG_Load_Currency,direct
STG.FXRATE,staging-stg,STG.EMPLOYEE,staging-stg,STG_Load_Employee,direct
STG.FXRATE,staging-stg,STG.FXRATE,staging-stg,STG_Load_Currency,direct
STG.FXRATE,staging-stg,STG.PURCHASEORDER,staging-stg,STG_Load_PurchaseOrder,direct
STG.FXRATE,staging-stg,STG.PURCHASEORDERLINE,staging-stg,STG_Load_PurchaseOrder,direct
STG.FXRATE,staging-stg,STG.SALE,staging-stg,STG_Load_Sale,direct
STG.FXRATE,staging-stg,STG.SALELINE,staging-stg,STG_Load_Sale,direct
STG.FXRATE,staging-stg,STG.SALESPERSON,staging-stg,STG_Load_Employee,direct
STG.FXRATE,staging-stg,STG.VENDORCONTRACT,staging-stg,STG_Load_VendorContract,direct
STG.FXRATE,staging-stg,WORK.COMMISSIONAPAC,staging-work,SLS_APAC_Load_Commission,direct
STG.FXRATE,staging-stg,WORK.COMMISSIONEU,staging-work,SLS_EU_Load_Commission,direct
STG.FXRATE,staging-stg,WORK.COMMISSIONEUHELD,staging-work,SLS_EU_Load_Commission,direct
STG.FXRATE,staging-stg,WORK.FXREVALUATIONRATE,staging-work,FIN_Currency_Revaluation,direct
STG.FXRATEMONTHLY,staging-stg,AGGREGATE.REGIONAL SALES PERFORMANCE,dw-aggregate,AGG_Refresh_RegionalSalesPerformance,proc:INTEGRATION.USP_REFRESHAGGREGATEREGIONALSALES
STG.GEOGRAPHY,staging-stg,DIMENSION.CITY,dw-dimension,DIM_Load_City,direct
STG.GEOGRAPHY,staging-stg,STG.CUSTOMERADDRESS,staging-stg,STG_Load_CustomerAddress,direct
STG.GEOGRAPHY,staging-stg,STG.CUSTOMERADDRESS,staging-stg,STG_Load_CustomerAddress,proc:STG.USP_NORMALIZEADDRESS
STG.GEOGRAPHY,staging-stg,STG.GEOGRAPHY,staging-stg,STG_Load_Geography,proc:STG.USP_TRUNCATEANDRELOAD_GEOGRAPHY
STG.GEOGRAPHY,staging-stg,STG.SHIPMENT,staging-stg,STG_Load_Shipment,proc:STG.USP_APPENDINCREMENTAL_SHIPMENT
STG.GEOGRAPHY,staging-stg,STG.SHIPMENTLINE,staging-stg,STG_Load_Shipment,proc:STG.USP_APPENDINCREMENTAL_SHIPMENT
STG.GEOGRAPHY,staging-stg,WORK.CUSTOMERADDRESSSTANDARDIZED,staging-work,DIM_Load_City,direct
STG.GEOGRAPHY,staging-stg,WORK.CUSTOMERADDRESSSTANDARDIZED,staging-work,STG_Load_CustomerAddress,proc:STG.USP_NORMALIZEADDRESS
STG.GEOGRAPHY,staging-stg,WORK.LATEARRIVINGDIMENSIONQUEUE,staging-work,DIM_Load_City,direct
STG.GLJOURNALHEADER,staging-stg,FACT.GL POSTING,dw-fact,FACT_Load_GLPosting,proc:INTEGRATION.USP_LOADFACTGLPOSTING
STG.GLJOURNALLINE,staging-stg,FACT.GL POSTING,dw-fact,FACT_Load_GLPosting,proc:INTEGRATION.USP_LOADFACTGLPOSTING
STG.GLJOURNALLINE,staging-stg,FACT.GL POSTING,dw-fact,FIN_Load_GlPostings,direct
STG.GLJOURNALLINE,staging-stg,WORK.GLHELDLINE,staging-work,FIN_Load_GlPostings,direct
STG.GLPOSTING,staging-stg,FACT.GL POSTING,dw-fact,FACT_Load_GLPosting,direct
STG.GOODSRECEIPTHEADER,staging-stg,FACT.PURCHASE RECEIPT,dw-fact,FACT_Load_PurchaseReceipt,proc:INTEGRATION.USP_LOADFACTPURCHASERECEIPT
STG.GOODSRECEIPTLINE,staging-stg,FACT.PURCHASE RECEIPT,dw-fact,FACT_Load_PurchaseReceipt,proc:INTEGRATION.USP_LOADFACTPURCHASERECEIPT
STG.LEDGERCALENDAR,staging-stg,FACT.GL POSTING,dw-fact,FACT_Load_GLPosting,proc:INTEGRATION.USP_LOADFACTGLPOSTING
STG.LOCKBOXFILE,staging-stg,FACT.PAYMENT,dw-fact,FACT_Load_Payment,proc:INTEGRATION.USP_LOADFACTPAYMENT
STG.LOYALTYPOINTS,staging-stg,FACT.LOYALTY POINTS,dw-fact,FACT_Load_LoyaltyPoints,direct
STG.LOYALTYTRANSACTION,staging-stg,FACT.LOYALTY POINTS,dw-fact,FACT_Load_LoyaltyPoints,proc:INTEGRATION.USP_LOADFACTLOYALTYPOINTS
STG.MATCHTOLERANCE,staging-stg,FACT.PURCHASE RECEIPT,dw-fact,PRC_Load_ReceiptMatching,direct
STG.MATCHTOLERANCE,staging-stg,WORK.RECEIPTGRNI,staging-work,PRC_Load_ReceiptMatching,direct
STG.MATCHTOLERANCE,staging-stg,WORK.RECEIPTMATCH,staging-work,PRC_Load_ReceiptMatching,direct
STG.MATCHTOLERANCE,staging-stg,WORK.RECEIPTMATCHEXCEPTION,staging-work,PRC_Load_ReceiptMatching,direct
STG.MOVEMENT,staging-stg,FACT.MOVEMENT,dw-fact,FACT_Load_Movement,direct
STG.MOVEMENT,staging-stg,WORK.LATEARRIVINGDIMENSIONQUEUE,staging-work,FACT_Load_Movement,direct
STG.ORACLEPURCHASEORDERHEADER,staging-stg,FACT.PURCHASE,dw-fact,FACT_Load_Purchase,proc:INTEGRATION.USP_LOADFACTPURCHASE
STG.ORACLEPURCHASEORDERLINE,staging-stg,FACT.PURCHASE,dw-fact,FACT_Load_Purchase,proc:INTEGRATION.USP_LOADFACTPURCHASE
STG.ORACLEPURCHASEORDERLINEFLAT,staging-stg,FACT.PURCHASE RECEIPT,dw-fact,FACT_Load_PurchaseReceipt,proc:INTEGRATION.USP_LOADFACTPURCHASERECEIPT
STG.ORDER,staging-stg,FACT.ORDER,dw-fact,FACT_Load_Order,direct
STG.ORDER,staging-stg,STG.ORDERLINE,staging-stg,STG_Load_Order,proc:STG.USP_APPENDINCREMENTAL_ORDERLINE
STG.ORDER,staging-stg,WORK.LATEARRIVINGDIMENSIONQUEUE,staging-work,FACT_Load_Order,direct
STG.ORDER,staging-stg,WORK.LATEARRIVINGDIMENSIONQUEUE,staging-work,STG_Load_Order,proc:STG.USP_APPENDINCREMENTAL_ORDERLINE
STG.ORDER,staging-stg,WORK.ORDERLINEENRICHED,staging-work,FACT_Load_Order,direct
STG.ORDERFULFILMENT,staging-stg,FACT.ORDER FULFILMENT,dw-fact,FACT_Load_OrderFulfilment,direct
STG.ORDERFULFILMENT,staging-stg,WORK.ORDERLINEENRICHED,staging-work,FACT_Load_OrderFulfilment,direct
STG.ORDERLINE,staging-stg,AGGREGATE.REGIONAL SALES PERFORMANCE,dw-aggregate,SLS_Load_QuotaAttainment,direct
STG.ORDERLINE,staging-stg,WORK.QUOTAATTAINMENT,staging-work,SLS_Load_QuotaAttainment,direct
STG.PAYMENT,staging-stg,FACT.PAYMENT,dw-fact,FACT_Load_Payment,direct
STG.PAYMENT,staging-stg,STG.PAYMENT,staging-stg,STG_Work_PaymentMatch,proc:WORK.USP_MATCHPAYMENTSTOINVOICES
STG.PAYMENT,staging-stg,WORK.PAYMENTMATCHED,staging-work,FACT_Load_Payment,direct
STG.PAYMENT,staging-stg,WORK.PAYMENTMATCHED,staging-work,STG_Work_PaymentMatch,direct
STG.PAYMENT,staging-stg,WORK.PAYMENTMATCHED,staging-work,STG_Work_PaymentMatch,proc:WORK.USP_MATCHPAYMENTSTOINVOICES
STG.PAYMENTTERMS,staging-stg,STG.SUPPLIER,staging-stg,STG_Load_Supplier,direct
STG.PAYMENTTERMS,staging-stg,WORK.APAGINGSTAGING,staging-work,FIN_Load_ApAging,direct
STG.PRODUCT,staging-stg,DIMENSION.STOCK ITEM,dw-dimension,DIM_Load_StockItem,proc:INTEGRATION.USP_MIGRATESTAGEDSTOCKITEMDATA
STG.PRODUCT,staging-stg,INTEGRATION.DIMENSIONLOADAUDIT,dw-integration,DIM_Load_StockItem,proc:INTEGRATION.USP_MIGRATESTAGEDSTOCKITEMDATA
STG.PRODUCT,staging-stg,WORK.PRODUCTCROSSWALK,staging-work,STG_Work_ProductCrosswalk,direct
STG.PRODUCT,staging-stg,WORK.PRODUCTCROSSWALKFEED,staging-work,STG_Work_ProductCrosswalk,direct
STG.PRODUCTCATEGORY,staging-stg,DIMENSION.PRODUCT CATEGORY,dw-dimension,DIM_Load_ProductCategory,direct
STG.PRODUCTCATEGORY,staging-stg,DIMENSION.STOCK ITEM CATEGORY BRIDGE,dw-dimension,DIM_Load_ProductCategory,direct
STG.PROMOTION,staging-stg,AGGREGATE.PROMOTION EFFECTIVENESS,dw-aggregate,SLS_Load_PromotionRedemption,direct
STG.PROMOTION,staging-stg,DIMENSION.PROMOTION,dw-dimension,DIM_Load_Promotion,direct
STG.PROMOTION,staging-stg,DIMENSION.PROMOTION,dw-dimension,DIM_Load_Promotion,proc:INTEGRATION.USP_MIGRATESTAGEDPROMOTIONDATA
STG.PROMOTION,staging-stg,INTEGRATION.DIMENSIONLOADAUDIT,dw-integration,DIM_Load_Promotion,proc:INTEGRATION.USP_MIGRATESTAGEDPROMOTIONDATA
STG.PROMOTION,staging-stg,INTEGRATION.INFERREDMEMBERQUEUE,dw-integration,DIM_Load_Promotion,proc:INTEGRATION.USP_MIGRATESTAGEDPROMOTIONDATA
STG.PROMOTION,staging-stg,WORK.PROMOTIONREDEMPTION,staging-work,SLS_Load_PromotionRedemption,direct
STG.PROMOTION,staging-stg,WORK.PROMOTIONSPILL,staging-work,SLS_Load_PromotionRedemption,direct
STG.PROMOTIONREDEMPTION,staging-stg,AGGREGATE.PROMOTION EFFECTIVENESS,dw-aggregate,SLS_Load_PromotionRedemption,direct
STG.PROMOTIONREDEMPTION,staging-stg,WORK.PROMOTIONREDEMPTION,staging-work,SLS_Load_PromotionRedemption,direct
STG.PROMOTIONREDEMPTION,staging-stg,WORK.PROMOTIONSPILL,staging-work,SLS_Load_PromotionRedemption,direct
STG.PURCHASE,staging-stg,FACT.PURCHASE,dw-fact,FACT_Load_Purchase,direct
STG.PURCHASE,staging-stg,WORK.LATEARRIVINGDIMENSIONQUEUE,staging-work,FACT_Load_Purchase,direct
STG.PURCHASE,staging-stg,WORK.PURCHASELINEENRICHED,staging-work,FACT_Load_Purchase,direct
STG.PURCHASEORDERHEADER,staging-stg,AGGREGATE.SUPPLIER PERFORMANCE,dw-aggregate,PRC_Load_ContractCompliance,direct
STG.PURCHASEORDERHEADER,staging-stg,AGGREGATE.SUPPLIER PERFORMANCE,dw-aggregate,PRC_Load_SupplierScorecard,direct
STG.PURCHASEORDERHEADER,staging-stg,FACT.PURCHASE RECEIPT,dw-fact,PRC_Load_ReceiptMatching,direct
STG.PURCHASEORDERHEADER,staging-stg,WORK.CONTRACTCOMPLIANCE,staging-work,PRC_Load_ContractCompliance,direct
STG.PURCHASEORDERHEADER,staging-stg,WORK.PURCHASESPENDLINE,staging-work,PRC_Load_PurchaseSpend,direct
STG.PURCHASEORDERHEADER,staging-stg,WORK.RECEIPTGRNI,staging-work,PRC_Load_ReceiptMatching,direct
STG.PURCHASEORDERHEADER,staging-stg,WORK.RECEIPTMATCH,staging-work,PRC_Load_ReceiptMatching,direct
STG.PURCHASEORDERHEADER,staging-stg,WORK.RECEIPTMATCHEXCEPTION,staging-work,PRC_Load_ReceiptMatching,direct
STG.PURCHASEORDERHEADER,staging-stg,WORK.SUPPLIERSCORECARD,staging-work,PRC_Load_SupplierScorecard,direct
STG.PURCHASEORDERLINE,staging-stg,AGGREGATE.SUPPLIER PERFORMANCE,dw-aggregate,PRC_Load_ContractCompliance,direct
STG.PURCHASEORDERLINE,staging-stg,AGGREGATE.SUPPLIER PERFORMANCE,dw-aggregate,PRC_Load_SupplierScorecard,direct
STG.PURCHASEORDERLINE,staging-stg,FACT.PURCHASE RECEIPT,dw-fact,PRC_Load_ReceiptMatching,direct
STG.PURCHASEORDERLINE,staging-stg,WORK.CONTRACTCOMPLIANCE,staging-work,PRC_Load_ContractCompliance,direct
STG.PURCHASEORDERLINE,staging-stg,WORK.PURCHASESPENDLINE,staging-work,PRC_Load_PurchaseSpend,direct
STG.PURCHASEORDERLINE,staging-stg,WORK.RECEIPTGRNI,staging-work,PRC_Load_ReceiptMatching,direct
STG.PURCHASEORDERLINE,staging-stg,WORK.RECEIPTMATCH,staging-work,PRC_Load_ReceiptMatching,direct
STG.PURCHASEORDERLINE,staging-stg,WORK.RECEIPTMATCHEXCEPTION,staging-work,PRC_Load_ReceiptMatching,direct
STG.PURCHASEORDERLINE,staging-stg,WORK.SUPPLIERSCORECARD,staging-work,PRC_Load_SupplierScorecard,direct
STG.PURCHASERECEIPT,staging-stg,FACT.PURCHASE RECEIPT,dw-fact,FACT_Load_PurchaseReceipt,direct
STG.PURCHASERECEIPT,staging-stg,WORK.PURCHASELINEENRICHED,staging-work,FACT_Load_PurchaseReceipt,direct
STG.QUALITYINSPECTIONRESULT,staging-stg,FACT.PURCHASE RECEIPT,dw-fact,FACT_Load_PurchaseReceipt,proc:INTEGRATION.USP_LOADFACTPURCHASERECEIPT
STG.RECEIPT,staging-stg,AGGREGATE.SUPPLIER PERFORMANCE,dw-aggregate,PRC_Load_SupplierScorecard,direct
STG.RECEIPT,staging-stg,FACT.PURCHASE RECEIPT,dw-fact,PRC_Load_ReceiptMatching,direct
STG.RECEIPT,staging-stg,WORK.RECEIPTGRNI,staging-work,PRC_Load_ReceiptMatching,direct
STG.RECEIPT,staging-stg,WORK.RECEIPTMATCH,staging-work,PRC_Load_ReceiptMatching,direct
STG.RECEIPT,staging-stg,WORK.RECEIPTMATCHEXCEPTION,staging-work,PRC_Load_ReceiptMatching,direct
STG.RECEIPT,staging-stg,WORK.SUPPLIERSCORECARD,staging-work,PRC_Load_SupplierScorecard,direct
STG.RETURN,staging-stg,FACT.RETURN,dw-fact,FACT_Load_Return,direct
STG.RETURNAUTHORISATION,staging-stg,FACT.RETURN,dw-fact,FACT_Load_Return,proc:INTEGRATION.USP_LOADFACTRETURN
STG.RETURNAUTHORISATIONLINE,staging-stg,FACT.RETURN,dw-fact,FACT_Load_Return,proc:INTEGRATION.USP_LOADFACTRETURN
STG.SALE,staging-stg,STG.SALELINE,staging-stg,STG_Load_Sale,proc:STG.USP_APPENDINCREMENTAL_SALELINE
STG.SALELINE,staging-stg,AGGREGATE.REGIONAL SALES PERFORMANCE,dw-aggregate,SLS_Load_QuotaAttainment,direct
STG.SALELINE,staging-stg,FACT.SALE,dw-fact,FACT_APAC_Load_Sale,direct
STG.SALELINE,staging-stg,FACT.SALE,dw-fact,FACT_EU_Load_Sale,direct
STG.SALELINE,staging-stg,FACT.SALE,dw-fact,FACT_NA_Load_Sale,direct
STG.SALELINE,staging-stg,STG.SALELINE,staging-stg,STG_Load_Sale,proc:STG.USP_APPENDINCREMENTAL_SALELINE
STG.SALELINE,staging-stg,WORK.COMMISSIONAPAC,staging-work,SLS_APAC_Load_Commission,direct
STG.SALELINE,staging-stg,WORK.COMMISSIONEU,staging-work,SLS_EU_Load_Commission,direct
STG.SALELINE,staging-stg,WORK.COMMISSIONEUHELD,staging-work,SLS_EU_Load_Commission,direct
STG.SALELINE,staging-stg,WORK.COMMISSIONNA,staging-work,SLS_NA_Load_Commission,direct
STG.SALELINE,staging-stg,WORK.CURRENCYCONVERSIONSCRATCH,staging-work,FACT_APAC_Load_Sale,direct
STG.SALELINE,staging-stg,WORK.CURRENCYCONVERSIONSCRATCH,staging-work,FACT_EU_Load_Sale,direct
STG.SALELINE,staging-stg,WORK.LATEARRIVINGDIMENSIONQUEUE,staging-work,FACT_APAC_Load_Sale,direct
STG.SALELINE,staging-stg,WORK.LATEARRIVINGDIMENSIONQUEUE,staging-work,FACT_EU_Load_Sale,direct
STG.SALELINE,staging-stg,WORK.LATEARRIVINGDIMENSIONQUEUE,staging-work,FACT_NA_Load_Sale,direct
STG.SALELINE,staging-stg,WORK.QUOTAATTAINMENT,staging-work,SLS_Load_QuotaAttainment,direct
STG.SALESBUDGET,staging-stg,AGGREGATE.REGIONAL SALES PERFORMANCE,dw-aggregate,AGG_Refresh_RegionalSalesPerformance,proc:INTEGRATION.USP_REFRESHAGGREGATEREGIONALSALES
STG.SALESORDERHEADER,staging-stg,FACT.ORDER,dw-fact,FACT_Load_Order,proc:INTEGRATION.USP_LOADFACTORDER
STG.SALESORDERLINE,staging-stg,FACT.ORDER,dw-fact,FACT_Load_Order,proc:INTEGRATION.USP_LOADFACTORDER
STG.SALESPERSON,staging-stg,DIMENSION.SALESPERSON,dw-dimension,DIM_Load_Salesperson,direct
STG.SALESPERSON,staging-stg,DIMENSION.SALESPERSON TERRITORY BRIDGE,dw-dimension,DIM_Load_Salesperson,direct
STG.SALESQUOTA,staging-stg,AGGREGATE.REGIONAL SALES PERFORMANCE,dw-aggregate,SLS_Load_QuotaAttainment,direct
STG.SALESQUOTA,staging-stg,WORK.QUOTAATTAINMENT,staging-work,SLS_Load_QuotaAttainment,direct
STG.SALESTERRITORY,staging-stg,AGGREGATE.REGIONAL SALES PERFORMANCE,dw-aggregate,SLS_Load_QuotaAttainment,direct
STG.SALESTERRITORY,staging-stg,DIMENSION.EMPLOYEE TERRITORY BRIDGE,dw-dimension,DIM_Load_SalesTerritory,proc:INTEGRATION.USP_MIGRATESTAGEDSALESTERRITORYDATA
STG.SALESTERRITORY,staging-stg,DIMENSION.SALES TERRITORY,dw-dimension,DIM_Load_SalesTerritory,direct
STG.SALESTERRITORY,staging-stg,DIMENSION.SALES TERRITORY,dw-dimension,DIM_Load_SalesTerritory,proc:INTEGRATION.USP_MIGRATESTAGEDSALESTERRITORYDATA
STG.SALESTERRITORY,staging-stg,INTEGRATION.DIMENSIONLOADAUDIT,dw-integration,DIM_Load_SalesTerritory,proc:INTEGRATION.USP_MIGRATESTAGEDSALESTERRITORYDATA
STG.SALESTERRITORY,staging-stg,STG.GEOGRAPHY,staging-stg,STG_Load_Geography,direct
STG.SALESTERRITORY,staging-stg,WORK.PRODUCTCROSSWALK,staging-work,DIM_Load_SalesTerritory,direct
STG.SALESTERRITORY,staging-stg,WORK.QUOTAATTAINMENT,staging-work,SLS_Load_QuotaAttainment,direct
STG.SEPAREMITTANCE,staging-stg,FACT.PAYMENT,dw-fact,FACT_Load_Payment,proc:INTEGRATION.USP_LOADFACTPAYMENT
STG.SHIPMENT,staging-stg,FACT.SHIPMENT,dw-fact,FACT_Load_Shipment,direct
STG.SHIPMENT,staging-stg,STG.SHIPMENT,staging-stg,STG_Load_Shipment,proc:STG.USP_APPENDINCREMENTAL_SHIPMENT
STG.SHIPMENT,staging-stg,STG.SHIPMENTLINE,staging-stg,STG_Load_Shipment,proc:STG.USP_APPENDINCREMENTAL_SHIPMENT
STG.SHIPMENT,staging-stg,WORK.ORDERLINEENRICHED,staging-work,FACT_Load_Shipment,direct
STG.SHIPMENTLINE,staging-stg,STG.SHIPMENT,staging-stg,STG_Load_Shipment,proc:STG.USP_APPENDINCREMENTAL_SHIPMENT
STG.SHIPMENTLINE,staging-stg,STG.SHIPMENTLINE,staging-stg,STG_Load_Shipment,proc:STG.USP_APPENDINCREMENTAL_SHIPMENT
STG.STOCKHOLDING,staging-stg,FACT.STOCK HOLDING,dw-fact,FACT_Load_StockHolding,direct
STG.STOCKITEM,staging-stg,AGGREGATE.DAILY INVENTORY HEALTH,dw-aggregate,INV_Load_Replenishment,direct
STG.STOCKITEM,staging-stg,DIMENSION.STOCK ITEM,dw-dimension,DIM_Load_StockItem,direct
STG.STOCKITEM,staging-stg,FACT.DAILY INVENTORY SNAPSHOT,dw-fact,INV_Load_DailySnapshot,direct
STG.STOCKITEM,staging-stg,STG.ORDERLINE,staging-stg,DQ_Reject_Reprocess,direct
STG.STOCKITEM,staging-stg,STG.ORDERLINE,staging-stg,STG_Load_Order,proc:STG.USP_APPENDINCREMENTAL_ORDERLINE
STG.STOCKITEM,staging-stg,STG.SALELINE,staging-stg,STG_Load_Sale,proc:STG.USP_APPENDINCREMENTAL_SALELINE
STG.STOCKITEM,staging-stg,STG.STOCKMOVEMENT,staging-stg,STG_Load_StockMovement,proc:STG.USP_APPENDINCREMENTAL_STOCKMOVEMENT
STG.STOCKITEM,staging-stg,WORK.CYCLECOUNTVARIANCE,staging-work,INV_Load_CycleCountVariance,direct
STG.STOCKITEM,staging-stg,WORK.INVENTORYPOSITIONDAILY,staging-work,STG_Work_InventoryPosition,direct
STG.STOCKITEM,staging-stg,WORK.LATEARRIVINGDIMENSIONQUEUE,staging-work,DIM_Load_StockItem,direct
STG.STOCKITEM,staging-stg,WORK.LATEARRIVINGDIMENSIONQUEUE,staging-work,STG_Load_Order,proc:STG.USP_APPENDINCREMENTAL_ORDERLINE
STG.STOCKITEM,staging-stg,WORK.PRODUCTCROSSWALK,staging-work,DIM_Load_StockItem,direct
STG.STOCKITEM,staging-stg,WORK.PRODUCTCROSSWALK,staging-work,STG_Work_ProductCrosswalk,direct
STG.STOCKITEM,staging-stg,WORK.PRODUCTCROSSWALKFEED,staging-work,STG_Work_ProductCrosswalk,direct
STG.STOCKITEM,staging-stg,WORK.REPLENISHMENTSUGGESTION,staging-work,INV_Load_Replenishment,direct
STG.STOCKITEM,staging-stg,WORK.STOCKTRANSFERMOVEMENT,staging-work,INV_Load_StockTransfer,direct
STG.STOCKITEM,staging-stg,WORK.STOCKTRANSFERRECEIPTONLY,staging-work,INV_Load_StockTransfer,direct
STG.STOCKMOVEMENT,staging-stg,DIMENSION.WAREHOUSE SITE,dw-dimension,REF_Load_WarehouseSite,direct
STG.STOCKMOVEMENT,staging-stg,STG.STOCKMOVEMENT,staging-stg,STG_Load_StockMovement,proc:STG.USP_APPENDINCREMENTAL_STOCKMOVEMENT
STG.STOCKMOVEMENT,staging-stg,WORK.INVENTORYPOSITIONDAILY,staging-work,STG_Work_InventoryPosition,direct
STG.STOCKMOVEMENT,staging-stg,WORK.INVENTORYPOSITIONDAILY,staging-work,STG_Work_InventoryPosition,proc:WORK.USP_BUILDINVENTORYPOSITIONDAILY
STG.STOCKMOVEMENT,staging-stg,WORK.STOCKTRANSFERMOVEMENT,staging-work,INV_Load_StockTransfer,direct
STG.STOCKMOVEMENT,staging-stg,WORK.STOCKTRANSFERRECEIPTONLY,staging-work,INV_Load_StockTransfer,direct
STG.STOCKPOSITION,staging-stg,FACT.STOCK HOLDING,dw-fact,FACT_Load_StockHolding,proc:INTEGRATION.USP_LOADFACTSTOCKHOLDING
STG.STOCKPOSITION,staging-stg,FACT.STOCK HOLDING SWITCH,dw-fact,FACT_Load_StockHolding,proc:INTEGRATION.USP_LOADFACTSTOCKHOLDING
STG.SUPPLIER,staging-stg,AGGREGATE.SUPPLIER PERFORMANCE,dw-aggregate,PRC_Load_SupplierScorecard,direct
STG.SUPPLIER,staging-stg,DIMENSION.SUPPLIER,dw-dimension,DIM_Load_Supplier,direct
STG.SUPPLIER,staging-stg,DIMENSION.SUPPLIER,dw-dimension,DIM_Load_Supplier,proc:INTEGRATION.USP_MIGRATESTAGEDSUPPLIERDATAV2
STG.SUPPLIER,staging-stg,INTEGRATION.DIMENSIONLOADAUDIT,dw-integration,DIM_Load_Supplier,proc:INTEGRATION.USP_MIGRATESTAGEDSUPPLIERDATAV2
STG.SUPPLIER,staging-stg,STG.PAYMENT,staging-stg,STG_Load_Payment,proc:STG.USP_APPENDINCREMENTAL_PAYMENT
STG.SUPPLIER,staging-stg,STG.SUPPLIER,staging-stg,STG_Load_Supplier,proc:STG.USP_NORMALIZESUPPLIER
STG.SUPPLIER,staging-stg,STG.VENDORCONTRACT,staging-stg,STG_Load_VendorContract,direct
STG.SUPPLIER,staging-stg,WORK.SUPPLIERDEDUP,staging-work,DIM_Load_Supplier,direct
STG.SUPPLIER,staging-stg,WORK.SUPPLIERSCORECARD,staging-work,PRC_Load_SupplierScorecard,direct
STG.SUPPLIERPAYMENT,staging-stg,FACT.SUPPLIER PAYMENT,dw-fact,FACT_Load_SupplierPayment,direct
STG.SUPPLIERTRANSACTION,staging-stg,FACT.SUPPLIER TRANSACTION,dw-fact,FACT_Load_SupplierTransaction,direct
STG.TAXRATE,staging-stg,DIMENSION.CUSTOMER,dw-dimension,DIM_EU_Load_Customer,direct
STG.TAXRATE,staging-stg,FACT.SALE,dw-fact,FACT_APAC_Load_Sale,direct
STG.TAXRATE,staging-stg,FACT.SALE,dw-fact,FACT_EU_Load_Sale,direct
STG.TAXRATE,staging-stg,FACT.SALE,dw-fact,FACT_NA_Load_Sale,direct
STG.TAXRATE,staging-stg,STG.APINVOICE,staging-stg,STG_Load_ApInvoice,direct
STG.TAXRATE,staging-stg,STG.APINVOICELINE,staging-stg,STG_Load_ApInvoice,direct
STG.TAXRATE,staging-stg,WORK.CURRENCYCONVERSIONSCRATCH,staging-work,FACT_APAC_Load_Sale,direct
STG.TAXRATE,staging-stg,WORK.CURRENCYCONVERSIONSCRATCH,staging-work,FACT_EU_Load_Sale,direct
STG.TAXRATE,staging-stg,WORK.CUSTOMERDEDUP,staging-work,DIM_EU_Load_Customer,direct
STG.TAXRATE,staging-stg,WORK.LATEARRIVINGDIMENSIONQUEUE,staging-work,FACT_APAC_Load_Sale,direct
STG.TAXRATE,staging-stg,WORK.LATEARRIVINGDIMENSIONQUEUE,staging-work,FACT_EU_Load_Sale,direct
STG.TAXRATE,staging-stg,WORK.LATEARRIVINGDIMENSIONQUEUE,staging-work,FACT_NA_Load_Sale,direct
STG.TRANSACTION,staging-stg,FACT.TRANSACTION,dw-fact,FACT_Load_Transaction,direct
STG.TRANSFERPRICE,staging-stg,WORK.STOCKTRANSFERMOVEMENT,staging-work,INV_Load_StockTransfer,direct
STG.TRANSFERPRICE,staging-stg,WORK.STOCKTRANSFERRECEIPTONLY,staging-work,INV_Load_StockTransfer,direct
STG.UFN_SAFEDATE,staging-stg,STG.SHIPMENT,staging-stg,STG_Load_Shipment,proc:STG.USP_APPENDINCREMENTAL_SHIPMENT
STG.UFN_SAFEDATE,staging-stg,STG.SHIPMENTLINE,staging-stg,STG_Load_Shipment,proc:STG.USP_APPENDINCREMENTAL_SHIPMENT
STG.UFN_SAFEDECIMAL,staging-stg,STG.SHIPMENT,staging-stg,STG_Load_Shipment,proc:STG.USP_APPENDINCREMENTAL_SHIPMENT
STG.UFN_SAFEDECIMAL,staging-stg,STG.SHIPMENTLINE,staging-stg,STG_Load_Shipment,proc:STG.USP_APPENDINCREMENTAL_SHIPMENT
STG.VENDORCONTRACT,staging-stg,AGGREGATE.SUPPLIER PERFORMANCE,dw-aggregate,PRC_Load_ContractCompliance,direct
STG.VENDORCONTRACT,staging-stg,DIMENSION.VENDOR CONTRACT,dw-dimension,DIM_Load_VendorContract,direct
STG.VENDORCONTRACT,staging-stg,DIMENSION.VENDOR CONTRACT,dw-dimension,DIM_Load_VendorContract,proc:INTEGRATION.USP_MIGRATESTAGEDVENDORCONTRACTDATA
STG.VENDORCONTRACT,staging-stg,INTEGRATION.DIMENSIONLOADAUDIT,dw-integration,DIM_Load_VendorContract,proc:INTEGRATION.USP_MIGRATESTAGEDVENDORCONTRACTDATA
STG.VENDORCONTRACT,staging-stg,WORK.CONTRACTCOMPLIANCE,staging-work,PRC_Load_ContractCompliance,direct
STG.VENDORCONTRACT,staging-stg,WORK.PURCHASESPENDLINE,staging-work,PRC_Load_PurchaseSpend,direct
STG.VENDORCONTRACTPRICE,staging-stg,FACT.PURCHASE,dw-fact,FACT_Load_Purchase,proc:INTEGRATION.USP_LOADFACTPURCHASE
STG.WAREHOUSESITE,staging-stg,WORK.STOCKTRANSFERMOVEMENT,staging-work,INV_Load_StockTransfer,direct
STG.WAREHOUSESITE,staging-stg,WORK.STOCKTRANSFERRECEIPTONLY,staging-work,INV_Load_StockTransfer,direct
STG.WEBPAGEEVENT,staging-stg,FACT.WEB SESSION,dw-fact,FACT_Load_WebSession,proc:INTEGRATION.USP_LOADFACTWEBSESSION
STG.WEBSESSION,staging-stg,FACT.WEB SESSION,dw-fact,FACT_Load_WebSession,direct
STG.WEBSESSIONRAW,staging-stg,FACT.WEB SESSION,dw-fact,FACT_Load_WebSession,proc:INTEGRATION.USP_LOADFACTWEBSESSION
STG.WITHHOLDINGTAXRATE,staging-stg,WORK.WITHHOLDINGCERTIFICATEQUEUE,staging-work,FIN_Load_WithholdingTax,direct
STG.WITHHOLDINGTAXRATE,staging-stg,WORK.WITHHOLDINGTAXLINE,staging-work,FIN_Load_WithholdingTax,direct
WAREHOUSE.BINS,oltp,RAW.SQLSTOCKMOVEMENT,staging-raw,EXT_SQL_StockMovements,direct
WAREHOUSE.REPLENISHMENTRULES,oltp,RAW.SQLSTOCKITEM,staging-raw,EXT_SQL_StockItems,direct
WAREHOUSE.STOCKITEMHOLDINGS,oltp,RAW.SQLSTOCKITEM,staging-raw,EXT_SQL_StockItems,direct
WAREHOUSE.STOCKITEMS,oltp,RAW.SQLINVOICELINE,staging-raw,EXT_SQL_InvoiceLines,direct
WAREHOUSE.STOCKITEMS,oltp,RAW.SQLSTOCKITEM,staging-raw,EXT_SQL_StockItems,direct
WAREHOUSE.STOCKITEMTRANSACTIONS,oltp,RAW.SQLSTOCKMOVEMENT,staging-raw,EXT_SQL_StockMovements,direct
WAREHOUSE.STOCKTRANSFERLINES,oltp,RAW.SQLSTOCKMOVEMENT,staging-raw,EXT_SQL_StockTransfers,direct
WAREHOUSE.STOCKTRANSFERS,oltp,RAW.SQLSTOCKMOVEMENT,staging-raw,EXT_SQL_StockTransfers,direct
WAREHOUSE.VW_STOCKMOVEMENTEXTRACT,oltp,RAW.SQLSTOCKMOVEMENT,staging-raw,EXT_SQL_StockMovements,direct
WAREHOUSE.WAREHOUSESITES,oltp,RAW.SQLSTOCKMOVEMENT,staging-raw,EXT_SQL_StockMovements,direct
WAREHOUSE.WAREHOUSESITES,oltp,RAW.SQLSTOCKMOVEMENT,staging-raw,EXT_SQL_StockTransfers,direct
WORK.APAGINGSTAGING,staging-work,WORK.APAGINGSTAGING,staging-work,FIN_Load_ApAging,direct
WORK.BADFILEQUEUE,staging-work,WORK.BADFILEQUEUE,staging-work,ERR_Quarantine_BadFiles,direct
WORK.CHURNFEATURESET,staging-work,CUSTOMER360.CUSTOMERCHURNFLAG,customer360,C360_Build_ChurnFlags,direct
WORK.CHURNFEATURESET,staging-work,WORK.CUSTOMERCHURNFLAG,staging-work,C360_Build_ChurnFlags,direct
WORK.CHURNFEATURESET,staging-work,WORK.CUSTOMERCHURNHIGHRISK,staging-work,C360_Build_ChurnFlags,direct
WORK.CHURNFEATURESET,staging-work,WORK.CUSTOMEROUTREACHQUEUE,staging-work,C360_Build_ChurnFlags,direct
WORK.COMMISSIONAPAC,staging-work,WORK.COMMISSIONAPAC,staging-work,SLS_APAC_Load_Commission,direct
WORK.COMMISSIONEU,staging-work,WORK.COMMISSIONEU,staging-work,SLS_EU_Load_Commission,direct
WORK.COMMISSIONEU,staging-work,WORK.COMMISSIONEUHELD,staging-work,SLS_EU_Load_Commission,direct
WORK.COMMISSIONEUHELD,staging-work,WORK.COMMISSIONEU,staging-work,SLS_EU_Load_Commission,direct
WORK.COMMISSIONEUHELD,staging-work,WORK.COMMISSIONEUHELD,staging-work,SLS_EU_Load_Commission,direct
WORK.CONFIGURATIONVALIDATION,staging-work,WORK.CONFIGURATIONVALIDATION,staging-work,MNT_Validate_Configuration,direct
WORK.CONTRACTCOMPLIANCE,staging-work,AGGREGATE.SUPPLIER PERFORMANCE,dw-aggregate,PRC_Load_ContractCompliance,direct
WORK.CONTRACTCOMPLIANCE,staging-work,WORK.CONTRACTCOMPLIANCE,staging-work,PRC_Load_ContractCompliance,direct
WORK.COSTALLOCATIONRESULT,staging-work,AGGREGATE.FINANCE CLOSE SUMMARY,dw-aggregate,FIN_Load_CostAllocation,direct
WORK.COSTALLOCATIONRESULT,staging-work,WORK.COSTALLOCATIONRESULT,staging-work,FIN_Load_CostAllocation,direct
WORK.CURRENCYCONVERSIONSCRATCH,staging-work,FACT.SALE,dw-fact,FACT_EU_Load_Sale,direct
WORK.CURRENCYCONVERSIONSCRATCH,staging-work,WORK.CURRENCYCONVERSIONSCRATCH,staging-work,FACT_EU_Load_Sale,direct
WORK.CURRENCYCONVERSIONSCRATCH,staging-work,WORK.CURRENCYCONVERSIONSCRATCH,staging-work,STG_Load_ApInvoice,proc:STG.USP_CONVERTCURRENCYAMOUNTS
WORK.CURRENCYCONVERSIONSCRATCH,staging-work,WORK.CURRENCYCONVERSIONSCRATCH,staging-work,STG_Load_Currency,proc:STG.USP_CONVERTCURRENCYAMOUNTS
WORK.CURRENCYCONVERSIONSCRATCH,staging-work,WORK.CURRENCYCONVERSIONSCRATCH,staging-work,STG_Load_GlJournal,proc:STG.USP_CONVERTCURRENCYAMOUNTS
WORK.CURRENCYCONVERSIONSCRATCH,staging-work,WORK.LATEARRIVINGDIMENSIONQUEUE,staging-work,FACT_EU_Load_Sale,direct
WORK.CUSTOMERADDRESSSTANDARDISED,staging-work,WORK.CUSTOMERADDRESSSTANDARDISED,staging-work,C360_Build_CustomerProfile,direct
WORK.CUSTOMERADDRESSSTANDARDISED,staging-work,WORK.CUSTOMERIDENTITYGRAPH,staging-work,C360_Build_CustomerProfile,direct
WORK.CUSTOMERADDRESSSTANDARDISED,staging-work,WORK.CUSTOMERPROFILE,staging-work,C360_Build_CustomerProfile,direct
WORK.CUSTOMERCHURNHIGHRISK,staging-work,CUSTOMER360.CUSTOMERCHURNFLAG,customer360,C360_Build_ChurnFlags,direct
WORK.CUSTOMERCHURNHIGHRISK,staging-work,WORK.CUSTOMERCHURNFLAG,staging-work,C360_Build_ChurnFlags,direct
WORK.CUSTOMERCHURNHIGHRISK,staging-work,WORK.CUSTOMERCHURNHIGHRISK,staging-work,C360_Build_ChurnFlags,direct
WORK.CUSTOMERCHURNHIGHRISK,staging-work,WORK.CUSTOMEROUTREACHQUEUE,staging-work,C360_Build_ChurnFlags,direct
WORK.CUSTOMERDEDUP,staging-work,REF.SOURCEKEYCROSSWALK,reference,STG_Work_CustomerDedup,proc:STG.USP_DEDUPLICATECUSTOMER
WORK.CUSTOMERDEDUP,staging-work,STG.CUSTOMER,staging-stg,STG_Work_CustomerDedup,proc:STG.USP_DEDUPLICATECUSTOMER
WORK.CUSTOMERDEDUP,staging-work,WORK.CUSTOMERDEDUP,staging-work,STG_Work_CustomerDedup,proc:STG.USP_DEDUPLICATECUSTOMER
WORK.CUSTOMERIDENTITYGRAPH,staging-work,WORK.CUSTOMERADDRESSSTANDARDISED,staging-work,C360_Build_CustomerProfile,direct
WORK.CUSTOMERIDENTITYGRAPH,staging-work,WORK.CUSTOMERIDENTITYGRAPH,staging-work,C360_Build_CustomerProfile,direct
WORK.CUSTOMERIDENTITYGRAPH,staging-work,WORK.CUSTOMERPROFILE,staging-work,C360_Build_CustomerProfile,direct
WORK.CUSTOMEROUTREACHQUEUE,staging-work,CUSTOMER360.CUSTOMERCHURNFLAG,customer360,C360_Build_ChurnFlags,direct
WORK.CUSTOMEROUTREACHQUEUE,staging-work,WORK.CUSTOMERCHURNFLAG,staging-work,C360_Build_ChurnFlags,direct
WORK.CUSTOMEROUTREACHQUEUE,staging-work,WORK.CUSTOMERCHURNHIGHRISK,staging-work,C360_Build_ChurnFlags,direct
WORK.CUSTOMEROUTREACHQUEUE,staging-work,WORK.CUSTOMEROUTREACHQUEUE,staging-work,C360_Build_ChurnFlags,direct
WORK.CUSTOMERPAYMENTSUMMARY,staging-work,WORK.CUSTOMERADDRESSSTANDARDISED,staging-work,C360_Build_CustomerProfile,direct
WORK.CUSTOMERPAYMENTSUMMARY,staging-work,WORK.CUSTOMERIDENTITYGRAPH,staging-work,C360_Build_CustomerProfile,direct
WORK.CUSTOMERPAYMENTSUMMARY,staging-work,WORK.CUSTOMERPROFILE,staging-work,C360_Build_CustomerProfile,direct
WORK.CUSTOMERPROFILE,staging-work,WORK.CUSTOMERADDRESSSTANDARDISED,staging-work,C360_Build_CustomerProfile,direct
WORK.CUSTOMERPROFILE,staging-work,WORK.CUSTOMERIDENTITYGRAPH,staging-work,C360_Build_CustomerProfile,direct
WORK.CUSTOMERPROFILE,staging-work,WORK.CUSTOMERPROFILE,staging-work,C360_Build_CustomerProfile,direct
WORK.CUSTOMERROLLINGMETRIC,staging-work,CUSTOMER360.CUSTOMERROLLINGMETRIC,customer360,C360_Build_RollingMetrics,direct
WORK.CUSTOMERROLLINGMETRIC,staging-work,WORK.CUSTOMERROLLINGMETRIC,staging-work,C360_Build_RollingMetrics,direct
WORK.CUSTOMERSALESSUMMARY,staging-work,WORK.CUSTOMERADDRESSSTANDARDISED,staging-work,C360_Build_CustomerProfile,direct
WORK.CUSTOMERSALESSUMMARY,staging-work,WORK.CUSTOMERIDENTITYGRAPH,staging-work,C360_Build_CustomerProfile,direct
WORK.CUSTOMERSALESSUMMARY,staging-work,WORK.CUSTOMERPROFILE,staging-work,C360_Build_CustomerProfile,direct
WORK.CUSTOMERSEGMENT,staging-work,CUSTOMER360.CUSTOMERSEGMENT,customer360,C360_Publish_Segments,direct
WORK.CUSTOMERSEGMENT,staging-work,WORK.CUSTOMERSEGMENT,staging-work,C360_Publish_Segments,direct
WORK.CUSTOMERSEGMENT,staging-work,WORK.CUSTOMERSEGMENTPREVIOUS,staging-work,C360_Publish_Segments,direct
WORK.CUSTOMERSEGMENTPREVIOUS,staging-work,CUSTOMER360.CUSTOMERSEGMENT,customer360,C360_Publish_Segments,direct
WORK.CUSTOMERSEGMENTPREVIOUS,staging-work,WORK.CUSTOMERSEGMENT,staging-work,C360_Publish_Segments,direct
WORK.CUSTOMERSEGMENTPREVIOUS,staging-work,WORK.CUSTOMERSEGMENTPREVIOUS,staging-work,C360_Publish_Segments,direct
WORK.CYCLECOUNTVARIANCE,staging-work,WORK.CYCLECOUNTVARIANCE,staging-work,INV_Load_CycleCountVariance,direct
WORK.FACTREKEYQUEUE,staging-work,FACT.ORDER,dw-fact,FACT_Apply_Corrections,direct
WORK.FACTREKEYQUEUE,staging-work,FACT.PAYMENT,dw-fact,FACT_Apply_Corrections,direct
WORK.FACTREKEYQUEUE,staging-work,FACT.SALE,dw-fact,FACT_Apply_Corrections,direct
WORK.FACTREKEYQUEUE,staging-work,WORK.FACTREKEYQUEUE,staging-work,DIM_Rekey_LateArriving,direct
WORK.FACTREKEYQUEUE,staging-work,WORK.FACTREKEYQUEUE,staging-work,FACT_Apply_Corrections,direct
WORK.FACTREKEYQUEUE,staging-work,WORK.LATEARRIVINGDIMENSIONQUEUE,staging-work,DIM_Rekey_LateArriving,direct
WORK.FACTREKEYQUEUE,staging-work,WORK.ORDERLINEENRICHED,staging-work,FACT_Apply_Corrections,direct
WORK.FACTREKEYQUEUE,staging-work,WORK.PAYMENTMATCHED,staging-work,FACT_Apply_Corrections,direct
WORK.FACTREKEYQUEUE,staging-work,WORK.SALELINEENRICHED,staging-work,FACT_Apply_Corrections,direct
WORK.FILEARCHIVEQUEUE,staging-work,WORK.FILEARCHIVEQUEUE,staging-work,MNT_Archive_ProcessedFiles,direct
WORK.FXREVALUATIONRATE,staging-work,FACT.PAYMENT,dw-fact,FIN_Currency_Revaluation,direct
WORK.FXREVALUATIONRATE,staging-work,WORK.FXREVALUATIONRATE,staging-work,FIN_Currency_Revaluation,direct
WORK.FXREVALUATIONRATE,staging-work,WORK.PARTNERFEEDARCHIVE,staging-work,SLS_Export_PartnerFeed,direct
WORK.FXREVALUATIONRATE,staging-work,WORK.PARTNERFEEDROW,staging-work,SLS_Export_PartnerFeed,direct
WORK.INDEXMAINTENANCEPLAN,staging-work,WORK.INDEXMAINTENANCEPLAN,staging-work,MNT_Rebuild_Indexes,direct
WORK.INVENTORYPOSITIONDAILY,staging-work,AGGREGATE.DAILY INVENTORY HEALTH,dw-aggregate,INV_Load_Replenishment,direct
WORK.INVENTORYPOSITIONDAILY,staging-work,FACT.DAILY INVENTORY SNAPSHOT,dw-fact,INV_Load_DailySnapshot,direct
WORK.INVENTORYPOSITIONDAILY,staging-work,WORK.CYCLECOUNTVARIANCE,staging-work,INV_Load_CycleCountVariance,direct
WORK.INVENTORYPOSITIONDAILY,staging-work,WORK.INVENTORYPOSITIONDAILY,staging-work,STG_Work_InventoryPosition,proc:WORK.USP_BUILDINVENTORYPOSITIONDAILY
WORK.INVENTORYPOSITIONDAILY,staging-work,WORK.REPLENISHMENTSUGGESTION,staging-work,INV_Load_Replenishment,direct
WORK.LATEARRIVINGDIMENSIONQUEUE,staging-work,FACT.CUSTOMER TRANSACTION,dw-fact,FACT_Load_CustomerTransaction,direct
WORK.LATEARRIVINGDIMENSIONQUEUE,staging-work,FACT.MOVEMENT,dw-fact,FACT_Load_Movement,direct
WORK.LATEARRIVINGDIMENSIONQUEUE,staging-work,FACT.ORDER,dw-fact,FACT_Load_Order,direct
WORK.LATEARRIVINGDIMENSIONQUEUE,staging-work,FACT.PURCHASE,dw-fact,FACT_Load_Purchase,direct
WORK.LATEARRIVINGDIMENSIONQUEUE,staging-work,FACT.SALE,dw-fact,FACT_APAC_Load_Sale,direct
WORK.LATEARRIVINGDIMENSIONQUEUE,staging-work,FACT.SALE,dw-fact,FACT_EU_Load_Sale,direct
WORK.LATEARRIVINGDIMENSIONQUEUE,staging-work,FACT.SALE,dw-fact,FACT_NA_Load_Sale,direct
WORK.LATEARRIVINGDIMENSIONQUEUE,staging-work,WORK.CURRENCYCONVERSIONSCRATCH,staging-work,FACT_APAC_Load_Sale,direct
WORK.LATEARRIVINGDIMENSIONQUEUE,staging-work,WORK.CURRENCYCONVERSIONSCRATCH,staging-work,FACT_EU_Load_Sale,direct
WORK.LATEARRIVINGDIMENSIONQUEUE,staging-work,WORK.FACTREKEYQUEUE,staging-work,DIM_Rekey_LateArriving,direct
WORK.LATEARRIVINGDIMENSIONQUEUE,staging-work,WORK.LATEARRIVINGDIMENSIONQUEUE,staging-work,DIM_Rekey_LateArriving,direct
WORK.LATEARRIVINGDIMENSIONQUEUE,staging-work,WORK.LATEARRIVINGDIMENSIONQUEUE,staging-work,FACT_APAC_Load_Sale,direct
WORK.LATEARRIVINGDIMENSIONQUEUE,staging-work,WORK.LATEARRIVINGDIMENSIONQUEUE,staging-work,FACT_EU_Load_Sale,direct
WORK.LATEARRIVINGDIMENSIONQUEUE,staging-work,WORK.LATEARRIVINGDIMENSIONQUEUE,staging-work,FACT_Load_CustomerTransaction,direct
WORK.LATEARRIVINGDIMENSIONQUEUE,staging-work,WORK.LATEARRIVINGDIMENSIONQUEUE,staging-work,FACT_Load_Movement,direct
WORK.LATEARRIVINGDIMENSIONQUEUE,staging-work,WORK.LATEARRIVINGDIMENSIONQUEUE,staging-work,FACT_Load_Order,direct
WORK.LATEARRIVINGDIMENSIONQUEUE,staging-work,WORK.LATEARRIVINGDIMENSIONQUEUE,staging-work,FACT_Load_Purchase,direct
WORK.LATEARRIVINGDIMENSIONQUEUE,staging-work,WORK.LATEARRIVINGDIMENSIONQUEUE,staging-work,FACT_NA_Load_Sale,direct
WORK.LATEARRIVINGDIMENSIONQUEUE,staging-work,WORK.ORDERLINEENRICHED,staging-work,FACT_Load_Order,direct
WORK.LATEARRIVINGDIMENSIONQUEUE,staging-work,WORK.PURCHASELINEENRICHED,staging-work,FACT_Load_Purchase,direct
WORK.LOYALTYOVERLAY,staging-work,CUSTOMER360.CUSTOMERCHURNFLAG,customer360,C360_Build_ChurnFlags,direct
WORK.LOYALTYOVERLAY,staging-work,CUSTOMER360.LOYALTYOVERLAY,customer360,C360_Build_LoyaltyOverlay,direct
WORK.LOYALTYOVERLAY,staging-work,WORK.CUSTOMERCHURNFLAG,staging-work,C360_Build_ChurnFlags,direct
WORK.LOYALTYOVERLAY,staging-work,WORK.CUSTOMERCHURNHIGHRISK,staging-work,C360_Build_ChurnFlags,direct
WORK.LOYALTYOVERLAY,staging-work,WORK.CUSTOMEROUTREACHQUEUE,staging-work,C360_Build_ChurnFlags,direct
WORK.LOYALTYOVERLAY,staging-work,WORK.LOYALTYOVERLAY,staging-work,C360_Build_LoyaltyOverlay,direct
WORK.LOYALTYOVERLAY,staging-work,WORK.LOYALTYPOINTLEDGER,staging-work,C360_Build_LoyaltyOverlay,direct
WORK.LOYALTYOVERLAYCURRENT,staging-work,CUSTOMER360.LOYALTYOVERLAY,customer360,C360_Build_LoyaltyOverlay,direct
WORK.LOYALTYOVERLAYCURRENT,staging-work,WORK.LOYALTYOVERLAY,staging-work,C360_Build_LoyaltyOverlay,direct
WORK.LOYALTYOVERLAYCURRENT,staging-work,WORK.LOYALTYPOINTLEDGER,staging-work,C360_Build_LoyaltyOverlay,direct
WORK.LOYALTYPOINTLEDGER,staging-work,CUSTOMER360.LOYALTYOVERLAY,customer360,C360_Build_LoyaltyOverlay,direct
WORK.LOYALTYPOINTLEDGER,staging-work,WORK.LOYALTYOVERLAY,staging-work,C360_Build_LoyaltyOverlay,direct
WORK.LOYALTYPOINTLEDGER,staging-work,WORK.LOYALTYPOINTLEDGER,staging-work,C360_Build_LoyaltyOverlay,direct
WORK.LOYALTYQUALIFYINGSALE,staging-work,CUSTOMER360.LOYALTYOVERLAY,customer360,C360_Build_LoyaltyOverlay,direct
WORK.LOYALTYQUALIFYINGSALE,staging-work,WORK.LOYALTYOVERLAY,staging-work,C360_Build_LoyaltyOverlay,direct
WORK.LOYALTYQUALIFYINGSALE,staging-work,WORK.LOYALTYPOINTLEDGER,staging-work,C360_Build_LoyaltyOverlay,direct
WORK.ORDERLINEENRICHED,staging-work,FACT.ORDER,dw-fact,FACT_Apply_Corrections,direct
WORK.ORDERLINEENRICHED,staging-work,FACT.ORDER FULFILMENT,dw-fact,FACT_Load_OrderFulfilment,direct
WORK.ORDERLINEENRICHED,staging-work,FACT.PAYMENT,dw-fact,FACT_Apply_Corrections,direct
WORK.ORDERLINEENRICHED,staging-work,FACT.SALE,dw-fact,FACT_Apply_Corrections,direct
WORK.ORDERLINEENRICHED,staging-work,FACT.SHIPMENT,dw-fact,FACT_Load_Shipment,direct
WORK.ORDERLINEENRICHED,staging-work,WORK.FACTREKEYQUEUE,staging-work,FACT_Apply_Corrections,direct
WORK.ORDERLINEENRICHED,staging-work,WORK.ORDERLINEENRICHED,staging-work,FACT_Apply_Corrections,direct
WORK.ORDERLINEENRICHED,staging-work,WORK.ORDERLINEENRICHED,staging-work,FACT_Load_OrderFulfilment,direct
WORK.ORDERLINEENRICHED,staging-work,WORK.ORDERLINEENRICHED,staging-work,FACT_Load_Shipment,direct
WORK.ORDERLINEENRICHED,staging-work,WORK.PAYMENTMATCHED,staging-work,FACT_Apply_Corrections,direct
WORK.ORDERLINEENRICHED,staging-work,WORK.SALELINEENRICHED,staging-work,FACT_Apply_Corrections,direct
WORK.PARTNERFEEDROW,staging-work,WORK.PARTNERFEEDARCHIVE,staging-work,SLS_Export_PartnerFeed,direct
WORK.PARTNERFEEDROW,staging-work,WORK.PARTNERFEEDROW,staging-work,SLS_Export_PartnerFeed,direct
WORK.PAYMENTMATCHED,staging-work,FACT.ORDER,dw-fact,FACT_Apply_Corrections,direct
WORK.PAYMENTMATCHED,staging-work,FACT.PAYMENT,dw-fact,FACT_Apply_Corrections,direct
WORK.PAYMENTMATCHED,staging-work,FACT.SALE,dw-fact,FACT_Apply_Corrections,direct
WORK.PAYMENTMATCHED,staging-work,STG.PAYMENT,staging-stg,STG_Work_PaymentMatch,proc:WORK.USP_MATCHPAYMENTSTOINVOICES
WORK.PAYMENTMATCHED,staging-work,WORK.FACTREKEYQUEUE,staging-work,FACT_Apply_Corrections,direct
WORK.PAYMENTMATCHED,staging-work,WORK.ORDERLINEENRICHED,staging-work,FACT_Apply_Corrections,direct
WORK.PAYMENTMATCHED,staging-work,WORK.PAYMENTMATCHED,staging-work,FACT_Apply_Corrections,direct
WORK.PAYMENTMATCHED,staging-work,WORK.PAYMENTMATCHED,staging-work,STG_Work_PaymentMatch,proc:WORK.USP_MATCHPAYMENTSTOINVOICES
WORK.PAYMENTMATCHED,staging-work,WORK.SALELINEENRICHED,staging-work,FACT_Apply_Corrections,direct
WORK.PRODUCTCROSSWALK,staging-work,STG.PURCHASEORDER,staging-stg,STG_Load_PurchaseOrder,direct
WORK.PRODUCTCROSSWALK,staging-work,STG.PURCHASEORDERLINE,staging-stg,STG_Load_PurchaseOrder,direct
WORK.PRODUCTCROSSWALK,staging-work,WORK.PRODUCTCROSSWALK,staging-work,STG_Load_PurchaseOrder,proc:WORK.USP_BUILDPRODUCTCROSSWALK
WORK.PRODUCTCROSSWALK,staging-work,WORK.PRODUCTCROSSWALK,staging-work,STG_Work_ProductCrosswalk,proc:WORK.USP_BUILDPRODUCTCROSSWALK
WORK.PROMOTIONSPILL,staging-work,AGGREGATE.PROMOTION EFFECTIVENESS,dw-aggregate,SLS_Load_PromotionRedemption,direct
WORK.PROMOTIONSPILL,staging-work,WORK.PROMOTIONREDEMPTION,staging-work,SLS_Load_PromotionRedemption,direct
WORK.PROMOTIONSPILL,staging-work,WORK.PROMOTIONSPILL,staging-work,SLS_Load_PromotionRedemption,direct
WORK.PURCHASELINEENRICHED,staging-work,FACT.PURCHASE RECEIPT,dw-fact,FACT_Load_PurchaseReceipt,direct
WORK.PURCHASELINEENRICHED,staging-work,WORK.PURCHASELINEENRICHED,staging-work,FACT_Load_PurchaseReceipt,direct
WORK.PURCHASESPENDLINE,staging-work,WORK.PURCHASESPENDLINE,staging-work,PRC_Load_PurchaseSpend,direct
WORK.QUOTAATTAINMENT,staging-work,AGGREGATE.REGIONAL SALES PERFORMANCE,dw-aggregate,SLS_Load_QuotaAttainment,direct
WORK.QUOTAATTAINMENT,staging-work,WORK.QUOTAATTAINMENT,staging-work,SLS_Load_QuotaAttainment,direct
WORK.RECEIPTGRNI,staging-work,FACT.PURCHASE RECEIPT,dw-fact,PRC_Load_ReceiptMatching,direct
WORK.RECEIPTGRNI,staging-work,WORK.RECEIPTGRNI,staging-work,PRC_Load_ReceiptMatching,direct
WORK.RECEIPTGRNI,staging-work,WORK.RECEIPTMATCH,staging-work,PRC_Load_ReceiptMatching,direct
WORK.RECEIPTGRNI,staging-work,WORK.RECEIPTMATCHEXCEPTION,staging-work,PRC_Load_ReceiptMatching,direct
WORK.RECEIPTMATCHEXCEPTION,staging-work,FACT.PURCHASE RECEIPT,dw-fact,PRC_Load_ReceiptMatching,direct
WORK.RECEIPTMATCHEXCEPTION,staging-work,WORK.RECEIPTGRNI,staging-work,PRC_Load_ReceiptMatching,direct
WORK.RECEIPTMATCHEXCEPTION,staging-work,WORK.RECEIPTMATCH,staging-work,PRC_Load_ReceiptMatching,direct
WORK.RECEIPTMATCHEXCEPTION,staging-work,WORK.RECEIPTMATCHEXCEPTION,staging-work,PRC_Load_ReceiptMatching,direct
WORK.REJECTESCALATION,staging-work,WORK.REJECTESCALATION,staging-work,ERR_Route_RejectedRows,direct
WORK.REJECTESCALATION,staging-work,WORK.REJECTROUTINGHISTORY,staging-work,ERR_Route_RejectedRows,direct
WORK.REJECTESCALATION,staging-work,WORK.REJECTROUTINGSET,staging-work,ERR_Route_RejectedRows,direct
WORK.REJECTROUTINGHISTORY,staging-work,WORK.REJECTESCALATION,staging-work,ERR_Route_RejectedRows,direct
WORK.REJECTROUTINGHISTORY,staging-work,WORK.REJECTROUTINGHISTORY,staging-work,ERR_Route_RejectedRows,direct
WORK.REJECTROUTINGHISTORY,staging-work,WORK.REJECTROUTINGSET,staging-work,ERR_Route_RejectedRows,direct
WORK.REJECTROUTINGSET,staging-work,WORK.REJECTESCALATION,staging-work,ERR_Route_RejectedRows,direct
WORK.REJECTROUTINGSET,staging-work,WORK.REJECTROUTINGHISTORY,staging-work,ERR_Route_RejectedRows,direct
WORK.REJECTROUTINGSET,staging-work,WORK.REJECTROUTINGSET,staging-work,ERR_Route_RejectedRows,direct
WORK.REPLENISHMENTSUGGESTION,staging-work,AGGREGATE.DAILY INVENTORY HEALTH,dw-aggregate,INV_Load_Replenishment,direct
WORK.REPLENISHMENTSUGGESTION,staging-work,WORK.REPLENISHMENTSUGGESTION,staging-work,INV_Load_Replenishment,direct
WORK.ROWCOUNTFAILURE,staging-work,WORK.ROWCOUNTFAILURE,staging-work,ERR_Reconcile_RowCounts,direct
WORK.ROWCOUNTFAILURE,staging-work,WORK.ROWCOUNTRECONCILIATION,staging-work,ERR_Reconcile_RowCounts,direct
WORK.ROWCOUNTRECONCILIATION,staging-work,WORK.ROWCOUNTFAILURE,staging-work,ERR_Reconcile_RowCounts,direct
WORK.ROWCOUNTRECONCILIATION,staging-work,WORK.ROWCOUNTRECONCILIATION,staging-work,ERR_Reconcile_RowCounts,direct
WORK.SALELINEENRICHED,staging-work,FACT.ORDER,dw-fact,FACT_Apply_Corrections,direct
WORK.SALELINEENRICHED,staging-work,FACT.PAYMENT,dw-fact,FACT_Apply_Corrections,direct
WORK.SALELINEENRICHED,staging-work,FACT.SALE,dw-fact,FACT_Apply_Corrections,direct
WORK.SALELINEENRICHED,staging-work,WORK.FACTREKEYQUEUE,staging-work,FACT_Apply_Corrections,direct
WORK.SALELINEENRICHED,staging-work,WORK.ORDERLINEENRICHED,staging-work,FACT_Apply_Corrections,direct
WORK.SALELINEENRICHED,staging-work,WORK.PAYMENTMATCHED,staging-work,FACT_Apply_Corrections,direct
WORK.SALELINEENRICHED,staging-work,WORK.SALELINEENRICHED,staging-work,FACT_Apply_Corrections,direct
WORK.STAGINGPURGEPLAN,staging-work,WORK.STAGINGPURGEPLAN,staging-work,MNT_Purge_StagingHistory,direct
WORK.STATISTICSREFRESHPLAN,staging-work,WORK.STATISTICSREFRESHPLAN,staging-work,MNT_Update_Statistics,direct
WORK.STOCKITEMDEMAND,staging-work,AGGREGATE.DAILY INVENTORY HEALTH,dw-aggregate,INV_Load_Replenishment,direct
WORK.STOCKITEMDEMAND,staging-work,WORK.REPLENISHMENTSUGGESTION,staging-work,INV_Load_Replenishment,direct
WORK.STOCKTRANSFERMOVEMENT,staging-work,WORK.STOCKTRANSFERMOVEMENT,staging-work,INV_Load_StockTransfer,direct
WORK.STOCKTRANSFERMOVEMENT,staging-work,WORK.STOCKTRANSFERRECEIPTONLY,staging-work,INV_Load_StockTransfer,direct
WORK.SUPPLIERSCORECARD,staging-work,AGGREGATE.SUPPLIER PERFORMANCE,dw-aggregate,PRC_Load_SupplierScorecard,direct
WORK.SUPPLIERSCORECARD,staging-work,WORK.SUPPLIERSCORECARD,staging-work,PRC_Load_SupplierScorecard,direct
WORK.SUPPLIERSTATEMENTLINE,staging-work,WORK.SUPPLIERSTATEMENTARCHIVE,staging-work,PRC_Export_SupplierStatement,direct
WORK.SUPPLIERSTATEMENTLINE,staging-work,WORK.SUPPLIERSTATEMENTLINE,staging-work,PRC_Export_SupplierStatement,direct
WORK.VOLUMEGROWTHPROJECTION,staging-work,WORK.VOLUMEGROWTHPROJECTION,staging-work,MNT_Check_DiskSpace,direct
WORK.VOLUMEGROWTHPROJECTION,staging-work,WORK.VOLUMESHORTFALL,staging-work,MNT_Check_DiskSpace,direct
WORK.VOLUMEGROWTHPROJECTION,staging-work,WORK.VOLUMESPACECHECK,staging-work,MNT_Check_DiskSpace,direct
WORK.VOLUMESHORTFALL,staging-work,WORK.VOLUMEGROWTHPROJECTION,staging-work,MNT_Check_DiskSpace,direct
WORK.VOLUMESHORTFALL,staging-work,WORK.VOLUMESHORTFALL,staging-work,MNT_Check_DiskSpace,direct
WORK.VOLUMESHORTFALL,staging-work,WORK.VOLUMESPACECHECK,staging-work,MNT_Check_DiskSpace,direct
WORK.VOLUMESPACECHECK,staging-work,WORK.VOLUMEGROWTHPROJECTION,staging-work,MNT_Check_DiskSpace,direct
WORK.VOLUMESPACECHECK,staging-work,WORK.VOLUMESHORTFALL,staging-work,MNT_Check_DiskSpace,direct
WORK.VOLUMESPACECHECK,staging-work,WORK.VOLUMESPACECHECK,staging-work,MNT_Check_DiskSpace,direct
WORK.WITHHOLDINGTAXLINE,staging-work,WORK.WITHHOLDINGCERTIFICATEQUEUE,staging-work,FIN_Load_WithholdingTax,direct
WORK.WITHHOLDINGTAXLINE,staging-work,WORK.WITHHOLDINGTAXLINE,staging-work,FIN_Load_WithholdingTax,direct
WWI_AUDIT.CHANGE_LOG,oracle,RAW.ORACLECUSTOMERMASTER,staging-raw,EXT_ORA_CustomerMaster,direct
WWI_AUDIT.CHANGE_LOG,oracle,RAW.ORACLEPRODUCTMASTER,staging-raw,EXT_ORA_ProductMaster,direct
WWI_FIN.AP_INVOICE_HDR,oracle,RAW.ORACLEAPINVOICELINE,staging-raw,EXT_ORA_ApInvoiceLine,direct
WWI_FIN.AP_INVOICE_HDR,oracle,RAW.ORACLEAPPAYMENT,staging-raw,EXT_ORA_ApPaymentApply,direct
WWI_FIN.AP_INVOICE_HOLD,oracle,RAW.ORACLEAPINVOICEHDR,staging-raw,EXT_ORA_ApInvoiceHdr,direct
WWI_FIN.AP_INVOICE_LINE,oracle,RAW.ORACLEAPINVOICELINE,staging-raw,EXT_ORA_ApInvoiceLine,direct
WWI_FIN.AP_PAYMENT,oracle,RAW.ORACLEAPPAYMENT,staging-raw,EXT_ORA_ApPaymentApply,direct
WWI_FIN.AP_PAYMENT_APPLY,oracle,RAW.ORACLEAPPAYMENT,staging-raw,EXT_ORA_ApPaymentApply,direct
WWI_FIN.COST_ALLOCATION_RULE,oracle,RAW.ORACLECOSTCENTER,staging-raw,EXT_ORA_CostCenter,direct
WWI_FIN.GL_JOURNAL_HDR,oracle,RAW.ORACLEGLJOURNALLINE,staging-raw,EXT_ORA_GlJournalLine,direct
WWI_FIN.GL_JOURNAL_LINE,oracle,RAW.ORACLEGLJOURNALLINE,staging-raw,EXT_ORA_GlJournalLine,direct
WWI_FIN.GL_PERIOD_STATUS,oracle,RAW.ORACLEGLJOURNALLINE,staging-raw,EXT_ORA_GlJournalLine,direct
WWI_FIN.TAX_JURISDICTION,oracle,RAW.ORACLETAXRATE,staging-raw,EXT_ORA_TaxRate,direct
WWI_FIN.TAX_RATE,oracle,RAW.ORACLETAXRATE,staging-raw,EXT_ORA_TaxRate,direct
WWI_FIN.V_AP_AGING_CURRENT,oracle,RAW.ORACLEAPINVOICEHDR,staging-raw,EXT_ORA_ApAging,direct
WWI_FIN.V_AP_INVOICE_EXTRACT,oracle,RAW.ORACLEAPINVOICEHDR,staging-raw,EXT_ORA_ApInvoiceHdr,direct
WWI_FIN.V_AP_PAYMENT_EXTRACT,oracle,RAW.ORACLEAPPAYMENT,staging-raw,EXT_ORA_ApPayment,direct
WWI_FIN.V_COST_CENTER_HIERARCHY,oracle,RAW.ORACLECOSTCENTER,staging-raw,EXT_ORA_CostCenter,direct
WWI_FIN.V_PAYMENT_TERMS_EXTRACT,oracle,RAW.ORACLEPAYMENTTERMS,staging-raw,EXT_ORA_PaymentTerms,direct
WWI_FIN.WITHHOLDING_RULE,oracle,RAW.ORACLEAPPAYMENT,staging-raw,EXT_ORA_ApPaymentApply,direct
WWI_MDM.CUST_CLASSIFICATION,oracle,RAW.ORACLECUSTOMERMASTER,staging-raw,EXT_ORA_CustomerMaster,direct
WWI_MDM.CUST_CREDIT_PROFILE,oracle,RAW.ORACLECUSTOMERMASTER,staging-raw,EXT_ORA_CustomerMaster,direct
WWI_MDM.CUST_MASTER,oracle,RAW.ORACLECUSTOMERMASTER,staging-raw,EXT_ORA_CustomerMaster,direct
WWI_MDM.PRODUCT_CATEGORY,oracle,RAW.ORACLEPRODUCTMASTER,staging-raw,EXT_ORA_ProductMaster,direct
WWI_MDM.PRODUCT_HIERARCHY,oracle,RAW.ORACLEPRODUCTMASTER,staging-raw,EXT_ORA_ProductHierarchy,direct
WWI_MDM.PRODUCT_MASTER,oracle,RAW.ORACLEPRODUCTMASTER,staging-raw,EXT_ORA_ProductMaster,direct
WWI_MDM.PRODUCT_UOM_CONV,oracle,RAW.ORACLEPRODUCTMASTER,staging-raw,EXT_ORA_ProductMaster,direct
WWI_MDM.SUPP_CERTIFICATION,oracle,RAW.ORACLESUPPLIERMASTER,staging-raw,EXT_ORA_SupplierMaster,direct
WWI_MDM.SUPP_MASTER,oracle,RAW.ORACLESUPPLIERMASTER,staging-raw,EXT_ORA_SupplierMaster,direct
WWI_MDM.V_CUSTOMER_ADDRESS_CURRENT,oracle,RAW.ORACLECUSTOMERADDRESS,staging-raw,EXT_ORA_CustomerAddress,direct
WWI_MDM.V_SUPPLIER_BANK_MASKED,oracle,RAW.ORACLESUPPLIERMASTER,staging-raw,EXT_ORA_SupplierMaster,direct
WWI_PROC.PO_RECEIPT_HDR,oracle,RAW.ORACLERECEIPTLINE,staging-raw,EXT_ORA_ReceiptLine,direct
WWI_PROC.PO_RECEIPT_LINE,oracle,RAW.ORACLERECEIPTLINE,staging-raw,EXT_ORA_ReceiptLine,direct
WWI_PROC.PURCHASE_ORDER_HDR,oracle,RAW.ORACLERECEIPTLINE,staging-raw,EXT_ORA_ReceiptLine,direct
WWI_PROC.PURCHASE_ORDER_LINE,oracle,RAW.ORACLEPURCHASEORDERLINE,staging-raw,EXT_ORA_PurchaseOrderLine,direct
WWI_PROC.PURCHASE_ORDER_LINE,oracle,RAW.ORACLERECEIPTLINE,staging-raw,EXT_ORA_ReceiptLine,direct
WWI_PROC.VENDOR_CONTRACT,oracle,RAW.ORACLEVENDORCONTRACT,staging-raw,EXT_ORA_VendorContract,direct
WWI_PROC.VENDOR_CONTRACT_LINE,oracle,RAW.ORACLEVENDORCONTRACT,staging-raw,EXT_ORA_VendorContract,direct
WWI_PROC.V_PO_LINE_EXTRACT,oracle,RAW.ORACLEPURCHASEORDERLINE,staging-raw,EXT_ORA_PurchaseOrderLine,direct
WWI_PROC.V_PURCHASE_ORDER_EXTRACT,oracle,RAW.ORACLEPURCHASEORDERHDR,staging-raw,EXT_ORA_PurchaseOrderHdr,direct
WWI_REF.CODE_TRANSLATION,oracle,RAW.ORACLECUSTOMERMASTER,staging-raw,EXT_ORA_CodeTranslation,direct
WWI_REF.FX_RATE_DAILY,oracle,RAW.ORACLEAPPAYMENT,staging-raw,EXT_ORA_ApPayment,direct
WWI_REF.FX_RATE_DAILY,oracle,RAW.ORACLEFXRATE,staging-raw,EXT_ORA_FxRateDaily,direct
WWI_REF.V_CURRENCY_EXTRACT,oracle,RAW.ORACLECURRENCY,staging-raw,EXT_ORA_Currency,direct
WWI_REF.V_GEOGRAPHY_EXTRACT,oracle,RAW.ORACLEGEOGRAPHY,staging-raw,EXT_ORA_Geography,direct
